word,version_with_order,sense_uid_prime,sentence_prime,heading_uri_prime,heading_label_prime,sense_uid_target,sentence_target,heading_uri_target,heading_label_target,same_heading,hier_distance,same_nbhd,distance_bert_lcsh,distance_elmo_lcsh,distance_bert,distance_elmo,rt,correct_response,log_rt,prior_rt,ambiguity_type,Class,same,subject,trial_index,item
orange,M1_b_M2_b,orange_M1,It was a ripe orange.,http://id.loc.gov/authorities/subjects/sh85095257,Oranges,orange_M2,It was a reddish orange.,http://id.loc.gov/authorities/subjects/sh85095261,Orange (Color),False,inf,0,0.36682963371276855,,0.226773024,0.090670049,1440,False,7.272398393,7.494894462,Polysemy,N,False,u6tgegpyj0,151,28
orange,M2_b_M1_a,orange_M2,It was a reddish orange.,http://id.loc.gov/authorities/subjects/sh85095261,Orange (Color),orange_M1,It was a juicy orange.,http://id.loc.gov/authorities/subjects/sh85095257,Oranges,False,inf,0,0.36682963371276855,,0.273911238,0.052660882,1564,True,7.355001921,7.039160345,Polysemy,N,False,1vz3fdcvtw,119,28
orange,M2_b_M1_b,orange_M2,It was a reddish orange.,http://id.loc.gov/authorities/subjects/sh85095261,Orange (Color),orange_M1,It was a ripe orange.,http://id.loc.gov/authorities/subjects/sh85095257,Oranges,False,inf,0,0.36682963371276855,,0.226773024,0.090670049,1617,True,7.38832786,7.102598757,Polysemy,N,False,mwacu22792,117,28
orange,M2_b_M2_a,orange_M2,It was a reddish orange.,http://id.loc.gov/authorities/subjects/sh85095261,Orange (Color),orange_M2,It was a bright orange.,http://id.loc.gov/authorities/subjects/sh85095261,Orange (Color),True,0.0,1,0.03461951017379761,,0.122556508,0.056215107,1127,True,7.027314514,7.391342004,Polysemy,N,True,v75fv9pagb,203,28
orange,M2_a_M2_b,orange_M2,It was a bright orange.,http://id.loc.gov/authorities/subjects/sh85095261,Orange (Color),orange_M2,It was a reddish orange.,http://id.loc.gov/authorities/subjects/sh85095261,Orange (Color),True,0.0,1,0.03461951017379761,,0.122556508,0.056215107,1321,True,7.186144305,7.494894462,Polysemy,N,True,9fkbaxk3zu,145,28
orange,M1_b_M1_a,orange_M1,It was a ripe orange.,http://id.loc.gov/authorities/subjects/sh85095257,Oranges,orange_M1,It was a juicy orange.,http://id.loc.gov/authorities/subjects/sh85095257,Oranges,True,0.0,1,0.025021672248840332,,0.083839953,0.051941872,577,True,6.357842267,7.039160345,Polysemy,N,True,np8fheoehh,93,28
orange,M2_a_M1_b,orange_M2,It was a bright orange.,http://id.loc.gov/authorities/subjects/sh85095261,Orange (Color),orange_M1,It was a ripe orange.,http://id.loc.gov/authorities/subjects/sh85095257,Oranges,False,inf,0,0.36682963371276855,,0.236619532,0.085292876,1437,True,7.270312886,7.102598757,Polysemy,N,False,xyokc18f4l,187,28
orange,M2_b_M1_b,orange_M2,It was a reddish orange.,http://id.loc.gov/authorities/subjects/sh85095261,Orange (Color),orange_M1,It was a ripe orange.,http://id.loc.gov/authorities/subjects/sh85095257,Oranges,False,inf,0,0.36682963371276855,,0.226773024,0.090670049,1252,True,7.132497552,7.102598757,Polysemy,N,False,nkwr4ou2vr,191,28
orange,M1_a_M2_b,orange_M1,It was a juicy orange.,http://id.loc.gov/authorities/subjects/sh85095257,Oranges,orange_M2,It was a reddish orange.,http://id.loc.gov/authorities/subjects/sh85095261,Orange (Color),False,inf,0,0.36682963371276855,,0.273911238,0.052660882,1334,True,7.195937226,7.494894462,Polysemy,N,False,ael4gl3t9n,221,28
orange,M2_b_M1_a,orange_M2,It was a reddish orange.,http://id.loc.gov/authorities/subjects/sh85095261,Orange (Color),orange_M1,It was a juicy orange.,http://id.loc.gov/authorities/subjects/sh85095257,Oranges,False,inf,0,0.36682963371276855,,0.273911238,0.052660882,1923,False,7.561641746,7.039160345,Polysemy,N,False,gl71hqusr0,227,28
orange,M1_b_M2_a,orange_M1,It was a ripe orange.,http://id.loc.gov/authorities/subjects/sh85095257,Oranges,orange_M2,It was a bright orange.,http://id.loc.gov/authorities/subjects/sh85095261,Orange (Color),False,inf,0,0.36682963371276855,,0.236619532,0.085292876,796,True,6.679599186,7.391342004,Polysemy,N,False,b3kl0cgv2r,149,28
orange,M2_b_M1_a,orange_M2,It was a reddish orange.,http://id.loc.gov/authorities/subjects/sh85095261,Orange (Color),orange_M1,It was a juicy orange.,http://id.loc.gov/authorities/subjects/sh85095257,Oranges,False,inf,0,0.36682963371276855,,0.273911238,0.052660882,1318,True,7.183870715,7.039160345,Polysemy,N,False,sn1yu7vsxd,45,28
orange,M2_b_M1_a,orange_M2,It was a reddish orange.,http://id.loc.gov/authorities/subjects/sh85095261,Orange (Color),orange_M1,It was a juicy orange.,http://id.loc.gov/authorities/subjects/sh85095257,Oranges,False,inf,0,0.36682963371276855,,0.273911238,0.052660882,991,True,6.898714534,7.039160345,Polysemy,N,False,xqssc38w0c,233,28
orange,M2_b_M1_a,orange_M2,It was a reddish orange.,http://id.loc.gov/authorities/subjects/sh85095261,Orange (Color),orange_M1,It was a juicy orange.,http://id.loc.gov/authorities/subjects/sh85095257,Oranges,False,inf,0,0.36682963371276855,,0.273911238,0.052660882,1116,True,7.017506143,7.039160345,Polysemy,N,False,4c5xx9azr7,165,28
orange,M2_a_M1_b,orange_M2,It was a bright orange.,http://id.loc.gov/authorities/subjects/sh85095261,Orange (Color),orange_M1,It was a ripe orange.,http://id.loc.gov/authorities/subjects/sh85095257,Oranges,False,inf,0,0.36682963371276855,,0.236619532,0.085292876,756,True,6.628041376,7.102598757,Polysemy,N,False,dbd0l1933k,157,28
orange,M1_a_M2_b,orange_M1,It was a juicy orange.,http://id.loc.gov/authorities/subjects/sh85095257,Oranges,orange_M2,It was a reddish orange.,http://id.loc.gov/authorities/subjects/sh85095261,Orange (Color),False,inf,0,0.36682963371276855,,0.273911238,0.052660882,1948,True,7.574558484,7.494894462,Polysemy,N,False,spkx08cwjj,179,28
orange,M2_b_M1_a,orange_M2,It was a reddish orange.,http://id.loc.gov/authorities/subjects/sh85095261,Orange (Color),orange_M1,It was a juicy orange.,http://id.loc.gov/authorities/subjects/sh85095257,Oranges,False,inf,0,0.36682963371276855,,0.273911238,0.052660882,1248,True,7.129297549,7.039160345,Polysemy,N,False,epkefl89q5,159,28
orange,M2_a_M2_b,orange_M2,It was a bright orange.,http://id.loc.gov/authorities/subjects/sh85095261,Orange (Color),orange_M2,It was a reddish orange.,http://id.loc.gov/authorities/subjects/sh85095261,Orange (Color),True,0.0,1,0.03461951017379761,,0.122556508,0.056215107,1138,True,7.037027615,7.494894462,Polysemy,N,True,36hk5eeq3x,73,28
orange,M1_a_M2_b,orange_M1,It was a juicy orange.,http://id.loc.gov/authorities/subjects/sh85095257,Oranges,orange_M2,It was a reddish orange.,http://id.loc.gov/authorities/subjects/sh85095261,Orange (Color),False,inf,0,0.36682963371276855,,0.273911238,0.052660882,892,True,6.793466133,7.494894462,Polysemy,N,False,flr5bk7hm2,191,28
orange,M1_b_M2_a,orange_M1,It was a ripe orange.,http://id.loc.gov/authorities/subjects/sh85095257,Oranges,orange_M2,It was a bright orange.,http://id.loc.gov/authorities/subjects/sh85095261,Orange (Color),False,inf,0,0.36682963371276855,,0.236619532,0.085292876,1271,True,7.147559271,7.391342004,Polysemy,N,False,kha24hryvm,51,28
orange,M1_b_M1_a,orange_M1,It was a ripe orange.,http://id.loc.gov/authorities/subjects/sh85095257,Oranges,orange_M1,It was a juicy orange.,http://id.loc.gov/authorities/subjects/sh85095257,Oranges,True,0.0,1,0.025021672248840332,,0.083839953,0.051941872,692,True,6.539585956,7.039160345,Polysemy,N,True,nrxcy3jh2z,109,28
orange,M1_a_M2_a,orange_M1,It was a juicy orange.,http://id.loc.gov/authorities/subjects/sh85095257,Oranges,orange_M2,It was a bright orange.,http://id.loc.gov/authorities/subjects/sh85095261,Orange (Color),False,inf,0,0.36682963371276855,,0.307211459,0.065273941,1108,True,7.010311867,7.391342004,Polysemy,N,False,wdgq8cekjp,145,28
orange,M2_b_M1_b,orange_M2,It was a reddish orange.,http://id.loc.gov/authorities/subjects/sh85095261,Orange (Color),orange_M1,It was a ripe orange.,http://id.loc.gov/authorities/subjects/sh85095257,Oranges,False,inf,0,0.36682963371276855,,0.226773024,0.090670049,1858,True,7.527255919,7.102598757,Polysemy,N,False,3lr2j29be7,29,28
orange,M1_b_M2_b,orange_M1,It was a ripe orange.,http://id.loc.gov/authorities/subjects/sh85095257,Oranges,orange_M2,It was a reddish orange.,http://id.loc.gov/authorities/subjects/sh85095261,Orange (Color),False,inf,0,0.36682963371276855,,0.226773024,0.090670049,701,True,6.552507887,7.494894462,Polysemy,N,False,5zu5xn1fq8,143,28
orange,M2_a_M1_a,orange_M2,It was a bright orange.,http://id.loc.gov/authorities/subjects/sh85095261,Orange (Color),orange_M1,It was a juicy orange.,http://id.loc.gov/authorities/subjects/sh85095257,Oranges,False,inf,0,0.36682963371276855,,0.307211459,0.065273941,1370,True,7.222566019,7.039160345,Polysemy,N,False,961ytz4h4r,249,28
orange,M1_a_M2_b,orange_M1,It was a juicy orange.,http://id.loc.gov/authorities/subjects/sh85095257,Oranges,orange_M2,It was a reddish orange.,http://id.loc.gov/authorities/subjects/sh85095261,Orange (Color),False,inf,0,0.36682963371276855,,0.273911238,0.052660882,1993,True,7.59739632,7.494894462,Polysemy,N,False,evdgzy3cvj,53,28
orange,M1_a_M2_a,orange_M1,It was a juicy orange.,http://id.loc.gov/authorities/subjects/sh85095257,Oranges,orange_M2,It was a bright orange.,http://id.loc.gov/authorities/subjects/sh85095261,Orange (Color),False,inf,0,0.36682963371276855,,0.307211459,0.065273941,1883,True,7.540621529,7.391342004,Polysemy,N,False,koccaak1qr,233,28
orange,M2_a_M2_b,orange_M2,It was a bright orange.,http://id.loc.gov/authorities/subjects/sh85095261,Orange (Color),orange_M2,It was a reddish orange.,http://id.loc.gov/authorities/subjects/sh85095261,Orange (Color),True,0.0,1,0.03461951017379761,,0.122556508,0.056215107,1331,False,7.193685818,7.494894462,Polysemy,N,True,nuoxoyemfp,131,28
orange,M1_a_M2_b,orange_M1,It was a juicy orange.,http://id.loc.gov/authorities/subjects/sh85095257,Oranges,orange_M2,It was a reddish orange.,http://id.loc.gov/authorities/subjects/sh85095261,Orange (Color),False,inf,0,0.36682963371276855,,0.273911238,0.052660882,1199,True,7.089243155,7.494894462,Polysemy,N,False,69bk8m4fc2,139,28
orange,M1_b_M2_b,orange_M1,It was a ripe orange.,http://id.loc.gov/authorities/subjects/sh85095257,Oranges,orange_M2,It was a reddish orange.,http://id.loc.gov/authorities/subjects/sh85095261,Orange (Color),False,inf,0,0.36682963371276855,,0.226773024,0.090670049,1126,True,7.026426809,7.494894462,Polysemy,N,False,j9vhr9vzec,249,28
orange,M1_b_M2_b,orange_M1,It was a ripe orange.,http://id.loc.gov/authorities/subjects/sh85095257,Oranges,orange_M2,It was a reddish orange.,http://id.loc.gov/authorities/subjects/sh85095261,Orange (Color),False,inf,0,0.36682963371276855,,0.226773024,0.090670049,1263,False,7.141245122,7.494894462,Polysemy,N,False,kfp2rkd57s,229,28
orange,M2_b_M1_a,orange_M2,It was a reddish orange.,http://id.loc.gov/authorities/subjects/sh85095261,Orange (Color),orange_M1,It was a juicy orange.,http://id.loc.gov/authorities/subjects/sh85095257,Oranges,False,inf,0,0.36682963371276855,,0.273911238,0.052660882,3326,True,8.10952566,7.039160345,Polysemy,N,False,y4puhchaf9,165,28
orange,M1_a_M1_b,orange_M1,It was a juicy orange.,http://id.loc.gov/authorities/subjects/sh85095257,Oranges,orange_M1,It was a ripe orange.,http://id.loc.gov/authorities/subjects/sh85095257,Oranges,True,0.0,1,0.025021672248840332,,0.083839953,0.051941872,842,True,6.735780014,7.102598757,Polysemy,N,True,1lzneddpkq,85,28
orange,M1_b_M1_a,orange_M1,It was a ripe orange.,http://id.loc.gov/authorities/subjects/sh85095257,Oranges,orange_M1,It was a juicy orange.,http://id.loc.gov/authorities/subjects/sh85095257,Oranges,True,0.0,1,0.025021672248840332,,0.083839953,0.051941872,553,True,6.315358002,7.039160345,Polysemy,N,True,92yp2w9v56,99,28
orange,M2_a_M2_b,orange_M2,It was a bright orange.,http://id.loc.gov/authorities/subjects/sh85095261,Orange (Color),orange_M2,It was a reddish orange.,http://id.loc.gov/authorities/subjects/sh85095261,Orange (Color),True,0.0,1,0.03461951017379761,,0.122556508,0.056215107,940,True,6.845879875,7.494894462,Polysemy,N,True,gdwec44k4r,193,28
orange,M1_a_M2_b,orange_M1,It was a juicy orange.,http://id.loc.gov/authorities/subjects/sh85095257,Oranges,orange_M2,It was a reddish orange.,http://id.loc.gov/authorities/subjects/sh85095261,Orange (Color),False,inf,0,0.36682963371276855,,0.273911238,0.052660882,630,False,6.445719819,7.494894462,Polysemy,N,False,w7t2pcpr1z,91,28
orange,M1_a_M2_a,orange_M1,It was a juicy orange.,http://id.loc.gov/authorities/subjects/sh85095257,Oranges,orange_M2,It was a bright orange.,http://id.loc.gov/authorities/subjects/sh85095261,Orange (Color),False,inf,0,0.36682963371276855,,0.307211459,0.065273941,1142,True,7.04053639,7.391342004,Polysemy,N,False,emcqel00x3,81,28
orange,M1_b_M1_a,orange_M1,It was a ripe orange.,http://id.loc.gov/authorities/subjects/sh85095257,Oranges,orange_M1,It was a juicy orange.,http://id.loc.gov/authorities/subjects/sh85095257,Oranges,True,0.0,1,0.025021672248840332,,0.083839953,0.051941872,866,True,6.763884909,7.039160345,Polysemy,N,True,zjgl4twyhs,223,28
orange,M1_b_M2_b,orange_M1,It was a ripe orange.,http://id.loc.gov/authorities/subjects/sh85095257,Oranges,orange_M2,It was a reddish orange.,http://id.loc.gov/authorities/subjects/sh85095261,Orange (Color),False,inf,0,0.36682963371276855,,0.226773024,0.090670049,1599,True,7.377133713,7.494894462,Polysemy,N,False,somzvrxnz4,49,28
orange,M2_a_M1_a,orange_M2,It was a bright orange.,http://id.loc.gov/authorities/subjects/sh85095261,Orange (Color),orange_M1,It was a juicy orange.,http://id.loc.gov/authorities/subjects/sh85095257,Oranges,False,inf,0,0.36682963371276855,,0.307211459,0.065273941,1523,True,7.328437353,7.039160345,Polysemy,N,False,hs560646yd,139,28
orange,M2_b_M1_b,orange_M2,It was a reddish orange.,http://id.loc.gov/authorities/subjects/sh85095261,Orange (Color),orange_M1,It was a ripe orange.,http://id.loc.gov/authorities/subjects/sh85095257,Oranges,False,inf,0,0.36682963371276855,,0.226773024,0.090670049,785,True,6.665683718,7.102598757,Polysemy,N,False,uy86my9o9s,197,28
orange,M1_a_M1_b,orange_M1,It was a juicy orange.,http://id.loc.gov/authorities/subjects/sh85095257,Oranges,orange_M1,It was a ripe orange.,http://id.loc.gov/authorities/subjects/sh85095257,Oranges,True,0.0,1,0.025021672248840332,,0.083839953,0.051941872,758,True,6.630683386,7.102598757,Polysemy,N,True,7hhbw0w7y1,31,28
orange,M1_a_M1_b,orange_M1,It was a juicy orange.,http://id.loc.gov/authorities/subjects/sh85095257,Oranges,orange_M1,It was a ripe orange.,http://id.loc.gov/authorities/subjects/sh85095257,Oranges,True,0.0,1,0.025021672248840332,,0.083839953,0.051941872,738,True,6.603943825,7.102598757,Polysemy,N,True,ygz7kz72u2,235,28
orange,M2_b_M2_a,orange_M2,It was a reddish orange.,http://id.loc.gov/authorities/subjects/sh85095261,Orange (Color),orange_M2,It was a bright orange.,http://id.loc.gov/authorities/subjects/sh85095261,Orange (Color),True,0.0,1,0.03461951017379761,,0.122556508,0.056215107,884,True,6.784457063,7.391342004,Polysemy,N,True,unzj7yx25l,161,28
orange,M1_a_M1_b,orange_M1,It was a juicy orange.,http://id.loc.gov/authorities/subjects/sh85095257,Oranges,orange_M1,It was a ripe orange.,http://id.loc.gov/authorities/subjects/sh85095257,Oranges,True,0.0,1,0.025021672248840332,,0.083839953,0.051941872,962,False,6.869014451,7.102598757,Polysemy,N,True,bcycp1bevl,87,28
orange,M1_a_M2_a,orange_M1,It was a juicy orange.,http://id.loc.gov/authorities/subjects/sh85095257,Oranges,orange_M2,It was a bright orange.,http://id.loc.gov/authorities/subjects/sh85095261,Orange (Color),False,inf,0,0.36682963371276855,,0.307211459,0.065273941,785,True,6.665683718,7.391342004,Polysemy,N,False,gdlhwqulft,203,28
orange,M2_a_M2_b,orange_M2,It was a bright orange.,http://id.loc.gov/authorities/subjects/sh85095261,Orange (Color),orange_M2,It was a reddish orange.,http://id.loc.gov/authorities/subjects/sh85095261,Orange (Color),True,0.0,1,0.03461951017379761,,0.122556508,0.056215107,1786,True,7.487733761,7.494894462,Polysemy,N,True,4q5dxb7nhf,185,28
orange,M2_b_M1_a,orange_M2,It was a reddish orange.,http://id.loc.gov/authorities/subjects/sh85095261,Orange (Color),orange_M1,It was a juicy orange.,http://id.loc.gov/authorities/subjects/sh85095257,Oranges,False,inf,0,0.36682963371276855,,0.273911238,0.052660882,1432,True,7.266827348,7.039160345,Polysemy,N,False,zglqpt5fh7,149,28
orange,M2_a_M2_b,orange_M2,It was a bright orange.,http://id.loc.gov/authorities/subjects/sh85095261,Orange (Color),orange_M2,It was a reddish orange.,http://id.loc.gov/authorities/subjects/sh85095261,Orange (Color),True,0.0,1,0.03461951017379761,,0.122556508,0.056215107,2257,True,7.721791777,7.494894462,Polysemy,N,True,prlu1sa9my,235,28
orange,M1_a_M2_b,orange_M1,It was a juicy orange.,http://id.loc.gov/authorities/subjects/sh85095257,Oranges,orange_M2,It was a reddish orange.,http://id.loc.gov/authorities/subjects/sh85095261,Orange (Color),False,inf,0,0.36682963371276855,,0.273911238,0.052660882,1010,True,6.91770561,7.494894462,Polysemy,N,False,2usccf4uxc,137,28
orange,M2_b_M2_a,orange_M2,It was a reddish orange.,http://id.loc.gov/authorities/subjects/sh85095261,Orange (Color),orange_M2,It was a bright orange.,http://id.loc.gov/authorities/subjects/sh85095261,Orange (Color),True,0.0,1,0.03461951017379761,,0.122556508,0.056215107,699,True,6.549650742,7.391342004,Polysemy,N,True,sndaggja6a,183,28
orange,M2_a_M1_b,orange_M2,It was a bright orange.,http://id.loc.gov/authorities/subjects/sh85095261,Orange (Color),orange_M1,It was a ripe orange.,http://id.loc.gov/authorities/subjects/sh85095257,Oranges,False,inf,0,0.36682963371276855,,0.236619532,0.085292876,832,True,6.723832441,7.102598757,Polysemy,N,False,50rd5uu19e,199,28
orange,M2_b_M1_a,orange_M2,It was a reddish orange.,http://id.loc.gov/authorities/subjects/sh85095261,Orange (Color),orange_M1,It was a juicy orange.,http://id.loc.gov/authorities/subjects/sh85095257,Oranges,False,inf,0,0.36682963371276855,,0.273911238,0.052660882,1419,True,7.257707677,7.039160345,Polysemy,N,False,frqx6vw2d1,241,28
orange,M1_a_M1_b,orange_M1,It was a juicy orange.,http://id.loc.gov/authorities/subjects/sh85095257,Oranges,orange_M1,It was a ripe orange.,http://id.loc.gov/authorities/subjects/sh85095257,Oranges,True,0.0,1,0.025021672248840332,,0.083839953,0.051941872,682,True,6.525029658,7.102598757,Polysemy,N,True,l4avquduxt,157,28
orange,M1_a_M2_a,orange_M1,It was a juicy orange.,http://id.loc.gov/authorities/subjects/sh85095257,Oranges,orange_M2,It was a bright orange.,http://id.loc.gov/authorities/subjects/sh85095261,Orange (Color),False,inf,0,0.36682963371276855,,0.307211459,0.065273941,602,True,6.400257445,7.391342004,Polysemy,N,False,dol693zfl0,247,28
orange,M2_b_M2_a,orange_M2,It was a reddish orange.,http://id.loc.gov/authorities/subjects/sh85095261,Orange (Color),orange_M2,It was a bright orange.,http://id.loc.gov/authorities/subjects/sh85095261,Orange (Color),True,0.0,1,0.03461951017379761,,0.122556508,0.056215107,1351,True,7.208600338,7.391342004,Polysemy,N,True,1wzodbsf7y,181,28
orange,M1_b_M2_a,orange_M1,It was a ripe orange.,http://id.loc.gov/authorities/subjects/sh85095257,Oranges,orange_M2,It was a bright orange.,http://id.loc.gov/authorities/subjects/sh85095261,Orange (Color),False,inf,0,0.36682963371276855,,0.236619532,0.085292876,774,True,6.651571874,7.391342004,Polysemy,N,False,h0th05ppt7,157,28
orange,M2_a_M2_b,orange_M2,It was a bright orange.,http://id.loc.gov/authorities/subjects/sh85095261,Orange (Color),orange_M2,It was a reddish orange.,http://id.loc.gov/authorities/subjects/sh85095261,Orange (Color),True,0.0,1,0.03461951017379761,,0.122556508,0.056215107,1748,True,7.466227556,7.494894462,Polysemy,N,True,bacqef0gje,101,28
orange,M1_a_M2_b,orange_M1,It was a juicy orange.,http://id.loc.gov/authorities/subjects/sh85095257,Oranges,orange_M2,It was a reddish orange.,http://id.loc.gov/authorities/subjects/sh85095261,Orange (Color),False,inf,0,0.36682963371276855,,0.273911238,0.052660882,518,True,6.249975242,7.494894462,Polysemy,N,False,p7h7xsjj50,187,28
orange,M2_a_M2_b,orange_M2,It was a bright orange.,http://id.loc.gov/authorities/subjects/sh85095261,Orange (Color),orange_M2,It was a reddish orange.,http://id.loc.gov/authorities/subjects/sh85095261,Orange (Color),True,0.0,1,0.03461951017379761,,0.122556508,0.056215107,798,True,6.682108597,7.494894462,Polysemy,N,True,g3flm4j14z,175,28
orange,M2_a_M1_b,orange_M2,It was a bright orange.,http://id.loc.gov/authorities/subjects/sh85095261,Orange (Color),orange_M1,It was a ripe orange.,http://id.loc.gov/authorities/subjects/sh85095257,Oranges,False,inf,0,0.36682963371276855,,0.236619532,0.085292876,1097,True,7.00033446,7.102598757,Polysemy,N,False,7poq0nl7yt,113,28
orange,M1_a_M2_a,orange_M1,It was a juicy orange.,http://id.loc.gov/authorities/subjects/sh85095257,Oranges,orange_M2,It was a bright orange.,http://id.loc.gov/authorities/subjects/sh85095261,Orange (Color),False,inf,0,0.36682963371276855,,0.307211459,0.065273941,1119,True,7.020190708,7.391342004,Polysemy,N,False,246unkcyak,211,28
orange,M2_a_M1_b,orange_M2,It was a bright orange.,http://id.loc.gov/authorities/subjects/sh85095261,Orange (Color),orange_M1,It was a ripe orange.,http://id.loc.gov/authorities/subjects/sh85095257,Oranges,False,inf,0,0.36682963371276855,,0.236619532,0.085292876,896,True,6.797940413,7.102598757,Polysemy,N,False,tzstmyxntu,73,28
orange,M2_b_M1_a,orange_M2,It was a reddish orange.,http://id.loc.gov/authorities/subjects/sh85095261,Orange (Color),orange_M1,It was a juicy orange.,http://id.loc.gov/authorities/subjects/sh85095257,Oranges,False,inf,0,0.36682963371276855,,0.273911238,0.052660882,3567,True,8.179480185,7.039160345,Polysemy,N,False,3uxmxe02py,161,28
orange,M2_b_M2_a,orange_M2,It was a reddish orange.,http://id.loc.gov/authorities/subjects/sh85095261,Orange (Color),orange_M2,It was a bright orange.,http://id.loc.gov/authorities/subjects/sh85095261,Orange (Color),True,0.0,1,0.03461951017379761,,0.122556508,0.056215107,908,True,6.811244379,7.391342004,Polysemy,N,True,jwcxuk91x6,209,28
orange,M2_b_M1_a,orange_M2,It was a reddish orange.,http://id.loc.gov/authorities/subjects/sh85095261,Orange (Color),orange_M1,It was a juicy orange.,http://id.loc.gov/authorities/subjects/sh85095257,Oranges,False,inf,0,0.36682963371276855,,0.273911238,0.052660882,1862,False,7.529406458,7.039160345,Polysemy,N,False,y52zt9vjyf,161,28
orange,M2_a_M1_a,orange_M2,It was a bright orange.,http://id.loc.gov/authorities/subjects/sh85095261,Orange (Color),orange_M1,It was a juicy orange.,http://id.loc.gov/authorities/subjects/sh85095257,Oranges,False,inf,0,0.36682963371276855,,0.307211459,0.065273941,1364,True,7.218176838,7.039160345,Polysemy,N,False,va3hb1mkox,245,28
orange,M1_b_M1_a,orange_M1,It was a ripe orange.,http://id.loc.gov/authorities/subjects/sh85095257,Oranges,orange_M1,It was a juicy orange.,http://id.loc.gov/authorities/subjects/sh85095257,Oranges,True,0.0,1,0.025021672248840332,,0.083839953,0.051941872,744,True,6.612041035,7.039160345,Polysemy,N,True,xdomj2pout,95,28
orange,M2_b_M2_a,orange_M2,It was a reddish orange.,http://id.loc.gov/authorities/subjects/sh85095261,Orange (Color),orange_M2,It was a bright orange.,http://id.loc.gov/authorities/subjects/sh85095261,Orange (Color),True,0.0,1,0.03461951017379761,,0.122556508,0.056215107,962,True,6.869014451,7.391342004,Polysemy,N,True,rrded0u35m,147,28
orange,M1_b_M1_a,orange_M1,It was a ripe orange.,http://id.loc.gov/authorities/subjects/sh85095257,Oranges,orange_M1,It was a juicy orange.,http://id.loc.gov/authorities/subjects/sh85095257,Oranges,True,0.0,1,0.025021672248840332,,0.083839953,0.051941872,504,True,6.222576268,7.039160345,Polysemy,N,True,kzt7mhlhq0,181,28
orange,M2_a_M2_b,orange_M2,It was a bright orange.,http://id.loc.gov/authorities/subjects/sh85095261,Orange (Color),orange_M2,It was a reddish orange.,http://id.loc.gov/authorities/subjects/sh85095261,Orange (Color),True,0.0,1,0.03461951017379761,,0.122556508,0.056215107,1798,True,7.494430215,7.494894462,Polysemy,N,True,3mb5qrf7ny,119,28
orange,M1_b_M1_a,orange_M1,It was a ripe orange.,http://id.loc.gov/authorities/subjects/sh85095257,Oranges,orange_M1,It was a juicy orange.,http://id.loc.gov/authorities/subjects/sh85095257,Oranges,True,0.0,1,0.025021672248840332,,0.083839953,0.051941872,777,True,6.65544035,7.039160345,Polysemy,N,True,z2n4w2lvuj,77,28
orange,M1_b_M2_a,orange_M1,It was a ripe orange.,http://id.loc.gov/authorities/subjects/sh85095257,Oranges,orange_M2,It was a bright orange.,http://id.loc.gov/authorities/subjects/sh85095261,Orange (Color),False,inf,0,0.36682963371276855,,0.236619532,0.085292876,1024,True,6.931471806,7.391342004,Polysemy,N,False,rgkj29k85f,47,28
orange,M2_a_M2_b,orange_M2,It was a bright orange.,http://id.loc.gov/authorities/subjects/sh85095261,Orange (Color),orange_M2,It was a reddish orange.,http://id.loc.gov/authorities/subjects/sh85095261,Orange (Color),True,0.0,1,0.03461951017379761,,0.122556508,0.056215107,774,True,6.651571874,7.494894462,Polysemy,N,True,ylr2c47dx9,249,28
orange,M1_b_M2_a,orange_M1,It was a ripe orange.,http://id.loc.gov/authorities/subjects/sh85095257,Oranges,orange_M2,It was a bright orange.,http://id.loc.gov/authorities/subjects/sh85095261,Orange (Color),False,inf,0,0.36682963371276855,,0.236619532,0.085292876,1169,True,7.063903961,7.391342004,Polysemy,N,False,kzat707d4c,31,28
orange,M2_b_M2_a,orange_M2,It was a reddish orange.,http://id.loc.gov/authorities/subjects/sh85095261,Orange (Color),orange_M2,It was a bright orange.,http://id.loc.gov/authorities/subjects/sh85095261,Orange (Color),True,0.0,1,0.03461951017379761,,0.122556508,0.056215107,959,True,6.865891075,7.391342004,Polysemy,N,True,zc0tcyzalc,37,28
orange,M2_b_M1_a,orange_M2,It was a reddish orange.,http://id.loc.gov/authorities/subjects/sh85095261,Orange (Color),orange_M1,It was a juicy orange.,http://id.loc.gov/authorities/subjects/sh85095257,Oranges,False,inf,0,0.36682963371276855,,0.273911238,0.052660882,1757,True,7.471363088,7.039160345,Polysemy,N,False,zsds20jhhb,185,28
orange,M2_a_M1_b,orange_M2,It was a bright orange.,http://id.loc.gov/authorities/subjects/sh85095261,Orange (Color),orange_M1,It was a ripe orange.,http://id.loc.gov/authorities/subjects/sh85095257,Oranges,False,inf,0,0.36682963371276855,,0.236619532,0.085292876,1143,True,7.041411664,7.102598757,Polysemy,N,False,6lbv5uhykm,155,28
orange,M1_b_M2_b,orange_M1,It was a ripe orange.,http://id.loc.gov/authorities/subjects/sh85095257,Oranges,orange_M2,It was a reddish orange.,http://id.loc.gov/authorities/subjects/sh85095261,Orange (Color),False,inf,0,0.36682963371276855,,0.226773024,0.090670049,703,True,6.555356892,7.494894462,Polysemy,N,False,9xyz8zlap8,213,28
orange,M1_b_M1_a,orange_M1,It was a ripe orange.,http://id.loc.gov/authorities/subjects/sh85095257,Oranges,orange_M1,It was a juicy orange.,http://id.loc.gov/authorities/subjects/sh85095257,Oranges,True,0.0,1,0.025021672248840332,,0.083839953,0.051941872,786,True,6.666956792,7.039160345,Polysemy,N,True,r1c2epbxzl,213,28
orange,M1_a_M2_b,orange_M1,It was a juicy orange.,http://id.loc.gov/authorities/subjects/sh85095257,Oranges,orange_M2,It was a reddish orange.,http://id.loc.gov/authorities/subjects/sh85095261,Orange (Color),False,inf,0,0.36682963371276855,,0.273911238,0.052660882,1676,True,7.424165281,7.494894462,Polysemy,N,False,4e6rrg22h5,53,28
orange,M1_a_M2_b,orange_M1,It was a juicy orange.,http://id.loc.gov/authorities/subjects/sh85095257,Oranges,orange_M2,It was a reddish orange.,http://id.loc.gov/authorities/subjects/sh85095261,Orange (Color),False,inf,0,0.36682963371276855,,0.273911238,0.052660882,855,True,6.751101469,7.494894462,Polysemy,N,False,vxyw6621ka,181,28
orange,M1_a_M1_b,orange_M1,It was a juicy orange.,http://id.loc.gov/authorities/subjects/sh85095257,Oranges,orange_M1,It was a ripe orange.,http://id.loc.gov/authorities/subjects/sh85095257,Oranges,True,0.0,1,0.025021672248840332,,0.083839953,0.051941872,1519,True,7.325807503,7.102598757,Polysemy,N,True,kdxs9d2gww,41,28
orange,M2_b_M1_a,orange_M2,It was a reddish orange.,http://id.loc.gov/authorities/subjects/sh85095261,Orange (Color),orange_M1,It was a juicy orange.,http://id.loc.gov/authorities/subjects/sh85095257,Oranges,False,inf,0,0.36682963371276855,,0.273911238,0.052660882,1036,True,6.943122423,7.039160345,Polysemy,N,False,jrnkr73qqa,125,28
orange,M2_b_M2_a,orange_M2,It was a reddish orange.,http://id.loc.gov/authorities/subjects/sh85095261,Orange (Color),orange_M2,It was a bright orange.,http://id.loc.gov/authorities/subjects/sh85095261,Orange (Color),True,0.0,1,0.03461951017379761,,0.122556508,0.056215107,881,True,6.781057626,7.391342004,Polysemy,N,True,rxphbopbuk,109,28
orange,M2_b_M1_a,orange_M2,It was a reddish orange.,http://id.loc.gov/authorities/subjects/sh85095261,Orange (Color),orange_M1,It was a juicy orange.,http://id.loc.gov/authorities/subjects/sh85095257,Oranges,False,inf,0,0.36682963371276855,,0.273911238,0.052660882,1079,True,6.983789965,7.039160345,Polysemy,N,False,lpduruhrnk,89,28
orange,M2_b_M2_a,orange_M2,It was a reddish orange.,http://id.loc.gov/authorities/subjects/sh85095261,Orange (Color),orange_M2,It was a bright orange.,http://id.loc.gov/authorities/subjects/sh85095261,Orange (Color),True,0.0,1,0.03461951017379761,,0.122556508,0.056215107,799,True,6.683360946,7.391342004,Polysemy,N,True,etthd39jyc,69,28
orange,M2_b_M1_b,orange_M2,It was a reddish orange.,http://id.loc.gov/authorities/subjects/sh85095261,Orange (Color),orange_M1,It was a ripe orange.,http://id.loc.gov/authorities/subjects/sh85095257,Oranges,False,inf,0,0.36682963371276855,,0.226773024,0.090670049,1010,True,6.91770561,7.102598757,Polysemy,N,False,m7n1h07aw2,189,28
orange,M1_a_M2_b,orange_M1,It was a juicy orange.,http://id.loc.gov/authorities/subjects/sh85095257,Oranges,orange_M2,It was a reddish orange.,http://id.loc.gov/authorities/subjects/sh85095261,Orange (Color),False,inf,0,0.36682963371276855,,0.273911238,0.052660882,1173,True,7.067319849,7.494894462,Polysemy,N,False,auc5fln1ss,247,28
orange,M2_b_M1_b,orange_M2,It was a reddish orange.,http://id.loc.gov/authorities/subjects/sh85095261,Orange (Color),orange_M1,It was a ripe orange.,http://id.loc.gov/authorities/subjects/sh85095257,Oranges,False,inf,0,0.36682963371276855,,0.226773024,0.090670049,1406,True,7.248504072,7.102598757,Polysemy,N,False,4zpuq8ud9x,201,28
orange,M2_a_M1_a,orange_M2,It was a bright orange.,http://id.loc.gov/authorities/subjects/sh85095261,Orange (Color),orange_M1,It was a juicy orange.,http://id.loc.gov/authorities/subjects/sh85095257,Oranges,False,inf,0,0.36682963371276855,,0.307211459,0.065273941,2457,True,7.806696373,7.039160345,Polysemy,N,False,nh9sg3fncc,175,28
orange,M2_a_M2_b,orange_M2,It was a bright orange.,http://id.loc.gov/authorities/subjects/sh85095261,Orange (Color),orange_M2,It was a reddish orange.,http://id.loc.gov/authorities/subjects/sh85095261,Orange (Color),True,0.0,1,0.03461951017379761,,0.122556508,0.056215107,797,True,6.680854679,7.494894462,Polysemy,N,True,x784e4lcbj,183,28
orange,M2_a_M1_b,orange_M2,It was a bright orange.,http://id.loc.gov/authorities/subjects/sh85095261,Orange (Color),orange_M1,It was a ripe orange.,http://id.loc.gov/authorities/subjects/sh85095257,Oranges,False,inf,0,0.36682963371276855,,0.236619532,0.085292876,3472,True,8.152486076,7.102598757,Polysemy,N,False,sufdrtgf9g,139,28
clear,M2_a_M1_b,clear_M2,He cleared the path.,http://id.loc.gov/authorities/subjects/sh85114508,Roads--Maintenance and repair,clear_M1,He cleared the shelf.,http://id.loc.gov/authorities/subjects/sh85095371,Orderliness,False,inf,0,0.4803042411804199,,0.193765879,0.118124425,901,True,6.803505258,7.150645397,Polysemy,V,False,satgb3rqke,187,89
clear,M1_b_M2_b,clear_M1,He cleared the shelf.,http://id.loc.gov/authorities/subjects/sh85095371,Orderliness,clear_M2,He cleared the road.,http://id.loc.gov/authorities/subjects/sh85114508,Roads--Maintenance and repair,False,inf,0,0.4803042411804199,,0.317057014,0.125001669,629,True,6.444131257,7.17577811,Polysemy,V,False,78f1p4m7t2,35,89
clear,M2_a_M2_b,clear_M2,He cleared the path.,http://id.loc.gov/authorities/subjects/sh85114508,Roads--Maintenance and repair,clear_M2,He cleared the road.,http://id.loc.gov/authorities/subjects/sh85114508,Roads--Maintenance and repair,True,0.0,1,0.019781053066253662,,0.101772845,0.045495272,2276,True,7.730174795,7.17577811,Polysemy,V,True,mwacu22792,41,89
clear,M2_a_M1_a,clear_M2,He cleared the path.,http://id.loc.gov/authorities/subjects/sh85114508,Roads--Maintenance and repair,clear_M1,He cleared the desk.,http://id.loc.gov/authorities/subjects/sh85095371,Orderliness,False,inf,0,0.4803042411804199,,0.282314956,0.093875289,1240,True,7.122866659,7.125211264,Polysemy,V,False,wsf5xp226q,103,89
clear,M2_b_M1_a,clear_M2,He cleared the road.,http://id.loc.gov/authorities/subjects/sh85114508,Roads--Maintenance and repair,clear_M1,He cleared the desk.,http://id.loc.gov/authorities/subjects/sh85095371,Orderliness,False,inf,0,0.4803042411804199,,0.373953938,0.106257439,1145,True,7.043159916,7.125211264,Polysemy,V,False,9fkbaxk3zu,155,89
clear,M2_b_M1_a,clear_M2,He cleared the road.,http://id.loc.gov/authorities/subjects/sh85114508,Roads--Maintenance and repair,clear_M1,He cleared the desk.,http://id.loc.gov/authorities/subjects/sh85095371,Orderliness,False,inf,0,0.4803042411804199,,0.373953938,0.106257439,2524,True,7.833600224,7.125211264,Polysemy,V,False,np8fheoehh,101,89
clear,M2_b_M1_a,clear_M2,He cleared the road.,http://id.loc.gov/authorities/subjects/sh85114508,Roads--Maintenance and repair,clear_M1,He cleared the desk.,http://id.loc.gov/authorities/subjects/sh85095371,Orderliness,False,inf,0,0.4803042411804199,,0.373953938,0.106257439,685,True,6.529418838,7.125211264,Polysemy,V,False,hdblro1e9q,179,89
clear,M1_b_M1_a,clear_M1,He cleared the shelf.,http://id.loc.gov/authorities/subjects/sh85095371,Orderliness,clear_M1,He cleared the desk.,http://id.loc.gov/authorities/subjects/sh85095371,Orderliness,True,0.0,1,0.01968562602996826,,0.131476939,0.108689189,998,True,6.905753276,7.125211264,Polysemy,V,True,xyokc18f4l,105,89
clear,M1_b_M1_a,clear_M1,He cleared the shelf.,http://id.loc.gov/authorities/subjects/sh85095371,Orderliness,clear_M1,He cleared the desk.,http://id.loc.gov/authorities/subjects/sh85095371,Orderliness,True,0.0,1,0.01968562602996826,,0.131476939,0.108689189,740,True,6.606650186,7.125211264,Polysemy,V,True,so1m7krwy9,43,89
clear,M2_b_M2_a,clear_M2,He cleared the road.,http://id.loc.gov/authorities/subjects/sh85114508,Roads--Maintenance and repair,clear_M2,He cleared the path.,http://id.loc.gov/authorities/subjects/sh85114508,Roads--Maintenance and repair,True,0.0,1,0.019781053066253662,,0.101772845,0.045495272,883,True,6.783325201,7.025860315,Polysemy,V,True,nkwr4ou2vr,163,89
clear,M1_b_M2_a,clear_M1,He cleared the shelf.,http://id.loc.gov/authorities/subjects/sh85095371,Orderliness,clear_M2,He cleared the path.,http://id.loc.gov/authorities/subjects/sh85114508,Roads--Maintenance and repair,False,inf,0,0.4803042411804199,,0.193765879,0.118124425,745,True,6.613384218,7.025860315,Polysemy,V,False,b3kl0cgv2r,117,89
clear,M2_a_M1_b,clear_M2,He cleared the path.,http://id.loc.gov/authorities/subjects/sh85114508,Roads--Maintenance and repair,clear_M1,He cleared the shelf.,http://id.loc.gov/authorities/subjects/sh85095371,Orderliness,False,inf,0,0.4803042411804199,,0.193765879,0.118124425,936,True,6.841615476,7.150645397,Polysemy,V,False,4c5xx9azr7,69,89
clear,M2_b_M1_b,clear_M2,He cleared the road.,http://id.loc.gov/authorities/subjects/sh85114508,Roads--Maintenance and repair,clear_M1,He cleared the shelf.,http://id.loc.gov/authorities/subjects/sh85095371,Orderliness,False,inf,0,0.4803042411804199,,0.317057014,0.125001669,1195,True,7.085901464,7.150645397,Polysemy,V,False,p5fnydw94c,127,89
clear,M2_a_M2_b,clear_M2,He cleared the path.,http://id.loc.gov/authorities/subjects/sh85114508,Roads--Maintenance and repair,clear_M2,He cleared the road.,http://id.loc.gov/authorities/subjects/sh85114508,Roads--Maintenance and repair,True,0.0,1,0.019781053066253662,,0.101772845,0.045495272,1612,False,7.385230923,7.17577811,Polysemy,V,True,epkefl89q5,29,89
clear,M1_a_M2_a,clear_M1,He cleared the desk.,http://id.loc.gov/authorities/subjects/sh85095371,Orderliness,clear_M2,He cleared the path.,http://id.loc.gov/authorities/subjects/sh85114508,Roads--Maintenance and repair,False,inf,0,0.4803042411804199,,0.282314956,0.093875289,853,True,6.748759547,7.025860315,Polysemy,V,False,36hk5eeq3x,215,89
clear,M2_b_M1_a,clear_M2,He cleared the road.,http://id.loc.gov/authorities/subjects/sh85114508,Roads--Maintenance and repair,clear_M1,He cleared the desk.,http://id.loc.gov/authorities/subjects/sh85095371,Orderliness,False,inf,0,0.4803042411804199,,0.373953938,0.106257439,870,True,6.768493212,7.125211264,Polysemy,V,False,wdgq8cekjp,173,89
clear,M1_b_M2_b,clear_M1,He cleared the shelf.,http://id.loc.gov/authorities/subjects/sh85095371,Orderliness,clear_M2,He cleared the road.,http://id.loc.gov/authorities/subjects/sh85114508,Roads--Maintenance and repair,False,inf,0,0.4803042411804199,,0.317057014,0.125001669,1086,True,6.9902565,7.17577811,Polysemy,V,False,3lr2j29be7,229,89
clear,M1_a_M2_b,clear_M1,He cleared the desk.,http://id.loc.gov/authorities/subjects/sh85095371,Orderliness,clear_M2,He cleared the road.,http://id.loc.gov/authorities/subjects/sh85114508,Roads--Maintenance and repair,False,inf,0,0.4803042411804199,,0.373953938,0.106257439,1156,True,7.052721049,7.17577811,Polysemy,V,False,5zu5xn1fq8,125,89
clear,M2_b_M1_a,clear_M2,He cleared the road.,http://id.loc.gov/authorities/subjects/sh85114508,Roads--Maintenance and repair,clear_M1,He cleared the desk.,http://id.loc.gov/authorities/subjects/sh85095371,Orderliness,False,inf,0,0.4803042411804199,,0.373953938,0.106257439,1127,True,7.027314514,7.125211264,Polysemy,V,False,ezjkm10dx5,39,89
clear,M2_a_M1_b,clear_M2,He cleared the path.,http://id.loc.gov/authorities/subjects/sh85114508,Roads--Maintenance and repair,clear_M1,He cleared the shelf.,http://id.loc.gov/authorities/subjects/sh85095371,Orderliness,False,inf,0,0.4803042411804199,,0.193765879,0.118124425,1182,True,7.074963198,7.150645397,Polysemy,V,False,ra0zaqlxos,113,89
clear,M1_a_M2_a,clear_M1,He cleared the desk.,http://id.loc.gov/authorities/subjects/sh85095371,Orderliness,clear_M2,He cleared the path.,http://id.loc.gov/authorities/subjects/sh85114508,Roads--Maintenance and repair,False,inf,0,0.4803042411804199,,0.282314956,0.093875289,854,True,6.749931194,7.025860315,Polysemy,V,False,evdgzy3cvj,229,89
clear,M2_b_M1_b,clear_M2,He cleared the road.,http://id.loc.gov/authorities/subjects/sh85114508,Roads--Maintenance and repair,clear_M1,He cleared the shelf.,http://id.loc.gov/authorities/subjects/sh85095371,Orderliness,False,inf,0,0.4803042411804199,,0.317057014,0.125001669,1042,True,6.948897222,7.150645397,Polysemy,V,False,0jrp4p98ro,237,89
clear,M1_b_M2_b,clear_M1,He cleared the shelf.,http://id.loc.gov/authorities/subjects/sh85095371,Orderliness,clear_M2,He cleared the road.,http://id.loc.gov/authorities/subjects/sh85114508,Roads--Maintenance and repair,False,inf,0,0.4803042411804199,,0.317057014,0.125001669,782,True,6.661854741,7.17577811,Polysemy,V,False,koccaak1qr,73,89
clear,M2_a_M1_a,clear_M2,He cleared the path.,http://id.loc.gov/authorities/subjects/sh85114508,Roads--Maintenance and repair,clear_M1,He cleared the desk.,http://id.loc.gov/authorities/subjects/sh85095371,Orderliness,False,inf,0,0.4803042411804199,,0.282314956,0.093875289,1200,True,7.090076836,7.125211264,Polysemy,V,False,lt0kapj5fz,207,89
clear,M1_a_M2_a,clear_M1,He cleared the desk.,http://id.loc.gov/authorities/subjects/sh85095371,Orderliness,clear_M2,He cleared the path.,http://id.loc.gov/authorities/subjects/sh85114508,Roads--Maintenance and repair,False,inf,0,0.4803042411804199,,0.282314956,0.093875289,924,True,6.828712072,7.025860315,Polysemy,V,False,j9vhr9vzec,251,89
clear,M1_b_M2_b,clear_M1,He cleared the shelf.,http://id.loc.gov/authorities/subjects/sh85095371,Orderliness,clear_M2,He cleared the road.,http://id.loc.gov/authorities/subjects/sh85114508,Roads--Maintenance and repair,False,inf,0,0.4803042411804199,,0.317057014,0.125001669,900,True,6.802394763,7.17577811,Polysemy,V,False,m3g5101vta,127,89
clear,M2_b_M1_b,clear_M2,He cleared the road.,http://id.loc.gov/authorities/subjects/sh85114508,Roads--Maintenance and repair,clear_M1,He cleared the shelf.,http://id.loc.gov/authorities/subjects/sh85095371,Orderliness,False,inf,0,0.4803042411804199,,0.317057014,0.125001669,718,True,6.576469569,7.150645397,Polysemy,V,False,p5fm86046c,241,89
clear,M1_b_M2_b,clear_M1,He cleared the shelf.,http://id.loc.gov/authorities/subjects/sh85095371,Orderliness,clear_M2,He cleared the road.,http://id.loc.gov/authorities/subjects/sh85114508,Roads--Maintenance and repair,False,inf,0,0.4803042411804199,,0.317057014,0.125001669,1293,True,7.164720379,7.17577811,Polysemy,V,False,tra6y98mle,111,89
clear,M2_b_M1_b,clear_M2,He cleared the road.,http://id.loc.gov/authorities/subjects/sh85114508,Roads--Maintenance and repair,clear_M1,He cleared the shelf.,http://id.loc.gov/authorities/subjects/sh85095371,Orderliness,False,inf,0,0.4803042411804199,,0.317057014,0.125001669,908,True,6.811244379,7.150645397,Polysemy,V,False,w7t2pcpr1z,193,89
clear,M1_a_M2_b,clear_M1,He cleared the desk.,http://id.loc.gov/authorities/subjects/sh85095371,Orderliness,clear_M2,He cleared the road.,http://id.loc.gov/authorities/subjects/sh85114508,Roads--Maintenance and repair,False,inf,0,0.4803042411804199,,0.373953938,0.106257439,761,True,6.634633358,7.17577811,Polysemy,V,False,0l5gfo1s81,205,89
clear,M2_b_M1_b,clear_M2,He cleared the road.,http://id.loc.gov/authorities/subjects/sh85114508,Roads--Maintenance and repair,clear_M1,He cleared the shelf.,http://id.loc.gov/authorities/subjects/sh85095371,Orderliness,False,inf,0,0.4803042411804199,,0.317057014,0.125001669,929,True,6.834108739,7.150645397,Polysemy,V,False,ja9zqgwnkl,219,89
clear,M2_b_M2_a,clear_M2,He cleared the road.,http://id.loc.gov/authorities/subjects/sh85114508,Roads--Maintenance and repair,clear_M2,He cleared the path.,http://id.loc.gov/authorities/subjects/sh85114508,Roads--Maintenance and repair,True,0.0,1,0.019781053066253662,,0.101772845,0.045495272,2132,True,7.664815785,7.025860315,Polysemy,V,True,zjgl4twyhs,39,89
clear,M2_a_M1_a,clear_M2,He cleared the path.,http://id.loc.gov/authorities/subjects/sh85114508,Roads--Maintenance and repair,clear_M1,He cleared the desk.,http://id.loc.gov/authorities/subjects/sh85095371,Orderliness,False,inf,0,0.4803042411804199,,0.282314956,0.093875289,935,True,6.840546529,7.125211264,Polysemy,V,False,somzvrxnz4,207,89
clear,M1_a_M1_b,clear_M1,He cleared the desk.,http://id.loc.gov/authorities/subjects/sh85095371,Orderliness,clear_M1,He cleared the shelf.,http://id.loc.gov/authorities/subjects/sh85095371,Orderliness,True,0.0,1,0.01968562602996826,,0.131476939,0.108689189,822,True,6.711740395,7.150645397,Polysemy,V,True,hs560646yd,235,89
clear,M2_a_M2_b,clear_M2,He cleared the path.,http://id.loc.gov/authorities/subjects/sh85114508,Roads--Maintenance and repair,clear_M2,He cleared the road.,http://id.loc.gov/authorities/subjects/sh85114508,Roads--Maintenance and repair,True,0.0,1,0.019781053066253662,,0.101772845,0.045495272,766,True,6.64118217,7.17577811,Polysemy,V,True,7hhbw0w7y1,145,89
clear,M1_b_M2_b,clear_M1,He cleared the shelf.,http://id.loc.gov/authorities/subjects/sh85095371,Orderliness,clear_M2,He cleared the road.,http://id.loc.gov/authorities/subjects/sh85114508,Roads--Maintenance and repair,False,inf,0,0.4803042411804199,,0.317057014,0.125001669,842,True,6.735780014,7.17577811,Polysemy,V,False,ygz7kz72u2,231,89
clear,M1_a_M2_b,clear_M1,He cleared the desk.,http://id.loc.gov/authorities/subjects/sh85095371,Orderliness,clear_M2,He cleared the road.,http://id.loc.gov/authorities/subjects/sh85114508,Roads--Maintenance and repair,False,inf,0,0.4803042411804199,,0.373953938,0.106257439,627,True,6.440946541,7.17577811,Polysemy,V,False,bcycp1bevl,125,89
clear,M2_a_M1_b,clear_M2,He cleared the path.,http://id.loc.gov/authorities/subjects/sh85114508,Roads--Maintenance and repair,clear_M1,He cleared the shelf.,http://id.loc.gov/authorities/subjects/sh85095371,Orderliness,False,inf,0,0.4803042411804199,,0.193765879,0.118124425,644,True,6.467698726,7.150645397,Polysemy,V,False,aekg0u74jn,41,89
clear,M2_a_M1_b,clear_M2,He cleared the path.,http://id.loc.gov/authorities/subjects/sh85114508,Roads--Maintenance and repair,clear_M1,He cleared the shelf.,http://id.loc.gov/authorities/subjects/sh85095371,Orderliness,False,inf,0,0.4803042411804199,,0.193765879,0.118124425,1389,True,7.236339343,7.150645397,Polysemy,V,False,4q5dxb7nhf,203,89
clear,M2_b_M1_b,clear_M2,He cleared the road.,http://id.loc.gov/authorities/subjects/sh85114508,Roads--Maintenance and repair,clear_M1,He cleared the shelf.,http://id.loc.gov/authorities/subjects/sh85095371,Orderliness,False,inf,0,0.4803042411804199,,0.317057014,0.125001669,1287,True,7.160069208,7.150645397,Polysemy,V,False,luke3ctol0,191,89
clear,M2_b_M1_b,clear_M2,He cleared the road.,http://id.loc.gov/authorities/subjects/sh85114508,Roads--Maintenance and repair,clear_M1,He cleared the shelf.,http://id.loc.gov/authorities/subjects/sh85095371,Orderliness,False,inf,0,0.4803042411804199,,0.317057014,0.125001669,1011,True,6.918695219,7.150645397,Polysemy,V,False,79d4rp4wbh,137,89
clear,M1_b_M2_b,clear_M1,He cleared the shelf.,http://id.loc.gov/authorities/subjects/sh85095371,Orderliness,clear_M2,He cleared the road.,http://id.loc.gov/authorities/subjects/sh85114508,Roads--Maintenance and repair,False,inf,0,0.4803042411804199,,0.317057014,0.125001669,550,True,6.309918278,7.17577811,Polysemy,V,False,w18v804q9v,145,89
clear,M1_a_M2_a,clear_M1,He cleared the desk.,http://id.loc.gov/authorities/subjects/sh85095371,Orderliness,clear_M2,He cleared the path.,http://id.loc.gov/authorities/subjects/sh85114508,Roads--Maintenance and repair,False,inf,0,0.4803042411804199,,0.282314956,0.093875289,833,True,6.725033642,7.025860315,Polysemy,V,False,sndaggja6a,73,89
clear,M2_a_M1_b,clear_M2,He cleared the path.,http://id.loc.gov/authorities/subjects/sh85114508,Roads--Maintenance and repair,clear_M1,He cleared the shelf.,http://id.loc.gov/authorities/subjects/sh85095371,Orderliness,False,inf,0,0.4803042411804199,,0.193765879,0.118124425,710,True,6.56526497,7.150645397,Polysemy,V,False,50rd5uu19e,141,89
clear,M2_a_M1_a,clear_M2,He cleared the path.,http://id.loc.gov/authorities/subjects/sh85114508,Roads--Maintenance and repair,clear_M1,He cleared the desk.,http://id.loc.gov/authorities/subjects/sh85095371,Orderliness,False,inf,0,0.4803042411804199,,0.282314956,0.093875289,846,True,6.74051936,7.125211264,Polysemy,V,False,dthp9ekqaq,81,89
clear,M1_b_M2_a,clear_M1,He cleared the shelf.,http://id.loc.gov/authorities/subjects/sh85095371,Orderliness,clear_M2,He cleared the path.,http://id.loc.gov/authorities/subjects/sh85114508,Roads--Maintenance and repair,False,inf,0,0.4803042411804199,,0.193765879,0.118124425,709,True,6.563855527,7.025860315,Polysemy,V,False,8tl61v5cpb,211,89
clear,M2_a_M1_a,clear_M2,He cleared the path.,http://id.loc.gov/authorities/subjects/sh85114508,Roads--Maintenance and repair,clear_M1,He cleared the desk.,http://id.loc.gov/authorities/subjects/sh85095371,Orderliness,False,inf,0,0.4803042411804199,,0.282314956,0.093875289,869,True,6.767343125,7.125211264,Polysemy,V,False,4edk6y2wlk,39,89
clear,M1_a_M1_b,clear_M1,He cleared the desk.,http://id.loc.gov/authorities/subjects/sh85095371,Orderliness,clear_M1,He cleared the shelf.,http://id.loc.gov/authorities/subjects/sh85095371,Orderliness,True,0.0,1,0.01968562602996826,,0.131476939,0.108689189,838,True,6.7310181,7.150645397,Polysemy,V,True,1qywoodmd2,83,89
clear,M2_b_M2_a,clear_M2,He cleared the road.,http://id.loc.gov/authorities/subjects/sh85114508,Roads--Maintenance and repair,clear_M2,He cleared the path.,http://id.loc.gov/authorities/subjects/sh85114508,Roads--Maintenance and repair,True,0.0,1,0.019781053066253662,,0.101772845,0.045495272,1459,True,7.285506549,7.025860315,Polysemy,V,True,1wzodbsf7y,199,89
clear,M2_a_M1_a,clear_M2,He cleared the path.,http://id.loc.gov/authorities/subjects/sh85114508,Roads--Maintenance and repair,clear_M1,He cleared the desk.,http://id.loc.gov/authorities/subjects/sh85095371,Orderliness,False,inf,0,0.4803042411804199,,0.282314956,0.093875289,694,True,6.542471961,7.125211264,Polysemy,V,False,d4b99ue0tu,55,89
clear,M2_a_M1_a,clear_M2,He cleared the path.,http://id.loc.gov/authorities/subjects/sh85114508,Roads--Maintenance and repair,clear_M1,He cleared the desk.,http://id.loc.gov/authorities/subjects/sh85095371,Orderliness,False,inf,0,0.4803042411804199,,0.282314956,0.093875289,861,True,6.758094504,7.125211264,Polysemy,V,False,dcy113hjjm,69,89
clear,M2_a_M1_a,clear_M2,He cleared the path.,http://id.loc.gov/authorities/subjects/sh85114508,Roads--Maintenance and repair,clear_M1,He cleared the desk.,http://id.loc.gov/authorities/subjects/sh85095371,Orderliness,False,inf,0,0.4803042411804199,,0.282314956,0.093875289,1212,True,7.100027167,7.125211264,Polysemy,V,False,xesfu0h98k,203,89
clear,M2_b_M2_a,clear_M2,He cleared the road.,http://id.loc.gov/authorities/subjects/sh85114508,Roads--Maintenance and repair,clear_M2,He cleared the path.,http://id.loc.gov/authorities/subjects/sh85114508,Roads--Maintenance and repair,True,0.0,1,0.019781053066253662,,0.101772845,0.045495272,940,True,6.845879875,7.025860315,Polysemy,V,True,ea54kkhdyv,245,89
clear,M1_a_M1_b,clear_M1,He cleared the desk.,http://id.loc.gov/authorities/subjects/sh85095371,Orderliness,clear_M1,He cleared the shelf.,http://id.loc.gov/authorities/subjects/sh85095371,Orderliness,True,0.0,1,0.01968562602996826,,0.131476939,0.108689189,886,True,6.786716951,7.150645397,Polysemy,V,True,mhz82a74k9,65,89
clear,M2_b_M2_a,clear_M2,He cleared the road.,http://id.loc.gov/authorities/subjects/sh85114508,Roads--Maintenance and repair,clear_M2,He cleared the path.,http://id.loc.gov/authorities/subjects/sh85114508,Roads--Maintenance and repair,True,0.0,1,0.019781053066253662,,0.101772845,0.045495272,791,True,6.673297968,7.025860315,Polysemy,V,True,7poq0nl7yt,85,89
clear,M1_a_M2_b,clear_M1,He cleared the desk.,http://id.loc.gov/authorities/subjects/sh85095371,Orderliness,clear_M2,He cleared the road.,http://id.loc.gov/authorities/subjects/sh85114508,Roads--Maintenance and repair,False,inf,0,0.4803042411804199,,0.373953938,0.106257439,635,True,6.453624999,7.17577811,Polysemy,V,False,21s95lnz0l,95,89
clear,M1_a_M2_b,clear_M1,He cleared the desk.,http://id.loc.gov/authorities/subjects/sh85095371,Orderliness,clear_M2,He cleared the road.,http://id.loc.gov/authorities/subjects/sh85114508,Roads--Maintenance and repair,False,inf,0,0.4803042411804199,,0.373953938,0.106257439,1127,True,7.027314514,7.17577811,Polysemy,V,False,kcv5v2zj80,203,89
clear,M1_b_M1_a,clear_M1,He cleared the shelf.,http://id.loc.gov/authorities/subjects/sh85095371,Orderliness,clear_M1,He cleared the desk.,http://id.loc.gov/authorities/subjects/sh85095371,Orderliness,True,0.0,1,0.01968562602996826,,0.131476939,0.108689189,901,True,6.803505258,7.125211264,Polysemy,V,True,246unkcyak,187,89
clear,M1_b_M2_a,clear_M1,He cleared the shelf.,http://id.loc.gov/authorities/subjects/sh85095371,Orderliness,clear_M2,He cleared the path.,http://id.loc.gov/authorities/subjects/sh85114508,Roads--Maintenance and repair,False,inf,0,0.4803042411804199,,0.193765879,0.118124425,2050,True,7.625595072,7.025860315,Polysemy,V,False,11pz67y2jv,215,89
clear,M2_b_M1_b,clear_M2,He cleared the road.,http://id.loc.gov/authorities/subjects/sh85114508,Roads--Maintenance and repair,clear_M1,He cleared the shelf.,http://id.loc.gov/authorities/subjects/sh85095371,Orderliness,False,inf,0,0.4803042411804199,,0.317057014,0.125001669,782,True,6.661854741,7.150645397,Polysemy,V,False,cpjzep1zv0,175,89
clear,M1_a_M1_b,clear_M1,He cleared the desk.,http://id.loc.gov/authorities/subjects/sh85095371,Orderliness,clear_M1,He cleared the shelf.,http://id.loc.gov/authorities/subjects/sh85095371,Orderliness,True,0.0,1,0.01968562602996826,,0.131476939,0.108689189,843,True,6.736966958,7.150645397,Polysemy,V,True,du57z90equ,149,89
clear,M2_a_M2_b,clear_M2,He cleared the path.,http://id.loc.gov/authorities/subjects/sh85114508,Roads--Maintenance and repair,clear_M2,He cleared the road.,http://id.loc.gov/authorities/subjects/sh85114508,Roads--Maintenance and repair,True,0.0,1,0.019781053066253662,,0.101772845,0.045495272,1574,True,7.361375429,7.17577811,Polysemy,V,True,jwcxuk91x6,129,89
clear,M2_b_M1_a,clear_M2,He cleared the road.,http://id.loc.gov/authorities/subjects/sh85114508,Roads--Maintenance and repair,clear_M1,He cleared the desk.,http://id.loc.gov/authorities/subjects/sh85095371,Orderliness,False,inf,0,0.4803042411804199,,0.373953938,0.106257439,723,True,6.583409222,7.125211264,Polysemy,V,False,k9k5bl7bsa,85,89
clear,M2_a_M1_b,clear_M2,He cleared the path.,http://id.loc.gov/authorities/subjects/sh85114508,Roads--Maintenance and repair,clear_M1,He cleared the shelf.,http://id.loc.gov/authorities/subjects/sh85095371,Orderliness,False,inf,0,0.4803042411804199,,0.193765879,0.118124425,943,True,6.849066283,7.150645397,Polysemy,V,False,6mgqfqnfnt,135,89
clear,M2_a_M2_b,clear_M2,He cleared the path.,http://id.loc.gov/authorities/subjects/sh85114508,Roads--Maintenance and repair,clear_M2,He cleared the road.,http://id.loc.gov/authorities/subjects/sh85114508,Roads--Maintenance and repair,True,0.0,1,0.019781053066253662,,0.101772845,0.045495272,599,True,6.395261598,7.17577811,Polysemy,V,True,y52zt9vjyf,169,89
clear,M1_a_M2_b,clear_M1,He cleared the desk.,http://id.loc.gov/authorities/subjects/sh85095371,Orderliness,clear_M2,He cleared the road.,http://id.loc.gov/authorities/subjects/sh85114508,Roads--Maintenance and repair,False,inf,0,0.4803042411804199,,0.373953938,0.106257439,946,True,6.852242569,7.17577811,Polysemy,V,False,xdomj2pout,237,89
clear,M2_a_M1_a,clear_M2,He cleared the path.,http://id.loc.gov/authorities/subjects/sh85114508,Roads--Maintenance and repair,clear_M1,He cleared the desk.,http://id.loc.gov/authorities/subjects/sh85095371,Orderliness,False,inf,0,0.4803042411804199,,0.282314956,0.093875289,508,True,6.230481448,7.125211264,Polysemy,V,False,gtj74gj1hs,225,89
clear,M1_b_M2_a,clear_M1,He cleared the shelf.,http://id.loc.gov/authorities/subjects/sh85095371,Orderliness,clear_M2,He cleared the path.,http://id.loc.gov/authorities/subjects/sh85114508,Roads--Maintenance and repair,False,inf,0,0.4803042411804199,,0.193765879,0.118124425,767,True,6.642486801,7.025860315,Polysemy,V,False,kzt7mhlhq0,201,89
clear,M1_a_M2_a,clear_M1,He cleared the desk.,http://id.loc.gov/authorities/subjects/sh85095371,Orderliness,clear_M2,He cleared the path.,http://id.loc.gov/authorities/subjects/sh85114508,Roads--Maintenance and repair,False,inf,0,0.4803042411804199,,0.282314956,0.093875289,574,True,6.352629396,7.025860315,Polysemy,V,False,14y9ru14du,115,89
clear,M1_a_M1_b,clear_M1,He cleared the desk.,http://id.loc.gov/authorities/subjects/sh85095371,Orderliness,clear_M1,He cleared the shelf.,http://id.loc.gov/authorities/subjects/sh85095371,Orderliness,True,0.0,1,0.01968562602996826,,0.131476939,0.108689189,853,True,6.748759547,7.150645397,Polysemy,V,True,z2n4w2lvuj,43,89
clear,M1_a_M2_b,clear_M1,He cleared the desk.,http://id.loc.gov/authorities/subjects/sh85095371,Orderliness,clear_M2,He cleared the road.,http://id.loc.gov/authorities/subjects/sh85114508,Roads--Maintenance and repair,False,inf,0,0.4803042411804199,,0.373953938,0.106257439,807,True,6.693323668,7.17577811,Polysemy,V,False,rgkj29k85f,111,89
clear,M2_a_M2_b,clear_M2,He cleared the path.,http://id.loc.gov/authorities/subjects/sh85114508,Roads--Maintenance and repair,clear_M2,He cleared the road.,http://id.loc.gov/authorities/subjects/sh85114508,Roads--Maintenance and repair,True,0.0,1,0.019781053066253662,,0.101772845,0.045495272,787,True,6.668228248,7.17577811,Polysemy,V,True,ylr2c47dx9,143,89
clear,M2_a_M1_b,clear_M2,He cleared the path.,http://id.loc.gov/authorities/subjects/sh85114508,Roads--Maintenance and repair,clear_M1,He cleared the shelf.,http://id.loc.gov/authorities/subjects/sh85095371,Orderliness,False,inf,0,0.4803042411804199,,0.193765879,0.118124425,1034,True,6.941190055,7.150645397,Polysemy,V,False,kzat707d4c,245,89
clear,M1_b_M2_a,clear_M1,He cleared the shelf.,http://id.loc.gov/authorities/subjects/sh85095371,Orderliness,clear_M2,He cleared the path.,http://id.loc.gov/authorities/subjects/sh85114508,Roads--Maintenance and repair,False,inf,0,0.4803042411804199,,0.193765879,0.118124425,724,True,6.584791392,7.025860315,Polysemy,V,False,ppv7uctwr1,109,89
clear,M2_a_M2_b,clear_M2,He cleared the path.,http://id.loc.gov/authorities/subjects/sh85114508,Roads--Maintenance and repair,clear_M2,He cleared the road.,http://id.loc.gov/authorities/subjects/sh85114508,Roads--Maintenance and repair,True,0.0,1,0.019781053066253662,,0.101772845,0.045495272,681,True,6.523562306,7.17577811,Polysemy,V,True,zsds20jhhb,199,89
clear,M2_b_M1_a,clear_M2,He cleared the road.,http://id.loc.gov/authorities/subjects/sh85114508,Roads--Maintenance and repair,clear_M1,He cleared the desk.,http://id.loc.gov/authorities/subjects/sh85095371,Orderliness,False,inf,0,0.4803042411804199,,0.373953938,0.106257439,523,True,6.259581464,7.125211264,Polysemy,V,False,2r8jyhe7un,41,89
clear,M2_a_M1_a,clear_M2,He cleared the path.,http://id.loc.gov/authorities/subjects/sh85114508,Roads--Maintenance and repair,clear_M1,He cleared the desk.,http://id.loc.gov/authorities/subjects/sh85095371,Orderliness,False,inf,0,0.4803042411804199,,0.282314956,0.093875289,671,True,6.508769137,7.125211264,Polysemy,V,False,9xyz8zlap8,191,89
clear,M1_b_M2_a,clear_M1,He cleared the shelf.,http://id.loc.gov/authorities/subjects/sh85095371,Orderliness,clear_M2,He cleared the path.,http://id.loc.gov/authorities/subjects/sh85114508,Roads--Maintenance and repair,False,inf,0,0.4803042411804199,,0.193765879,0.118124425,806,True,6.692083743,7.025860315,Polysemy,V,False,4e6rrg22h5,149,89
clear,M1_a_M1_b,clear_M1,He cleared the desk.,http://id.loc.gov/authorities/subjects/sh85095371,Orderliness,clear_M1,He cleared the shelf.,http://id.loc.gov/authorities/subjects/sh85095371,Orderliness,True,0.0,1,0.01968562602996826,,0.131476939,0.108689189,860,True,6.756932389,7.150645397,Polysemy,V,True,vc2ac751cz,105,89
clear,M2_b_M2_a,clear_M2,He cleared the road.,http://id.loc.gov/authorities/subjects/sh85114508,Roads--Maintenance and repair,clear_M2,He cleared the path.,http://id.loc.gov/authorities/subjects/sh85114508,Roads--Maintenance and repair,True,0.0,1,0.019781053066253662,,0.101772845,0.045495272,869,True,6.767343125,7.025860315,Polysemy,V,True,vxyw6621ka,157,89
clear,M2_a_M1_a,clear_M2,He cleared the path.,http://id.loc.gov/authorities/subjects/sh85114508,Roads--Maintenance and repair,clear_M1,He cleared the desk.,http://id.loc.gov/authorities/subjects/sh85095371,Orderliness,False,inf,0,0.4803042411804199,,0.282314956,0.093875289,959,True,6.865891075,7.125211264,Polysemy,V,False,jls43v8rj0,59,89
clear,M1_a_M2_b,clear_M1,He cleared the desk.,http://id.loc.gov/authorities/subjects/sh85095371,Orderliness,clear_M2,He cleared the road.,http://id.loc.gov/authorities/subjects/sh85114508,Roads--Maintenance and repair,False,inf,0,0.4803042411804199,,0.373953938,0.106257439,703,True,6.555356892,7.17577811,Polysemy,V,False,ne1wq8w4qw,197,89
clear,M2_b_M1_a,clear_M2,He cleared the road.,http://id.loc.gov/authorities/subjects/sh85114508,Roads--Maintenance and repair,clear_M1,He cleared the desk.,http://id.loc.gov/authorities/subjects/sh85095371,Orderliness,False,inf,0,0.4803042411804199,,0.373953938,0.106257439,640,True,6.461468176,7.125211264,Polysemy,V,False,xdapyucpqa,97,89
clear,M1_b_M1_a,clear_M1,He cleared the shelf.,http://id.loc.gov/authorities/subjects/sh85095371,Orderliness,clear_M1,He cleared the desk.,http://id.loc.gov/authorities/subjects/sh85095371,Orderliness,True,0.0,1,0.01968562602996826,,0.131476939,0.108689189,783,True,6.663132696,7.125211264,Polysemy,V,True,jrnkr73qqa,87,89
clear,M2_b_M1_a,clear_M2,He cleared the road.,http://id.loc.gov/authorities/subjects/sh85114508,Roads--Maintenance and repair,clear_M1,He cleared the desk.,http://id.loc.gov/authorities/subjects/sh85095371,Orderliness,False,inf,0,0.4803042411804199,,0.373953938,0.106257439,1185,True,7.077498054,7.125211264,Polysemy,V,False,lpduruhrnk,187,89
clear,M2_b_M2_a,clear_M2,He cleared the road.,http://id.loc.gov/authorities/subjects/sh85114508,Roads--Maintenance and repair,clear_M2,He cleared the path.,http://id.loc.gov/authorities/subjects/sh85114508,Roads--Maintenance and repair,True,0.0,1,0.019781053066253662,,0.101772845,0.045495272,806,True,6.692083743,7.025860315,Polysemy,V,True,etthd39jyc,59,89
clear,M1_b_M2_b,clear_M1,He cleared the shelf.,http://id.loc.gov/authorities/subjects/sh85095371,Orderliness,clear_M2,He cleared the road.,http://id.loc.gov/authorities/subjects/sh85114508,Roads--Maintenance and repair,False,inf,0,0.4803042411804199,,0.317057014,0.125001669,640,True,6.461468176,7.17577811,Polysemy,V,False,uaydq1djrs,149,89
clear,M2_a_M1_b,clear_M2,He cleared the path.,http://id.loc.gov/authorities/subjects/sh85114508,Roads--Maintenance and repair,clear_M1,He cleared the shelf.,http://id.loc.gov/authorities/subjects/sh85095371,Orderliness,False,inf,0,0.4803042411804199,,0.193765879,0.118124425,925,True,6.829793738,7.150645397,Polysemy,V,False,m7n1h07aw2,109,89
clear,M2_a_M1_a,clear_M2,He cleared the path.,http://id.loc.gov/authorities/subjects/sh85114508,Roads--Maintenance and repair,clear_M1,He cleared the desk.,http://id.loc.gov/authorities/subjects/sh85095371,Orderliness,False,inf,0,0.4803042411804199,,0.282314956,0.093875289,741,True,6.608000625,7.125211264,Polysemy,V,False,nh9sg3fncc,161,89
clear,M2_a_M1_a,clear_M2,He cleared the path.,http://id.loc.gov/authorities/subjects/sh85114508,Roads--Maintenance and repair,clear_M1,He cleared the desk.,http://id.loc.gov/authorities/subjects/sh85095371,Orderliness,False,inf,0,0.4803042411804199,,0.282314956,0.093875289,883,True,6.783325201,7.125211264,Polysemy,V,False,x784e4lcbj,61,89
home,M2_a_M2_b,home_M2,It was a funeral home.,http://id.loc.gov/authorities/subjects/sh85066744,Institutional care,home_M2,It was a nursing home.,http://id.loc.gov/authorities/subjects/sh85066744,Institutional care,True,0.0,1,0.03786975145339966,,0.190919042,0.052004874,1078,True,6.982862751,7.112994957,Polysemy,N,True,satgb3rqke,143,11
home,M1_a_M1_b,home_M1,It was a summer home.,http://id.loc.gov/authorities/subjects/sh85040193,Dwellings,home_M1,It was a childhood home.,http://id.loc.gov/authorities/subjects/sh85040193,Dwellings,True,0.0,1,0.01755136251449585,,0.097551465,0.053443015,1237,True,7.120444372,7.324952538,Polysemy,N,True,1vz3fdcvtw,89,11
home,M2_b_M1_a,home_M2,It was a nursing home.,http://id.loc.gov/authorities/subjects/sh85066744,Institutional care,home_M1,It was a summer home.,http://id.loc.gov/authorities/subjects/sh85040193,Dwellings,False,inf,0,0.5255509614944458,,0.294550896,0.111939251,1215,True,7.102499356,7.140701145,Polysemy,N,False,mwacu22792,237,11
home,M2_a_M1_a,home_M2,It was a funeral home.,http://id.loc.gov/authorities/subjects/sh85066744,Institutional care,home_M1,It was a summer home.,http://id.loc.gov/authorities/subjects/sh85040193,Dwellings,False,inf,0,0.5255509614944458,,0.321417093,0.11115998,835,True,6.727431725,7.140701145,Polysemy,N,False,wsf5xp226q,155,11
home,M1_b_M2_b,home_M1,It was a childhood home.,http://id.loc.gov/authorities/subjects/sh85040193,Dwellings,home_M2,It was a nursing home.,http://id.loc.gov/authorities/subjects/sh85066744,Institutional care,False,inf,0,0.5255509614944458,,0.328268707,0.094116032,691,True,6.538139824,7.112994957,Polysemy,N,False,jjpm6guwej,223,11
home,M2_b_M2_a,home_M2,It was a nursing home.,http://id.loc.gov/authorities/subjects/sh85066744,Institutional care,home_M2,It was a funeral home.,http://id.loc.gov/authorities/subjects/sh85066744,Institutional care,True,0.0,1,0.03786975145339966,,0.190919042,0.052004874,714,True,6.570882962,7.161306411,Polysemy,N,True,so1m7krwy9,191,11
home,M1_b_M2_a,home_M1,It was a childhood home.,http://id.loc.gov/authorities/subjects/sh85040193,Dwellings,home_M2,It was a funeral home.,http://id.loc.gov/authorities/subjects/sh85066744,Institutional care,False,inf,0,0.5255509614944458,,0.324015737,0.089763939,1230,True,7.114769448,7.161306411,Polysemy,N,False,nkwr4ou2vr,119,11
home,M2_b_M1_b,home_M2,It was a nursing home.,http://id.loc.gov/authorities/subjects/sh85066744,Institutional care,home_M1,It was a childhood home.,http://id.loc.gov/authorities/subjects/sh85040193,Dwellings,False,inf,0,0.5255509614944458,,0.328268707,0.094116032,815,True,6.703188113,7.324952538,Polysemy,N,False,ael4gl3t9n,251,11
home,M2_b_M1_b,home_M2,It was a nursing home.,http://id.loc.gov/authorities/subjects/sh85066744,Institutional care,home_M1,It was a childhood home.,http://id.loc.gov/authorities/subjects/sh85040193,Dwellings,False,inf,0,0.5255509614944458,,0.328268707,0.094116032,879,True,6.778784898,7.324952538,Polysemy,N,False,bjdam1cm56,57,11
home,M2_a_M2_b,home_M2,It was a funeral home.,http://id.loc.gov/authorities/subjects/sh85066744,Institutional care,home_M2,It was a nursing home.,http://id.loc.gov/authorities/subjects/sh85066744,Institutional care,True,0.0,1,0.03786975145339966,,0.190919042,0.052004874,774,True,6.651571874,7.112994957,Polysemy,N,True,op2dnqu0a7,43,11
home,M1_b_M2_a,home_M1,It was a childhood home.,http://id.loc.gov/authorities/subjects/sh85040193,Dwellings,home_M2,It was a funeral home.,http://id.loc.gov/authorities/subjects/sh85066744,Institutional care,False,inf,0,0.5255509614944458,,0.324015737,0.089763939,896,True,6.797940413,7.161306411,Polysemy,N,False,gl71hqusr0,213,11
home,M1_a_M1_b,home_M1,It was a summer home.,http://id.loc.gov/authorities/subjects/sh85040193,Dwellings,home_M1,It was a childhood home.,http://id.loc.gov/authorities/subjects/sh85040193,Dwellings,True,0.0,1,0.01755136251449585,,0.097551465,0.053443015,805,True,6.690842277,7.324952538,Polysemy,N,True,b3kl0cgv2r,161,11
home,M1_b_M1_a,home_M1,It was a childhood home.,http://id.loc.gov/authorities/subjects/sh85040193,Dwellings,home_M1,It was a summer home.,http://id.loc.gov/authorities/subjects/sh85040193,Dwellings,True,0.0,1,0.01755136251449585,,0.097551465,0.053443015,836,True,6.728628613,7.140701145,Polysemy,N,True,ze8q4rklbg,243,11
home,M2_b_M2_a,home_M2,It was a nursing home.,http://id.loc.gov/authorities/subjects/sh85066744,Institutional care,home_M2,It was a funeral home.,http://id.loc.gov/authorities/subjects/sh85066744,Institutional care,True,0.0,1,0.03786975145339966,,0.190919042,0.052004874,815,True,6.703188113,7.161306411,Polysemy,N,True,xqssc38w0c,117,11
home,M1_a_M1_b,home_M1,It was a summer home.,http://id.loc.gov/authorities/subjects/sh85040193,Dwellings,home_M1,It was a childhood home.,http://id.loc.gov/authorities/subjects/sh85040193,Dwellings,True,0.0,1,0.01755136251449585,,0.097551465,0.053443015,1063,True,6.968850378,7.324952538,Polysemy,N,True,4c5xx9azr7,49,11
home,M1_b_M2_a,home_M1,It was a childhood home.,http://id.loc.gov/authorities/subjects/sh85040193,Dwellings,home_M2,It was a funeral home.,http://id.loc.gov/authorities/subjects/sh85066744,Institutional care,False,inf,0,0.5255509614944458,,0.324015737,0.089763939,775,True,6.652863029,7.161306411,Polysemy,N,False,h6swhj4mme,193,11
home,M1_a_M2_a,home_M1,It was a summer home.,http://id.loc.gov/authorities/subjects/sh85040193,Dwellings,home_M2,It was a funeral home.,http://id.loc.gov/authorities/subjects/sh85066744,Institutional care,False,inf,0,0.5255509614944458,,0.321417093,0.11115998,1132,True,7.031741259,7.161306411,Polysemy,N,False,spkx08cwjj,63,11
home,M2_b_M2_a,home_M2,It was a nursing home.,http://id.loc.gov/authorities/subjects/sh85066744,Institutional care,home_M2,It was a funeral home.,http://id.loc.gov/authorities/subjects/sh85066744,Institutional care,True,0.0,1,0.03786975145339966,,0.190919042,0.052004874,742,True,6.609349243,7.161306411,Polysemy,N,True,y8z6hxvply,191,11
home,M1_b_M2_b,home_M1,It was a childhood home.,http://id.loc.gov/authorities/subjects/sh85040193,Dwellings,home_M2,It was a nursing home.,http://id.loc.gov/authorities/subjects/sh85066744,Institutional care,False,inf,0,0.5255509614944458,,0.328268707,0.094116032,794,True,6.677083461,7.112994957,Polysemy,N,False,wdgq8cekjp,163,11
home,M2_a_M1_b,home_M2,It was a funeral home.,http://id.loc.gov/authorities/subjects/sh85066744,Institutional care,home_M1,It was a childhood home.,http://id.loc.gov/authorities/subjects/sh85040193,Dwellings,False,inf,0,0.5255509614944458,,0.324015737,0.089763939,1061,True,6.966967139,7.324952538,Polysemy,N,False,5zu5xn1fq8,37,11
home,M1_b_M2_a,home_M1,It was a childhood home.,http://id.loc.gov/authorities/subjects/sh85040193,Dwellings,home_M2,It was a funeral home.,http://id.loc.gov/authorities/subjects/sh85066744,Institutional care,False,inf,0,0.5255509614944458,,0.324015737,0.089763939,1265,True,7.142827401,7.161306411,Polysemy,N,False,evdgzy3cvj,101,11
home,M1_a_M1_b,home_M1,It was a summer home.,http://id.loc.gov/authorities/subjects/sh85040193,Dwellings,home_M1,It was a childhood home.,http://id.loc.gov/authorities/subjects/sh85040193,Dwellings,True,0.0,1,0.01755136251449585,,0.097551465,0.053443015,775,True,6.652863029,7.324952538,Polysemy,N,True,meoc92246n,109,11
home,M2_b_M2_a,home_M2,It was a nursing home.,http://id.loc.gov/authorities/subjects/sh85066744,Institutional care,home_M2,It was a funeral home.,http://id.loc.gov/authorities/subjects/sh85066744,Institutional care,True,0.0,1,0.03786975145339966,,0.190919042,0.052004874,741,True,6.608000625,7.161306411,Polysemy,N,True,0jrp4p98ro,69,11
home,M2_a_M2_b,home_M2,It was a funeral home.,http://id.loc.gov/authorities/subjects/sh85066744,Institutional care,home_M2,It was a nursing home.,http://id.loc.gov/authorities/subjects/sh85066744,Institutional care,True,0.0,1,0.03786975145339966,,0.190919042,0.052004874,806,True,6.692083743,7.112994957,Polysemy,N,True,nuoxoyemfp,207,11
home,M2_b_M2_a,home_M2,It was a nursing home.,http://id.loc.gov/authorities/subjects/sh85066744,Institutional care,home_M2,It was a funeral home.,http://id.loc.gov/authorities/subjects/sh85066744,Institutional care,True,0.0,1,0.03786975145339966,,0.190919042,0.052004874,756,True,6.628041376,7.161306411,Polysemy,N,True,j9vhr9vzec,79,11
home,M2_b_M1_b,home_M2,It was a nursing home.,http://id.loc.gov/authorities/subjects/sh85066744,Institutional care,home_M1,It was a childhood home.,http://id.loc.gov/authorities/subjects/sh85040193,Dwellings,False,inf,0,0.5255509614944458,,0.328268707,0.094116032,1144,True,7.042286172,7.324952538,Polysemy,N,False,m3g5101vta,119,11
home,M2_b_M1_a,home_M2,It was a nursing home.,http://id.loc.gov/authorities/subjects/sh85066744,Institutional care,home_M1,It was a summer home.,http://id.loc.gov/authorities/subjects/sh85040193,Dwellings,False,inf,0,0.5255509614944458,,0.294550896,0.111939251,1226,True,7.111512116,7.140701145,Polysemy,N,False,p5fm86046c,217,11
home,M1_a_M1_b,home_M1,It was a summer home.,http://id.loc.gov/authorities/subjects/sh85040193,Dwellings,home_M1,It was a childhood home.,http://id.loc.gov/authorities/subjects/sh85040193,Dwellings,True,0.0,1,0.01755136251449585,,0.097551465,0.053443015,970,True,6.877296071,7.324952538,Polysemy,N,True,y4puhchaf9,209,11
home,M1_b_M2_b,home_M1,It was a childhood home.,http://id.loc.gov/authorities/subjects/sh85040193,Dwellings,home_M2,It was a nursing home.,http://id.loc.gov/authorities/subjects/sh85066744,Institutional care,False,inf,0,0.5255509614944458,,0.328268707,0.094116032,1032,True,6.939253946,7.112994957,Polysemy,N,False,1lzneddpkq,213,11
home,M2_a_M1_b,home_M2,It was a funeral home.,http://id.loc.gov/authorities/subjects/sh85066744,Institutional care,home_M1,It was a childhood home.,http://id.loc.gov/authorities/subjects/sh85040193,Dwellings,False,inf,0,0.5255509614944458,,0.324015737,0.089763939,1695,True,7.43543802,7.324952538,Polysemy,N,False,92yp2w9v56,123,11
home,M1_a_M2_a,home_M1,It was a summer home.,http://id.loc.gov/authorities/subjects/sh85040193,Dwellings,home_M2,It was a funeral home.,http://id.loc.gov/authorities/subjects/sh85066744,Institutional care,False,inf,0,0.5255509614944458,,0.321417093,0.11115998,877,True,6.776506992,7.161306411,Polysemy,N,False,tra6y98mle,89,11
home,M1_b_M1_a,home_M1,It was a childhood home.,http://id.loc.gov/authorities/subjects/sh85040193,Dwellings,home_M1,It was a summer home.,http://id.loc.gov/authorities/subjects/sh85040193,Dwellings,True,0.0,1,0.01755136251449585,,0.097551465,0.053443015,912,True,6.81563999,7.140701145,Polysemy,N,True,w7t2pcpr1z,165,11
home,M1_a_M2_b,home_M1,It was a summer home.,http://id.loc.gov/authorities/subjects/sh85040193,Dwellings,home_M2,It was a nursing home.,http://id.loc.gov/authorities/subjects/sh85066744,Institutional care,False,inf,0,0.5255509614944458,,0.294550896,0.111939251,715,True,6.572282543,7.112994957,Polysemy,N,False,0l5gfo1s81,235,11
home,M1_b_M2_b,home_M1,It was a childhood home.,http://id.loc.gov/authorities/subjects/sh85040193,Dwellings,home_M2,It was a nursing home.,http://id.loc.gov/authorities/subjects/sh85066744,Institutional care,False,inf,0,0.5255509614944458,,0.328268707,0.094116032,781,True,6.66057515,7.112994957,Polysemy,N,False,emcqel00x3,43,11
home,M1_b_M2_b,home_M1,It was a childhood home.,http://id.loc.gov/authorities/subjects/sh85040193,Dwellings,home_M2,It was a nursing home.,http://id.loc.gov/authorities/subjects/sh85066744,Institutional care,False,inf,0,0.5255509614944458,,0.328268707,0.094116032,1314,True,7.180831199,7.112994957,Polysemy,N,False,ja9zqgwnkl,231,11
home,M1_a_M1_b,home_M1,It was a summer home.,http://id.loc.gov/authorities/subjects/sh85040193,Dwellings,home_M1,It was a childhood home.,http://id.loc.gov/authorities/subjects/sh85040193,Dwellings,True,0.0,1,0.01755136251449585,,0.097551465,0.053443015,1883,True,7.540621529,7.324952538,Polysemy,N,True,zjgl4twyhs,177,11
home,M1_b_M1_a,home_M1,It was a childhood home.,http://id.loc.gov/authorities/subjects/sh85040193,Dwellings,home_M1,It was a summer home.,http://id.loc.gov/authorities/subjects/sh85040193,Dwellings,True,0.0,1,0.01755136251449585,,0.097551465,0.053443015,935,True,6.840546529,7.140701145,Polysemy,N,True,somzvrxnz4,197,11
home,M1_a_M1_b,home_M1,It was a summer home.,http://id.loc.gov/authorities/subjects/sh85040193,Dwellings,home_M1,It was a childhood home.,http://id.loc.gov/authorities/subjects/sh85040193,Dwellings,True,0.0,1,0.01755136251449585,,0.097551465,0.053443015,819,True,6.708084084,7.324952538,Polysemy,N,True,uy86my9o9s,155,11
home,M2_b_M1_a,home_M2,It was a nursing home.,http://id.loc.gov/authorities/subjects/sh85066744,Institutional care,home_M1,It was a summer home.,http://id.loc.gov/authorities/subjects/sh85040193,Dwellings,False,inf,0,0.5255509614944458,,0.294550896,0.111939251,678,True,6.519147288,7.140701145,Polysemy,N,False,mketfayzl8,143,11
home,M2_b_M1_b,home_M2,It was a nursing home.,http://id.loc.gov/authorities/subjects/sh85066744,Institutional care,home_M1,It was a childhood home.,http://id.loc.gov/authorities/subjects/sh85040193,Dwellings,False,inf,0,0.5255509614944458,,0.328268707,0.094116032,1623,True,7.392031568,7.324952538,Polysemy,N,False,7hhbw0w7y1,149,11
home,M2_a_M1_b,home_M2,It was a funeral home.,http://id.loc.gov/authorities/subjects/sh85066744,Institutional care,home_M1,It was a childhood home.,http://id.loc.gov/authorities/subjects/sh85040193,Dwellings,False,inf,0,0.5255509614944458,,0.324015737,0.089763939,524,True,6.261491684,7.324952538,Polysemy,N,False,ygz7kz72u2,61,11
home,M1_b_M2_b,home_M1,It was a childhood home.,http://id.loc.gov/authorities/subjects/sh85040193,Dwellings,home_M2,It was a nursing home.,http://id.loc.gov/authorities/subjects/sh85066744,Institutional care,False,inf,0,0.5255509614944458,,0.328268707,0.094116032,753,True,6.624065228,7.112994957,Polysemy,N,False,bcycp1bevl,73,11
home,M2_a_M1_a,home_M2,It was a funeral home.,http://id.loc.gov/authorities/subjects/sh85066744,Institutional care,home_M1,It was a summer home.,http://id.loc.gov/authorities/subjects/sh85040193,Dwellings,False,inf,0,0.5255509614944458,,0.321417093,0.11115998,715,True,6.572282543,7.140701145,Polysemy,N,False,gdlhwqulft,121,11
home,M2_b_M1_a,home_M2,It was a nursing home.,http://id.loc.gov/authorities/subjects/sh85066744,Institutional care,home_M1,It was a summer home.,http://id.loc.gov/authorities/subjects/sh85040193,Dwellings,False,inf,0,0.5255509614944458,,0.294550896,0.111939251,671,True,6.508769137,7.140701145,Polysemy,N,False,aekg0u74jn,61,11
home,M1_a_M1_b,home_M1,It was a summer home.,http://id.loc.gov/authorities/subjects/sh85040193,Dwellings,home_M1,It was a childhood home.,http://id.loc.gov/authorities/subjects/sh85040193,Dwellings,True,0.0,1,0.01755136251449585,,0.097551465,0.053443015,1180,True,7.073269717,7.324952538,Polysemy,N,True,zglqpt5fh7,247,11
home,M2_a_M1_b,home_M2,It was a funeral home.,http://id.loc.gov/authorities/subjects/sh85066744,Institutional care,home_M1,It was a childhood home.,http://id.loc.gov/authorities/subjects/sh85040193,Dwellings,False,inf,0,0.5255509614944458,,0.324015737,0.089763939,1615,True,7.387090236,7.324952538,Polysemy,N,False,luke3ctol0,217,11
home,M2_a_M2_b,home_M2,It was a funeral home.,http://id.loc.gov/authorities/subjects/sh85066744,Institutional care,home_M2,It was a nursing home.,http://id.loc.gov/authorities/subjects/sh85066744,Institutional care,True,0.0,1,0.03786975145339966,,0.190919042,0.052004874,695,True,6.543911846,7.112994957,Polysemy,N,True,w18v804q9v,57,11
home,M1_a_M2_b,home_M1,It was a summer home.,http://id.loc.gov/authorities/subjects/sh85040193,Dwellings,home_M2,It was a nursing home.,http://id.loc.gov/authorities/subjects/sh85066744,Institutional care,False,inf,0,0.5255509614944458,,0.294550896,0.111939251,784,True,6.66440902,7.112994957,Polysemy,N,False,sndaggja6a,97,11
home,M1_a_M2_a,home_M1,It was a summer home.,http://id.loc.gov/authorities/subjects/sh85040193,Dwellings,home_M2,It was a funeral home.,http://id.loc.gov/authorities/subjects/sh85066744,Institutional care,False,inf,0,0.5255509614944458,,0.321417093,0.11115998,1275,True,7.150701458,7.161306411,Polysemy,N,False,frqx6vw2d1,189,11
home,M2_b_M2_a,home_M2,It was a nursing home.,http://id.loc.gov/authorities/subjects/sh85066744,Institutional care,home_M2,It was a funeral home.,http://id.loc.gov/authorities/subjects/sh85066744,Institutional care,True,0.0,1,0.03786975145339966,,0.190919042,0.052004874,564,True,6.335054251,7.161306411,Polysemy,N,True,3focjo2q2y,167,11
home,M2_a_M1_a,home_M2,It was a funeral home.,http://id.loc.gov/authorities/subjects/sh85066744,Institutional care,home_M1,It was a summer home.,http://id.loc.gov/authorities/subjects/sh85040193,Dwellings,False,inf,0,0.5255509614944458,,0.321417093,0.11115998,794,False,6.677083461,7.140701145,Polysemy,N,False,dol693zfl0,93,11
home,M1_b_M2_b,home_M1,It was a childhood home.,http://id.loc.gov/authorities/subjects/sh85040193,Dwellings,home_M2,It was a nursing home.,http://id.loc.gov/authorities/subjects/sh85066744,Institutional care,False,inf,0,0.5255509614944458,,0.328268707,0.094116032,963,True,6.870053412,7.112994957,Polysemy,N,False,8tl61v5cpb,45,11
home,M2_b_M1_a,home_M2,It was a nursing home.,http://id.loc.gov/authorities/subjects/sh85066744,Institutional care,home_M1,It was a summer home.,http://id.loc.gov/authorities/subjects/sh85040193,Dwellings,False,inf,0,0.5255509614944458,,0.294550896,0.111939251,845,True,6.739336627,7.140701145,Polysemy,N,False,qpgf6y0h0r,65,11
home,M2_a_M1_a,home_M2,It was a funeral home.,http://id.loc.gov/authorities/subjects/sh85066744,Institutional care,home_M1,It was a summer home.,http://id.loc.gov/authorities/subjects/sh85040193,Dwellings,False,inf,0,0.5255509614944458,,0.321417093,0.11115998,798,True,6.682108597,7.140701145,Polysemy,N,False,d4b99ue0tu,203,11
home,M1_b_M2_b,home_M1,It was a childhood home.,http://id.loc.gov/authorities/subjects/sh85040193,Dwellings,home_M2,It was a nursing home.,http://id.loc.gov/authorities/subjects/sh85066744,Institutional care,False,inf,0,0.5255509614944458,,0.328268707,0.094116032,672,True,6.510258341,7.112994957,Polysemy,N,False,xesfu0h98k,185,11
home,M1_a_M1_b,home_M1,It was a summer home.,http://id.loc.gov/authorities/subjects/sh85040193,Dwellings,home_M1,It was a childhood home.,http://id.loc.gov/authorities/subjects/sh85040193,Dwellings,True,0.0,1,0.01755136251449585,,0.097551465,0.053443015,727,True,6.588926478,7.324952538,Polysemy,N,True,h0th05ppt7,35,11
home,M2_a_M2_b,home_M2,It was a funeral home.,http://id.loc.gov/authorities/subjects/sh85066744,Institutional care,home_M2,It was a nursing home.,http://id.loc.gov/authorities/subjects/sh85066744,Institutional care,True,0.0,1,0.03786975145339966,,0.190919042,0.052004874,787,True,6.668228248,7.112994957,Polysemy,N,True,bacqef0gje,149,11
home,M2_a_M2_b,home_M2,It was a funeral home.,http://id.loc.gov/authorities/subjects/sh85066744,Institutional care,home_M2,It was a nursing home.,http://id.loc.gov/authorities/subjects/sh85066744,Institutional care,True,0.0,1,0.03786975145339966,,0.190919042,0.052004874,2663,True,7.887208586,7.112994957,Polysemy,N,True,5jdbzv6v5c,115,11
home,M1_a_M2_b,home_M1,It was a summer home.,http://id.loc.gov/authorities/subjects/sh85040193,Dwellings,home_M2,It was a nursing home.,http://id.loc.gov/authorities/subjects/sh85066744,Institutional care,False,inf,0,0.5255509614944458,,0.294550896,0.111939251,1336,True,7.197435354,7.112994957,Polysemy,N,False,mhz82a74k9,229,11
home,M2_b_M1_b,home_M2,It was a nursing home.,http://id.loc.gov/authorities/subjects/sh85066744,Institutional care,home_M1,It was a childhood home.,http://id.loc.gov/authorities/subjects/sh85040193,Dwellings,False,inf,0,0.5255509614944458,,0.328268707,0.094116032,835,True,6.727431725,7.324952538,Polysemy,N,False,g3flm4j14z,33,11
home,M2_b_M1_b,home_M2,It was a nursing home.,http://id.loc.gov/authorities/subjects/sh85066744,Institutional care,home_M1,It was a childhood home.,http://id.loc.gov/authorities/subjects/sh85040193,Dwellings,False,inf,0,0.5255509614944458,,0.328268707,0.094116032,1632,False,7.397561536,7.324952538,Polysemy,N,False,skb4uv2kf9,87,11
home,M2_b_M1_a,home_M2,It was a nursing home.,http://id.loc.gov/authorities/subjects/sh85066744,Institutional care,home_M1,It was a summer home.,http://id.loc.gov/authorities/subjects/sh85040193,Dwellings,False,inf,0,0.5255509614944458,,0.294550896,0.111939251,1117,True,7.018401799,7.140701145,Polysemy,N,False,02cpp7rcbk,195,11
home,M1_a_M2_b,home_M1,It was a summer home.,http://id.loc.gov/authorities/subjects/sh85040193,Dwellings,home_M2,It was a nursing home.,http://id.loc.gov/authorities/subjects/sh85066744,Institutional care,False,inf,0,0.5255509614944458,,0.294550896,0.111939251,1614,True,7.386470849,7.112994957,Polysemy,N,False,11pz67y2jv,137,11
home,M1_a_M2_b,home_M1,It was a summer home.,http://id.loc.gov/authorities/subjects/sh85040193,Dwellings,home_M2,It was a nursing home.,http://id.loc.gov/authorities/subjects/sh85066744,Institutional care,False,inf,0,0.5255509614944458,,0.294550896,0.111939251,984,True,6.891625897,7.112994957,Polysemy,N,False,tzstmyxntu,205,11
home,M2_b_M2_a,home_M2,It was a nursing home.,http://id.loc.gov/authorities/subjects/sh85066744,Institutional care,home_M2,It was a funeral home.,http://id.loc.gov/authorities/subjects/sh85066744,Institutional care,True,0.0,1,0.03786975145339966,,0.190919042,0.052004874,1770,True,7.478734826,7.161306411,Polysemy,N,True,3uxmxe02py,33,11
home,M2_b_M1_a,home_M2,It was a nursing home.,http://id.loc.gov/authorities/subjects/sh85066744,Institutional care,home_M1,It was a summer home.,http://id.loc.gov/authorities/subjects/sh85040193,Dwellings,False,inf,0,0.5255509614944458,,0.294550896,0.111939251,837,True,6.72982407,7.140701145,Polysemy,N,False,cpjzep1zv0,107,11
home,M1_b_M2_b,home_M1,It was a childhood home.,http://id.loc.gov/authorities/subjects/sh85040193,Dwellings,home_M2,It was a nursing home.,http://id.loc.gov/authorities/subjects/sh85066744,Institutional care,False,inf,0,0.5255509614944458,,0.328268707,0.094116032,723,True,6.583409222,7.112994957,Polysemy,N,False,guqltyqrjz,201,11
home,M1_a_M1_b,home_M1,It was a summer home.,http://id.loc.gov/authorities/subjects/sh85040193,Dwellings,home_M1,It was a childhood home.,http://id.loc.gov/authorities/subjects/sh85040193,Dwellings,True,0.0,1,0.01755136251449585,,0.097551465,0.053443015,638,True,6.458338283,7.324952538,Polysemy,N,True,du57z90equ,169,11
home,M2_b_M2_a,home_M2,It was a nursing home.,http://id.loc.gov/authorities/subjects/sh85066744,Institutional care,home_M2,It was a funeral home.,http://id.loc.gov/authorities/subjects/sh85066744,Institutional care,True,0.0,1,0.03786975145339966,,0.190919042,0.052004874,1365,True,7.218909708,7.161306411,Polysemy,N,True,jwcxuk91x6,71,11
home,M2_a_M1_b,home_M2,It was a funeral home.,http://id.loc.gov/authorities/subjects/sh85066744,Institutional care,home_M1,It was a childhood home.,http://id.loc.gov/authorities/subjects/sh85040193,Dwellings,False,inf,0,0.5255509614944458,,0.324015737,0.089763939,599,True,6.395261598,7.324952538,Polysemy,N,False,k9k5bl7bsa,131,11
home,M2_b_M1_b,home_M2,It was a nursing home.,http://id.loc.gov/authorities/subjects/sh85066744,Institutional care,home_M1,It was a childhood home.,http://id.loc.gov/authorities/subjects/sh85040193,Dwellings,False,inf,0,0.5255509614944458,,0.328268707,0.094116032,790,True,6.672032945,7.324952538,Polysemy,N,False,aq8lxy7f2y,83,11
home,M2_b_M1_a,home_M2,It was a nursing home.,http://id.loc.gov/authorities/subjects/sh85066744,Institutional care,home_M1,It was a summer home.,http://id.loc.gov/authorities/subjects/sh85040193,Dwellings,False,inf,0,0.5255509614944458,,0.294550896,0.111939251,743,True,6.610696045,7.140701145,Polysemy,N,False,6mgqfqnfnt,219,11
home,M2_a_M1_a,home_M2,It was a funeral home.,http://id.loc.gov/authorities/subjects/sh85066744,Institutional care,home_M1,It was a summer home.,http://id.loc.gov/authorities/subjects/sh85040193,Dwellings,False,inf,0,0.5255509614944458,,0.321417093,0.11115998,1125,True,7.025538315,7.140701145,Polysemy,N,False,va3hb1mkox,171,11
home,M2_a_M1_a,home_M2,It was a funeral home.,http://id.loc.gov/authorities/subjects/sh85066744,Institutional care,home_M1,It was a summer home.,http://id.loc.gov/authorities/subjects/sh85040193,Dwellings,False,inf,0,0.5255509614944458,,0.321417093,0.11115998,706,True,6.559615237,7.140701145,Polysemy,N,False,ctcq5oob70,123,11
home,M1_a_M2_b,home_M1,It was a summer home.,http://id.loc.gov/authorities/subjects/sh85040193,Dwellings,home_M2,It was a nursing home.,http://id.loc.gov/authorities/subjects/sh85066744,Institutional care,False,inf,0,0.5255509614944458,,0.294550896,0.111939251,712,True,6.568077911,7.112994957,Polysemy,N,False,xdomj2pout,167,11
home,M2_a_M2_b,home_M2,It was a funeral home.,http://id.loc.gov/authorities/subjects/sh85066744,Institutional care,home_M2,It was a nursing home.,http://id.loc.gov/authorities/subjects/sh85066744,Institutional care,True,0.0,1,0.03786975145339966,,0.190919042,0.052004874,664,True,6.498282149,7.112994957,Polysemy,N,True,rln6tvgsn6,37,11
home,M2_a_M2_b,home_M2,It was a funeral home.,http://id.loc.gov/authorities/subjects/sh85066744,Institutional care,home_M2,It was a nursing home.,http://id.loc.gov/authorities/subjects/sh85066744,Institutional care,True,0.0,1,0.03786975145339966,,0.190919042,0.052004874,876,True,6.775366091,7.112994957,Polysemy,N,True,meaaxoxjw2,113,11
home,M1_a_M2_a,home_M1,It was a summer home.,http://id.loc.gov/authorities/subjects/sh85040193,Dwellings,home_M2,It was a funeral home.,http://id.loc.gov/authorities/subjects/sh85066744,Institutional care,False,inf,0,0.5255509614944458,,0.321417093,0.11115998,1051,True,6.957497371,7.161306411,Polysemy,N,False,tb47bk2csv,237,11
home,M2_b_M2_a,home_M2,It was a nursing home.,http://id.loc.gov/authorities/subjects/sh85066744,Institutional care,home_M2,It was a funeral home.,http://id.loc.gov/authorities/subjects/sh85066744,Institutional care,True,0.0,1,0.03786975145339966,,0.190919042,0.052004874,915,True,6.818924065,7.161306411,Polysemy,N,True,3mb5qrf7ny,75,11
home,M2_a_M1_a,home_M2,It was a funeral home.,http://id.loc.gov/authorities/subjects/sh85066744,Institutional care,home_M1,It was a summer home.,http://id.loc.gov/authorities/subjects/sh85040193,Dwellings,False,inf,0,0.5255509614944458,,0.321417093,0.11115998,674,True,6.513230111,7.140701145,Polysemy,N,False,14y9ru14du,91,11
home,M2_a_M1_a,home_M2,It was a funeral home.,http://id.loc.gov/authorities/subjects/sh85066744,Institutional care,home_M1,It was a summer home.,http://id.loc.gov/authorities/subjects/sh85040193,Dwellings,False,inf,0,0.5255509614944458,,0.321417093,0.11115998,746,True,6.6147256,7.140701145,Polysemy,N,False,z2n4w2lvuj,177,11
home,M2_a_M1_a,home_M2,It was a funeral home.,http://id.loc.gov/authorities/subjects/sh85066744,Institutional care,home_M1,It was a summer home.,http://id.loc.gov/authorities/subjects/sh85040193,Dwellings,False,inf,0,0.5255509614944458,,0.321417093,0.11115998,949,True,6.855408799,7.140701145,Polysemy,N,False,zc0tcyzalc,219,11
home,M2_a_M1_b,home_M2,It was a funeral home.,http://id.loc.gov/authorities/subjects/sh85066744,Institutional care,home_M1,It was a childhood home.,http://id.loc.gov/authorities/subjects/sh85040193,Dwellings,False,inf,0,0.5255509614944458,,0.324015737,0.089763939,916,True,6.820016365,7.324952538,Polysemy,N,False,abcwwk8j44,145,11
home,M2_b_M1_a,home_M2,It was a nursing home.,http://id.loc.gov/authorities/subjects/sh85066744,Institutional care,home_M1,It was a summer home.,http://id.loc.gov/authorities/subjects/sh85040193,Dwellings,False,inf,0,0.5255509614944458,,0.294550896,0.111939251,667,True,6.502790046,7.140701145,Polysemy,N,False,4ntjz706ef,239,11
home,M2_b_M1_a,home_M2,It was a nursing home.,http://id.loc.gov/authorities/subjects/sh85066744,Institutional care,home_M1,It was a summer home.,http://id.loc.gov/authorities/subjects/sh85040193,Dwellings,False,inf,0,0.5255509614944458,,0.294550896,0.111939251,1176,True,7.069874128,7.140701145,Polysemy,N,False,s4hekwenop,55,11
home,M2_b_M2_a,home_M2,It was a nursing home.,http://id.loc.gov/authorities/subjects/sh85066744,Institutional care,home_M2,It was a funeral home.,http://id.loc.gov/authorities/subjects/sh85066744,Institutional care,True,0.0,1,0.03786975145339966,,0.190919042,0.052004874,735,True,6.599870499,7.161306411,Polysemy,N,True,wo6c5zy1c7,157,11
home,M2_b_M2_a,home_M2,It was a nursing home.,http://id.loc.gov/authorities/subjects/sh85066744,Institutional care,home_M2,It was a funeral home.,http://id.loc.gov/authorities/subjects/sh85066744,Institutional care,True,0.0,1,0.03786975145339966,,0.190919042,0.052004874,988,True,6.895682698,7.161306411,Polysemy,N,True,zsds20jhhb,177,11
home,M2_a_M1_b,home_M2,It was a funeral home.,http://id.loc.gov/authorities/subjects/sh85066744,Institutional care,home_M1,It was a childhood home.,http://id.loc.gov/authorities/subjects/sh85040193,Dwellings,False,inf,0,0.5255509614944458,,0.324015737,0.089763939,1055,True,6.961296046,7.324952538,Polysemy,N,False,68a6hn4uvz,97,11
home,M1_b_M2_a,home_M1,It was a childhood home.,http://id.loc.gov/authorities/subjects/sh85040193,Dwellings,home_M2,It was a funeral home.,http://id.loc.gov/authorities/subjects/sh85066744,Institutional care,False,inf,0,0.5255509614944458,,0.324015737,0.089763939,629,True,6.444131257,7.161306411,Polysemy,N,False,9xyz8zlap8,239,11
home,M2_a_M1_b,home_M2,It was a funeral home.,http://id.loc.gov/authorities/subjects/sh85066744,Institutional care,home_M1,It was a childhood home.,http://id.loc.gov/authorities/subjects/sh85040193,Dwellings,False,inf,0,0.5255509614944458,,0.324015737,0.089763939,1207,True,7.095893221,7.324952538,Polysemy,N,False,4e6rrg22h5,233,11
home,M1_b_M1_a,home_M1,It was a childhood home.,http://id.loc.gov/authorities/subjects/sh85040193,Dwellings,home_M1,It was a summer home.,http://id.loc.gov/authorities/subjects/sh85040193,Dwellings,True,0.0,1,0.01755136251449585,,0.097551465,0.053443015,726,True,6.587550015,7.140701145,Polysemy,N,True,vxyw6621ka,165,11
home,M1_b_M2_a,home_M1,It was a childhood home.,http://id.loc.gov/authorities/subjects/sh85040193,Dwellings,home_M2,It was a funeral home.,http://id.loc.gov/authorities/subjects/sh85066744,Institutional care,False,inf,0,0.5255509614944458,,0.324015737,0.089763939,899,True,6.801283034,7.161306411,Polysemy,N,False,rxphbopbuk,135,11
home,M2_b_M2_a,home_M2,It was a nursing home.,http://id.loc.gov/authorities/subjects/sh85066744,Institutional care,home_M2,It was a funeral home.,http://id.loc.gov/authorities/subjects/sh85066744,Institutional care,True,0.0,1,0.03786975145339966,,0.190919042,0.052004874,722,True,6.582025139,7.161306411,Polysemy,N,True,kgyhdlaomp,167,11
home,M2_b_M2_a,home_M2,It was a nursing home.,http://id.loc.gov/authorities/subjects/sh85066744,Institutional care,home_M2,It was a funeral home.,http://id.loc.gov/authorities/subjects/sh85066744,Institutional care,True,0.0,1,0.03786975145339966,,0.190919042,0.052004874,1856,True,7.526178913,7.161306411,Polysemy,N,True,lpduruhrnk,113,11
home,M1_b_M1_a,home_M1,It was a childhood home.,http://id.loc.gov/authorities/subjects/sh85040193,Dwellings,home_M1,It was a summer home.,http://id.loc.gov/authorities/subjects/sh85040193,Dwellings,True,0.0,1,0.01755136251449585,,0.097551465,0.053443015,681,True,6.523562306,7.140701145,Polysemy,N,True,etthd39jyc,119,11
home,M2_b_M2_a,home_M2,It was a nursing home.,http://id.loc.gov/authorities/subjects/sh85066744,Institutional care,home_M2,It was a funeral home.,http://id.loc.gov/authorities/subjects/sh85066744,Institutional care,True,0.0,1,0.03786975145339966,,0.190919042,0.052004874,1092,True,6.995766156,7.161306411,Polysemy,N,True,pm85lle7oc,49,11
home,M2_b_M1_b,home_M2,It was a nursing home.,http://id.loc.gov/authorities/subjects/sh85066744,Institutional care,home_M1,It was a childhood home.,http://id.loc.gov/authorities/subjects/sh85040193,Dwellings,False,inf,0,0.5255509614944458,,0.328268707,0.094116032,593,True,6.385194399,7.324952538,Polysemy,N,False,auc5fln1ss,213,11
home,M1_b_M2_a,home_M1,It was a childhood home.,http://id.loc.gov/authorities/subjects/sh85040193,Dwellings,home_M2,It was a funeral home.,http://id.loc.gov/authorities/subjects/sh85066744,Institutional care,False,inf,0,0.5255509614944458,,0.324015737,0.089763939,2219,True,7.704811923,7.161306411,Polysemy,N,False,4zpuq8ud9x,101,11
home,M1_b_M1_a,home_M1,It was a childhood home.,http://id.loc.gov/authorities/subjects/sh85040193,Dwellings,home_M1,It was a summer home.,http://id.loc.gov/authorities/subjects/sh85040193,Dwellings,True,0.0,1,0.01755136251449585,,0.097551465,0.053443015,696,True,6.54534966,7.140701145,Polysemy,N,True,nh9sg3fncc,141,11
course,M1_a_M2_b,course_M1,It was an introductory course.,http://id.loc.gov/authorities/subjects/sh85040989,Education,course_M2,It was a collision course.,http://id.loc.gov/authorities/subjects/sh85090425,Navigation,False,inf,0,0.4695891737937927,,0.476619899,0.099086463,1011,True,6.918695219,7.36436302,Polysemy,N,False,satgb3rqke,51,40
course,M1_a_M2_a,course_M1,It was an introductory course.,http://id.loc.gov/authorities/subjects/sh85040989,Education,course_M2,It was a charted course.,http://id.loc.gov/authorities/subjects/sh85090425,Navigation,False,inf,0,0.4695891737937927,,0.352136493,0.064659238,1439,False,7.271703707,7.361515666,Polysemy,N,False,mwacu22792,47,40
course,M2_a_M1_a,course_M2,It was a charted course.,http://id.loc.gov/authorities/subjects/sh85090425,Navigation,course_M1,It was an introductory course.,http://id.loc.gov/authorities/subjects/sh85040989,Education,False,inf,0,0.4695891737937927,,0.352136493,0.064659238,868,True,6.766191715,7.269349301,Polysemy,N,False,wsf5xp226q,61,40
course,M1_a_M2_b,course_M1,It was an introductory course.,http://id.loc.gov/authorities/subjects/sh85040989,Education,course_M2,It was a collision course.,http://id.loc.gov/authorities/subjects/sh85090425,Navigation,False,inf,0,0.4695891737937927,,0.476619899,0.099086463,726,True,6.587550015,7.36436302,Polysemy,N,False,v75fv9pagb,171,40
course,M2_a_M2_b,course_M2,It was a charted course.,http://id.loc.gov/authorities/subjects/sh85090425,Navigation,course_M2,It was a collision course.,http://id.loc.gov/authorities/subjects/sh85090425,Navigation,True,0.0,1,0.08526736497879028,,0.28404367,0.085401952,2501,True,7.824445931,7.36436302,Polysemy,N,True,jjpm6guwej,47,40
course,M1_a_M1_b,course_M1,It was an introductory course.,http://id.loc.gov/authorities/subjects/sh85040989,Education,course_M1,It was a pass-fail course.,http://id.loc.gov/authorities/subjects/sh85040989,Education,True,0.0,1,0.05794638395309448,,0.595319211,0.053492665,2680,True,7.893572074,7.391101253,Polysemy,N,True,bjdam1cm56,85,40
course,M2_a_M1_b,course_M2,It was a charted course.,http://id.loc.gov/authorities/subjects/sh85090425,Navigation,course_M1,It was a pass-fail course.,http://id.loc.gov/authorities/subjects/sh85040989,Education,False,inf,0,0.4695891737937927,,0.654132903,0.061700404,822,True,6.711740395,7.391101253,Polysemy,N,False,op2dnqu0a7,183,40
course,M1_a_M2_a,course_M1,It was an introductory course.,http://id.loc.gov/authorities/subjects/sh85040989,Education,course_M2,It was a charted course.,http://id.loc.gov/authorities/subjects/sh85090425,Navigation,False,inf,0,0.4695891737937927,,0.352136493,0.064659238,1080,True,6.98471632,7.361515666,Polysemy,N,False,ze8q4rklbg,165,40
course,M2_a_M2_b,course_M2,It was a charted course.,http://id.loc.gov/authorities/subjects/sh85090425,Navigation,course_M2,It was a collision course.,http://id.loc.gov/authorities/subjects/sh85090425,Navigation,True,0.0,1,0.08526736497879028,,0.28404367,0.085401952,745,True,6.613384218,7.36436302,Polysemy,N,True,sn1yu7vsxd,211,40
course,M1_a_M1_b,course_M1,It was an introductory course.,http://id.loc.gov/authorities/subjects/sh85040989,Education,course_M1,It was a pass-fail course.,http://id.loc.gov/authorities/subjects/sh85040989,Education,True,0.0,1,0.05794638395309448,,0.595319211,0.053492665,1880,True,7.539027056,7.391101253,Polysemy,N,True,xqssc38w0c,175,40
course,M1_a_M2_b,course_M1,It was an introductory course.,http://id.loc.gov/authorities/subjects/sh85040989,Education,course_M2,It was a collision course.,http://id.loc.gov/authorities/subjects/sh85090425,Navigation,False,inf,0,0.4695891737937927,,0.476619899,0.099086463,855,False,6.751101469,7.36436302,Polysemy,N,False,h6swhj4mme,129,40
course,M1_b_M2_b,course_M1,It was a pass-fail course.,http://id.loc.gov/authorities/subjects/sh85040989,Education,course_M2,It was a collision course.,http://id.loc.gov/authorities/subjects/sh85090425,Navigation,False,inf,0,0.4695891737937927,,0.667362005,0.068087399,1399,True,7.243512975,7.36436302,Polysemy,N,False,spkx08cwjj,137,40
course,M2_b_M2_a,course_M2,It was a collision course.,http://id.loc.gov/authorities/subjects/sh85090425,Navigation,course_M2,It was a charted course.,http://id.loc.gov/authorities/subjects/sh85090425,Navigation,True,0.0,1,0.08526736497879028,,0.28404367,0.085401952,1134,False,7.033506484,7.361515666,Polysemy,N,True,epkefl89q5,69,40
course,M1_b_M2_a,course_M1,It was a pass-fail course.,http://id.loc.gov/authorities/subjects/sh85040989,Education,course_M2,It was a charted course.,http://id.loc.gov/authorities/subjects/sh85090425,Navigation,False,inf,0,0.4695891737937927,,0.654132903,0.061700404,884,False,6.784457063,7.361515666,Polysemy,N,False,36hk5eeq3x,209,40
course,M1_a_M2_b,course_M1,It was an introductory course.,http://id.loc.gov/authorities/subjects/sh85040989,Education,course_M2,It was a collision course.,http://id.loc.gov/authorities/subjects/sh85090425,Navigation,False,inf,0,0.4695891737937927,,0.476619899,0.099086463,2288,False,7.735433352,7.36436302,Polysemy,N,False,hdquts93lv,93,40
course,M2_a_M1_a,course_M2,It was a charted course.,http://id.loc.gov/authorities/subjects/sh85090425,Navigation,course_M1,It was an introductory course.,http://id.loc.gov/authorities/subjects/sh85040989,Education,False,inf,0,0.4695891737937927,,0.352136493,0.064659238,1110,True,7.012115294,7.269349301,Polysemy,N,False,y8z6hxvply,193,40
course,M2_a_M2_b,course_M2,It was a charted course.,http://id.loc.gov/authorities/subjects/sh85090425,Navigation,course_M2,It was a collision course.,http://id.loc.gov/authorities/subjects/sh85090425,Navigation,True,0.0,1,0.08526736497879028,,0.28404367,0.085401952,691,True,6.538139824,7.36436302,Polysemy,N,True,kha24hryvm,135,40
course,M1_b_M2_b,course_M1,It was a pass-fail course.,http://id.loc.gov/authorities/subjects/sh85040989,Education,course_M2,It was a collision course.,http://id.loc.gov/authorities/subjects/sh85090425,Navigation,False,inf,0,0.4695891737937927,,0.667362005,0.068087399,1253,True,7.133295955,7.36436302,Polysemy,N,False,nrxcy3jh2z,229,40
course,M2_b_M1_a,course_M2,It was a collision course.,http://id.loc.gov/authorities/subjects/sh85090425,Navigation,course_M1,It was an introductory course.,http://id.loc.gov/authorities/subjects/sh85040989,Education,False,inf,0,0.4695891737937927,,0.476619899,0.099086463,1029,True,6.936342736,7.269349301,Polysemy,N,False,se4vr7yp8v,241,40
course,M1_a_M2_a,course_M1,It was an introductory course.,http://id.loc.gov/authorities/subjects/sh85040989,Education,course_M2,It was a charted course.,http://id.loc.gov/authorities/subjects/sh85090425,Navigation,False,inf,0,0.4695891737937927,,0.352136493,0.064659238,1313,False,7.180069874,7.361515666,Polysemy,N,False,r5r8zoalta,149,40
course,M2_b_M2_a,course_M2,It was a collision course.,http://id.loc.gov/authorities/subjects/sh85090425,Navigation,course_M2,It was a charted course.,http://id.loc.gov/authorities/subjects/sh85090425,Navigation,True,0.0,1,0.08526736497879028,,0.28404367,0.085401952,2202,True,7.697121317,7.361515666,Polysemy,N,True,ra0zaqlxos,51,40
course,M1_a_M1_b,course_M1,It was an introductory course.,http://id.loc.gov/authorities/subjects/sh85040989,Education,course_M1,It was a pass-fail course.,http://id.loc.gov/authorities/subjects/sh85040989,Education,True,0.0,1,0.05794638395309448,,0.595319211,0.053492665,1107,True,7.009408933,7.391101253,Polysemy,N,True,0jrp4p98ro,79,40
course,M1_a_M2_b,course_M1,It was an introductory course.,http://id.loc.gov/authorities/subjects/sh85040989,Education,course_M2,It was a collision course.,http://id.loc.gov/authorities/subjects/sh85090425,Navigation,False,inf,0,0.4695891737937927,,0.476619899,0.099086463,900,True,6.802394763,7.36436302,Polysemy,N,False,koccaak1qr,221,40
course,M1_b_M1_a,course_M1,It was a pass-fail course.,http://id.loc.gov/authorities/subjects/sh85040989,Education,course_M1,It was an introductory course.,http://id.loc.gov/authorities/subjects/sh85040989,Education,True,0.0,1,0.05794638395309448,,0.595319211,0.053492665,1222,True,7.10824414,7.269349301,Polysemy,N,True,nuoxoyemfp,161,40
course,M2_b_M2_a,course_M2,It was a collision course.,http://id.loc.gov/authorities/subjects/sh85090425,Navigation,course_M2,It was a charted course.,http://id.loc.gov/authorities/subjects/sh85090425,Navigation,True,0.0,1,0.08526736497879028,,0.28404367,0.085401952,1313,True,7.180069874,7.361515666,Polysemy,N,True,69bk8m4fc2,155,40
course,M2_a_M2_b,course_M2,It was a charted course.,http://id.loc.gov/authorities/subjects/sh85090425,Navigation,course_M2,It was a collision course.,http://id.loc.gov/authorities/subjects/sh85090425,Navigation,True,0.0,1,0.08526736497879028,,0.28404367,0.085401952,1411,True,7.252053952,7.36436302,Polysemy,N,True,j9vhr9vzec,191,40
course,M2_b_M1_a,course_M2,It was a collision course.,http://id.loc.gov/authorities/subjects/sh85090425,Navigation,course_M1,It was an introductory course.,http://id.loc.gov/authorities/subjects/sh85040989,Education,False,inf,0,0.4695891737937927,,0.476619899,0.099086463,943,True,6.849066283,7.269349301,Polysemy,N,False,m3g5101vta,227,40
course,M2_a_M1_a,course_M2,It was a charted course.,http://id.loc.gov/authorities/subjects/sh85090425,Navigation,course_M1,It was an introductory course.,http://id.loc.gov/authorities/subjects/sh85040989,Education,False,inf,0,0.4695891737937927,,0.352136493,0.064659238,1660,True,7.414572881,7.269349301,Polysemy,N,False,p5fm86046c,119,40
course,M2_a_M1_a,course_M2,It was a charted course.,http://id.loc.gov/authorities/subjects/sh85090425,Navigation,course_M1,It was an introductory course.,http://id.loc.gov/authorities/subjects/sh85040989,Education,False,inf,0,0.4695891737937927,,0.352136493,0.064659238,1331,True,7.193685818,7.269349301,Polysemy,N,False,y4puhchaf9,55,40
course,M1_b_M2_b,course_M1,It was a pass-fail course.,http://id.loc.gov/authorities/subjects/sh85040989,Education,course_M2,It was a collision course.,http://id.loc.gov/authorities/subjects/sh85090425,Navigation,False,inf,0,0.4695891737937927,,0.667362005,0.068087399,1901,True,7.550135342,7.36436302,Polysemy,N,False,kd178dnoub,155,40
course,M1_a_M1_b,course_M1,It was an introductory course.,http://id.loc.gov/authorities/subjects/sh85040989,Education,course_M1,It was a pass-fail course.,http://id.loc.gov/authorities/subjects/sh85040989,Education,True,0.0,1,0.05794638395309448,,0.595319211,0.053492665,1205,True,7.094234846,7.391101253,Polysemy,N,True,92yp2w9v56,57,40
course,M2_b_M1_a,course_M2,It was a collision course.,http://id.loc.gov/authorities/subjects/sh85090425,Navigation,course_M1,It was an introductory course.,http://id.loc.gov/authorities/subjects/sh85040989,Education,False,inf,0,0.4695891737937927,,0.476619899,0.099086463,1263,True,7.141245122,7.269349301,Polysemy,N,False,gdwec44k4r,111,40
course,M1_a_M1_b,course_M1,It was an introductory course.,http://id.loc.gov/authorities/subjects/sh85040989,Education,course_M1,It was a pass-fail course.,http://id.loc.gov/authorities/subjects/sh85040989,Education,True,0.0,1,0.05794638395309448,,0.595319211,0.053492665,1822,True,7.507690078,7.391101253,Polysemy,N,True,z02r2dprrd,97,40
course,M1_a_M1_b,course_M1,It was an introductory course.,http://id.loc.gov/authorities/subjects/sh85040989,Education,course_M1,It was a pass-fail course.,http://id.loc.gov/authorities/subjects/sh85040989,Education,True,0.0,1,0.05794638395309448,,0.595319211,0.053492665,1136,True,7.035268599,7.391101253,Polysemy,N,True,tra6y98mle,129,40
course,M2_b_M1_a,course_M2,It was a collision course.,http://id.loc.gov/authorities/subjects/sh85090425,Navigation,course_M1,It was an introductory course.,http://id.loc.gov/authorities/subjects/sh85040989,Education,False,inf,0,0.4695891737937927,,0.476619899,0.099086463,867,True,6.765038977,7.269349301,Polysemy,N,False,w7t2pcpr1z,105,40
course,M2_a_M1_b,course_M2,It was a charted course.,http://id.loc.gov/authorities/subjects/sh85090425,Navigation,course_M1,It was a pass-fail course.,http://id.loc.gov/authorities/subjects/sh85040989,Education,False,inf,0,0.4695891737937927,,0.654132903,0.061700404,1047,True,6.953684211,7.391101253,Polysemy,N,False,somzvrxnz4,241,40
course,M1_b_M1_a,course_M1,It was a pass-fail course.,http://id.loc.gov/authorities/subjects/sh85040989,Education,course_M1,It was an introductory course.,http://id.loc.gov/authorities/subjects/sh85040989,Education,True,0.0,1,0.05794638395309448,,0.595319211,0.053492665,1654,True,7.410951876,7.269349301,Polysemy,N,True,uy86my9o9s,135,40
course,M1_b_M2_a,course_M1,It was a pass-fail course.,http://id.loc.gov/authorities/subjects/sh85040989,Education,course_M2,It was a charted course.,http://id.loc.gov/authorities/subjects/sh85090425,Navigation,False,inf,0,0.4695891737937927,,0.654132903,0.061700404,914,True,6.817830571,7.361515666,Polysemy,N,False,gdlhwqulft,223,40
course,M2_a_M2_b,course_M2,It was a charted course.,http://id.loc.gov/authorities/subjects/sh85090425,Navigation,course_M2,It was a collision course.,http://id.loc.gov/authorities/subjects/sh85090425,Navigation,True,0.0,1,0.08526736497879028,,0.28404367,0.085401952,1008,True,6.915723449,7.36436302,Polysemy,N,True,aekg0u74jn,55,40
course,M2_a_M1_a,course_M2,It was a charted course.,http://id.loc.gov/authorities/subjects/sh85090425,Navigation,course_M1,It was an introductory course.,http://id.loc.gov/authorities/subjects/sh85040989,Education,False,inf,0,0.4695891737937927,,0.352136493,0.064659238,1176,True,7.069874128,7.269349301,Polysemy,N,False,zglqpt5fh7,61,40
course,M1_a_M2_b,course_M1,It was an introductory course.,http://id.loc.gov/authorities/subjects/sh85040989,Education,course_M2,It was a collision course.,http://id.loc.gov/authorities/subjects/sh85090425,Navigation,False,inf,0,0.4695891737937927,,0.476619899,0.099086463,1120,True,7.021083964,7.36436302,Polysemy,N,False,luke3ctol0,75,40
course,M2_a_M1_a,course_M2,It was a charted course.,http://id.loc.gov/authorities/subjects/sh85090425,Navigation,course_M1,It was an introductory course.,http://id.loc.gov/authorities/subjects/sh85040989,Education,False,inf,0,0.4695891737937927,,0.352136493,0.064659238,1107,True,7.009408933,7.269349301,Polysemy,N,False,79d4rp4wbh,163,40
course,M1_b_M1_a,course_M1,It was a pass-fail course.,http://id.loc.gov/authorities/subjects/sh85040989,Education,course_M1,It was an introductory course.,http://id.loc.gov/authorities/subjects/sh85040989,Education,True,0.0,1,0.05794638395309448,,0.595319211,0.053492665,935,True,6.840546529,7.269349301,Polysemy,N,True,2usccf4uxc,67,40
course,M2_a_M1_a,course_M2,It was a charted course.,http://id.loc.gov/authorities/subjects/sh85090425,Navigation,course_M1,It was an introductory course.,http://id.loc.gov/authorities/subjects/sh85040989,Education,False,inf,0,0.4695891737937927,,0.352136493,0.064659238,1407,True,7.249215057,7.269349301,Polysemy,N,False,w18v804q9v,203,40
course,M1_a_M2_b,course_M1,It was an introductory course.,http://id.loc.gov/authorities/subjects/sh85040989,Education,course_M2,It was a collision course.,http://id.loc.gov/authorities/subjects/sh85090425,Navigation,False,inf,0,0.4695891737937927,,0.476619899,0.099086463,1169,True,7.063903961,7.36436302,Polysemy,N,False,bqho6xb6vp,213,40
course,M1_b_M1_a,course_M1,It was a pass-fail course.,http://id.loc.gov/authorities/subjects/sh85040989,Education,course_M1,It was an introductory course.,http://id.loc.gov/authorities/subjects/sh85040989,Education,True,0.0,1,0.05794638395309448,,0.595319211,0.053492665,3904,True,8.269756948,7.269349301,Polysemy,N,True,frqx6vw2d1,65,40
course,M2_b_M1_b,course_M2,It was a collision course.,http://id.loc.gov/authorities/subjects/sh85090425,Navigation,course_M1,It was a pass-fail course.,http://id.loc.gov/authorities/subjects/sh85040989,Education,False,inf,0,0.4695891737937927,,0.667362005,0.068087399,1526,True,7.330405212,7.391101253,Polysemy,N,False,l4avquduxt,151,40
course,M1_a_M2_a,course_M1,It was an introductory course.,http://id.loc.gov/authorities/subjects/sh85040989,Education,course_M2,It was a charted course.,http://id.loc.gov/authorities/subjects/sh85090425,Navigation,False,inf,0,0.4695891737937927,,0.352136493,0.064659238,1934,False,7.567345676,7.361515666,Polysemy,N,False,dthp9ekqaq,49,40
course,M1_a_M2_b,course_M1,It was an introductory course.,http://id.loc.gov/authorities/subjects/sh85040989,Education,course_M2,It was a collision course.,http://id.loc.gov/authorities/subjects/sh85090425,Navigation,False,inf,0,0.4695891737937927,,0.476619899,0.099086463,1485,True,7.303170051,7.36436302,Polysemy,N,False,3focjo2q2y,65,40
course,M2_b_M2_a,course_M2,It was a collision course.,http://id.loc.gov/authorities/subjects/sh85090425,Navigation,course_M2,It was a charted course.,http://id.loc.gov/authorities/subjects/sh85090425,Navigation,True,0.0,1,0.08526736497879028,,0.28404367,0.085401952,773,True,6.650279049,7.361515666,Polysemy,N,True,dol693zfl0,91,40
course,M1_a_M1_b,course_M1,It was an introductory course.,http://id.loc.gov/authorities/subjects/sh85040989,Education,course_M1,It was a pass-fail course.,http://id.loc.gov/authorities/subjects/sh85040989,Education,True,0.0,1,0.05794638395309448,,0.595319211,0.053492665,1656,True,7.412160335,7.391101253,Polysemy,N,True,8tl61v5cpb,239,40
course,M2_b_M1_a,course_M2,It was a collision course.,http://id.loc.gov/authorities/subjects/sh85090425,Navigation,course_M1,It was an introductory course.,http://id.loc.gov/authorities/subjects/sh85040989,Education,False,inf,0,0.4695891737937927,,0.476619899,0.099086463,1056,True,6.962243464,7.269349301,Polysemy,N,False,4edk6y2wlk,139,40
course,M1_b_M1_a,course_M1,It was a pass-fail course.,http://id.loc.gov/authorities/subjects/sh85040989,Education,course_M1,It was an introductory course.,http://id.loc.gov/authorities/subjects/sh85040989,Education,True,0.0,1,0.05794638395309448,,0.595319211,0.053492665,933,True,6.838405201,7.269349301,Polysemy,N,True,1qywoodmd2,217,40
course,M1_a_M1_b,course_M1,It was an introductory course.,http://id.loc.gov/authorities/subjects/sh85040989,Education,course_M1,It was a pass-fail course.,http://id.loc.gov/authorities/subjects/sh85040989,Education,True,0.0,1,0.05794638395309448,,0.595319211,0.053492665,1181,True,7.074116816,7.391101253,Polysemy,N,True,d4b99ue0tu,37,40
course,M2_a_M1_a,course_M2,It was a charted course.,http://id.loc.gov/authorities/subjects/sh85090425,Navigation,course_M1,It was an introductory course.,http://id.loc.gov/authorities/subjects/sh85040989,Education,False,inf,0,0.4695891737937927,,0.352136493,0.064659238,937,True,6.842683282,7.269349301,Polysemy,N,False,dcy113hjjm,33,40
course,M1_a_M2_a,course_M1,It was an introductory course.,http://id.loc.gov/authorities/subjects/sh85040989,Education,course_M2,It was a charted course.,http://id.loc.gov/authorities/subjects/sh85090425,Navigation,False,inf,0,0.4695891737937927,,0.352136493,0.064659238,981,True,6.88857246,7.361515666,Polysemy,N,False,h0th05ppt7,155,40
course,M1_b_M1_a,course_M1,It was a pass-fail course.,http://id.loc.gov/authorities/subjects/sh85040989,Education,course_M1,It was an introductory course.,http://id.loc.gov/authorities/subjects/sh85040989,Education,True,0.0,1,0.05794638395309448,,0.595319211,0.053492665,1563,True,7.35436233,7.269349301,Polysemy,N,True,bacqef0gje,49,40
course,M1_b_M1_a,course_M1,It was a pass-fail course.,http://id.loc.gov/authorities/subjects/sh85040989,Education,course_M1,It was an introductory course.,http://id.loc.gov/authorities/subjects/sh85040989,Education,True,0.0,1,0.05794638395309448,,0.595319211,0.053492665,799,True,6.683360946,7.269349301,Polysemy,N,True,p7h7xsjj50,97,40
course,M2_a_M1_b,course_M2,It was a charted course.,http://id.loc.gov/authorities/subjects/sh85090425,Navigation,course_M1,It was a pass-fail course.,http://id.loc.gov/authorities/subjects/sh85040989,Education,False,inf,0,0.4695891737937927,,0.654132903,0.061700404,1596,True,7.375255778,7.391101253,Polysemy,N,False,kcv5v2zj80,121,40
course,M2_b_M2_a,course_M2,It was a collision course.,http://id.loc.gov/authorities/subjects/sh85090425,Navigation,course_M2,It was a charted course.,http://id.loc.gov/authorities/subjects/sh85090425,Navigation,True,0.0,1,0.08526736497879028,,0.28404367,0.085401952,1202,True,7.091742115,7.361515666,Polysemy,N,True,skb4uv2kf9,199,40
course,M1_a_M2_a,course_M1,It was an introductory course.,http://id.loc.gov/authorities/subjects/sh85040989,Education,course_M2,It was a charted course.,http://id.loc.gov/authorities/subjects/sh85090425,Navigation,False,inf,0,0.4695891737937927,,0.352136493,0.064659238,1624,False,7.392647521,7.361515666,Polysemy,N,False,246unkcyak,55,40
course,M1_b_M2_a,course_M1,It was a pass-fail course.,http://id.loc.gov/authorities/subjects/sh85040989,Education,course_M2,It was a charted course.,http://id.loc.gov/authorities/subjects/sh85090425,Navigation,False,inf,0,0.4695891737937927,,0.654132903,0.061700404,1417,False,7.25629724,7.361515666,Polysemy,N,False,a0u2yg5j7e,39,40
course,M1_a_M2_a,course_M1,It was an introductory course.,http://id.loc.gov/authorities/subjects/sh85040989,Education,course_M2,It was a charted course.,http://id.loc.gov/authorities/subjects/sh85090425,Navigation,False,inf,0,0.4695891737937927,,0.352136493,0.064659238,1044,False,6.950814768,7.361515666,Polysemy,N,False,11pz67y2jv,67,40
course,M1_b_M1_a,course_M1,It was a pass-fail course.,http://id.loc.gov/authorities/subjects/sh85040989,Education,course_M1,It was an introductory course.,http://id.loc.gov/authorities/subjects/sh85040989,Education,True,0.0,1,0.05794638395309448,,0.595319211,0.053492665,820,True,6.70930434,7.269349301,Polysemy,N,True,tzstmyxntu,223,40
course,M2_b_M1_a,course_M2,It was a collision course.,http://id.loc.gov/authorities/subjects/sh85090425,Navigation,course_M1,It was an introductory course.,http://id.loc.gov/authorities/subjects/sh85040989,Education,False,inf,0,0.4695891737937927,,0.476619899,0.099086463,1476,True,7.297091005,7.269349301,Polysemy,N,False,3uxmxe02py,61,40
course,M2_a_M2_b,course_M2,It was a charted course.,http://id.loc.gov/authorities/subjects/sh85090425,Navigation,course_M2,It was a collision course.,http://id.loc.gov/authorities/subjects/sh85090425,Navigation,True,0.0,1,0.08526736497879028,,0.28404367,0.085401952,2655,False,7.884199934,7.36436302,Polysemy,N,True,guqltyqrjz,31,40
course,M1_b_M2_b,course_M1,It was a pass-fail course.,http://id.loc.gov/authorities/subjects/sh85040989,Education,course_M2,It was a collision course.,http://id.loc.gov/authorities/subjects/sh85090425,Navigation,False,inf,0,0.4695891737937927,,0.667362005,0.068087399,3484,True,8.155936338,7.36436302,Polysemy,N,False,jwcxuk91x6,93,40
course,M1_b_M2_b,course_M1,It was a pass-fail course.,http://id.loc.gov/authorities/subjects/sh85040989,Education,course_M2,It was a collision course.,http://id.loc.gov/authorities/subjects/sh85090425,Navigation,False,inf,0,0.4695891737937927,,0.667362005,0.068087399,1146,True,7.044032897,7.36436302,Polysemy,N,False,k9k5bl7bsa,173,40
course,M1_a_M1_b,course_M1,It was an introductory course.,http://id.loc.gov/authorities/subjects/sh85040989,Education,course_M1,It was a pass-fail course.,http://id.loc.gov/authorities/subjects/sh85040989,Education,True,0.0,1,0.05794638395309448,,0.595319211,0.053492665,1219,True,7.105786129,7.391101253,Polysemy,N,True,y52zt9vjyf,225,40
course,M1_b_M1_a,course_M1,It was a pass-fail course.,http://id.loc.gov/authorities/subjects/sh85040989,Education,course_M1,It was an introductory course.,http://id.loc.gov/authorities/subjects/sh85040989,Education,True,0.0,1,0.05794638395309448,,0.595319211,0.053492665,811,True,6.698268054,7.269349301,Polysemy,N,True,ctcq5oob70,145,40
course,M2_b_M1_b,course_M2,It was a collision course.,http://id.loc.gov/authorities/subjects/sh85090425,Navigation,course_M1,It was a pass-fail course.,http://id.loc.gov/authorities/subjects/sh85040989,Education,False,inf,0,0.4695891737937927,,0.667362005,0.068087399,850,True,6.745236349,7.391101253,Polysemy,N,False,rln6tvgsn6,221,40
course,M1_b_M2_a,course_M1,It was a pass-fail course.,http://id.loc.gov/authorities/subjects/sh85040989,Education,course_M2,It was a charted course.,http://id.loc.gov/authorities/subjects/sh85090425,Navigation,False,inf,0,0.4695891737937927,,0.654132903,0.061700404,1104,False,7.006695227,7.361515666,Polysemy,N,False,meaaxoxjw2,91,40
course,M1_b_M2_a,course_M1,It was a pass-fail course.,http://id.loc.gov/authorities/subjects/sh85040989,Education,course_M2,It was a charted course.,http://id.loc.gov/authorities/subjects/sh85090425,Navigation,False,inf,0,0.4695891737937927,,0.654132903,0.061700404,1697,True,7.436617265,7.361515666,Polysemy,N,False,rrded0u35m,237,40
course,M1_b_M2_b,course_M1,It was a pass-fail course.,http://id.loc.gov/authorities/subjects/sh85040989,Education,course_M2,It was a collision course.,http://id.loc.gov/authorities/subjects/sh85090425,Navigation,False,inf,0,0.4695891737937927,,0.667362005,0.068087399,1736,True,7.459338895,7.36436302,Polysemy,N,False,tb47bk2csv,189,40
course,M1_b_M2_a,course_M1,It was a pass-fail course.,http://id.loc.gov/authorities/subjects/sh85040989,Education,course_M2,It was a charted course.,http://id.loc.gov/authorities/subjects/sh85090425,Navigation,False,inf,0,0.4695891737937927,,0.654132903,0.061700404,647,True,6.472346295,7.361515666,Polysemy,N,False,gtj74gj1hs,151,40
course,M1_a_M2_a,course_M1,It was an introductory course.,http://id.loc.gov/authorities/subjects/sh85040989,Education,course_M2,It was a charted course.,http://id.loc.gov/authorities/subjects/sh85090425,Navigation,False,inf,0,0.4695891737937927,,0.352136493,0.064659238,1562,True,7.35372233,7.361515666,Polysemy,N,False,3mb5qrf7ny,93,40
course,M1_b_M2_b,course_M1,It was a pass-fail course.,http://id.loc.gov/authorities/subjects/sh85040989,Education,course_M2,It was a collision course.,http://id.loc.gov/authorities/subjects/sh85090425,Navigation,False,inf,0,0.4695891737937927,,0.667362005,0.068087399,1673,True,7.422373701,7.36436302,Polysemy,N,False,rgkj29k85f,213,40
course,M1_b_M1_a,course_M1,It was a pass-fail course.,http://id.loc.gov/authorities/subjects/sh85040989,Education,course_M1,It was an introductory course.,http://id.loc.gov/authorities/subjects/sh85040989,Education,True,0.0,1,0.05794638395309448,,0.595319211,0.053492665,1509,True,7.319202459,7.269349301,Polysemy,N,True,zc0tcyzalc,51,40
course,M2_a_M2_b,course_M2,It was a charted course.,http://id.loc.gov/authorities/subjects/sh85090425,Navigation,course_M2,It was a collision course.,http://id.loc.gov/authorities/subjects/sh85090425,Navigation,True,0.0,1,0.08526736497879028,,0.28404367,0.085401952,698,True,6.548219103,7.36436302,Polysemy,N,True,11s3zyvhm4,89,40
course,M1_a_M2_b,course_M1,It was an introductory course.,http://id.loc.gov/authorities/subjects/sh85040989,Education,course_M2,It was a collision course.,http://id.loc.gov/authorities/subjects/sh85090425,Navigation,False,inf,0,0.4695891737937927,,0.476619899,0.099086463,975,True,6.882437471,7.36436302,Polysemy,N,False,4ntjz706ef,205,40
course,M2_b_M2_a,course_M2,It was a collision course.,http://id.loc.gov/authorities/subjects/sh85090425,Navigation,course_M2,It was a charted course.,http://id.loc.gov/authorities/subjects/sh85090425,Navigation,True,0.0,1,0.08526736497879028,,0.28404367,0.085401952,1432,True,7.266827348,7.361515666,Polysemy,N,True,awnat83w0r,141,40
course,M1_a_M2_a,course_M1,It was an introductory course.,http://id.loc.gov/authorities/subjects/sh85040989,Education,course_M2,It was a charted course.,http://id.loc.gov/authorities/subjects/sh85090425,Navigation,False,inf,0,0.4695891737937927,,0.352136493,0.064659238,1279,True,7.153833802,7.361515666,Polysemy,N,False,s4hekwenop,179,40
course,M2_a_M2_b,course_M2,It was a charted course.,http://id.loc.gov/authorities/subjects/sh85090425,Navigation,course_M2,It was a collision course.,http://id.loc.gov/authorities/subjects/sh85090425,Navigation,True,0.0,1,0.08526736497879028,,0.28404367,0.085401952,877,True,6.776506992,7.36436302,Polysemy,N,True,wo6c5zy1c7,239,40
course,M1_b_M1_a,course_M1,It was a pass-fail course.,http://id.loc.gov/authorities/subjects/sh85040989,Education,course_M1,It was an introductory course.,http://id.loc.gov/authorities/subjects/sh85040989,Education,True,0.0,1,0.05794638395309448,,0.595319211,0.053492665,968,True,6.875232087,7.269349301,Polysemy,N,True,m6aw5veqof,239,40
course,M2_a_M1_a,course_M2,It was a charted course.,http://id.loc.gov/authorities/subjects/sh85090425,Navigation,course_M1,It was an introductory course.,http://id.loc.gov/authorities/subjects/sh85040989,Education,False,inf,0,0.4695891737937927,,0.352136493,0.064659238,1316,True,7.182352112,7.269349301,Polysemy,N,False,6lbv5uhykm,119,40
course,M2_b_M2_a,course_M2,It was a collision course.,http://id.loc.gov/authorities/subjects/sh85090425,Navigation,course_M2,It was a charted course.,http://id.loc.gov/authorities/subjects/sh85090425,Navigation,True,0.0,1,0.08526736497879028,,0.28404367,0.085401952,1112,True,7.013915475,7.361515666,Polysemy,N,True,68a6hn4uvz,85,40
course,M1_a_M2_a,course_M1,It was an introductory course.,http://id.loc.gov/authorities/subjects/sh85040989,Education,course_M2,It was a charted course.,http://id.loc.gov/authorities/subjects/sh85090425,Navigation,False,inf,0,0.4695891737937927,,0.352136493,0.064659238,1260,True,7.138867,7.361515666,Polysemy,N,False,2r8jyhe7un,239,40
course,M1_a_M2_b,course_M1,It was an introductory course.,http://id.loc.gov/authorities/subjects/sh85040989,Education,course_M2,It was a collision course.,http://id.loc.gov/authorities/subjects/sh85090425,Navigation,False,inf,0,0.4695891737937927,,0.476619899,0.099086463,1465,True,7.289610521,7.36436302,Polysemy,N,False,9xyz8zlap8,63,40
course,M1_a_M2_b,course_M1,It was an introductory course.,http://id.loc.gov/authorities/subjects/sh85040989,Education,course_M2,It was a collision course.,http://id.loc.gov/authorities/subjects/sh85090425,Navigation,False,inf,0,0.4695891737937927,,0.476619899,0.099086463,1530,False,7.333023014,7.36436302,Polysemy,N,False,r1c2epbxzl,33,40
course,M2_a_M2_b,course_M2,It was a charted course.,http://id.loc.gov/authorities/subjects/sh85090425,Navigation,course_M2,It was a collision course.,http://id.loc.gov/authorities/subjects/sh85090425,Navigation,True,0.0,1,0.08526736497879028,,0.28404367,0.085401952,1551,False,7.346655163,7.36436302,Polysemy,N,True,vxyw6621ka,33,40
course,M2_b_M2_a,course_M2,It was a collision course.,http://id.loc.gov/authorities/subjects/sh85090425,Navigation,course_M2,It was a charted course.,http://id.loc.gov/authorities/subjects/sh85090425,Navigation,True,0.0,1,0.08526736497879028,,0.28404367,0.085401952,1438,False,7.271008538,7.361515666,Polysemy,N,True,4suqxr8zom,151,40
course,M1_a_M2_b,course_M1,It was an introductory course.,http://id.loc.gov/authorities/subjects/sh85040989,Education,course_M2,It was a collision course.,http://id.loc.gov/authorities/subjects/sh85090425,Navigation,False,inf,0,0.4695891737937927,,0.476619899,0.099086463,1855,True,7.525639975,7.36436302,Polysemy,N,False,jls43v8rj0,31,40
course,M2_a_M1_a,course_M2,It was a charted course.,http://id.loc.gov/authorities/subjects/sh85090425,Navigation,course_M1,It was an introductory course.,http://id.loc.gov/authorities/subjects/sh85040989,Education,False,inf,0,0.4695891737937927,,0.352136493,0.064659238,806,True,6.692083743,7.269349301,Polysemy,N,False,ne1wq8w4qw,43,40
course,M1_b_M1_a,course_M1,It was a pass-fail course.,http://id.loc.gov/authorities/subjects/sh85040989,Education,course_M1,It was an introductory course.,http://id.loc.gov/authorities/subjects/sh85040989,Education,True,0.0,1,0.05794638395309448,,0.595319211,0.053492665,939,True,6.844815479,7.269349301,Polysemy,N,True,kdxs9d2gww,193,40
course,M1_a_M2_b,course_M1,It was an introductory course.,http://id.loc.gov/authorities/subjects/sh85040989,Education,course_M2,It was a collision course.,http://id.loc.gov/authorities/subjects/sh85090425,Navigation,False,inf,0,0.4695891737937927,,0.476619899,0.099086463,914,True,6.817830571,7.36436302,Polysemy,N,False,6g6ama8qck,247,40
course,M1_a_M2_a,course_M1,It was an introductory course.,http://id.loc.gov/authorities/subjects/sh85040989,Education,course_M2,It was a charted course.,http://id.loc.gov/authorities/subjects/sh85090425,Navigation,False,inf,0,0.4695891737937927,,0.352136493,0.064659238,1273,True,7.149131599,7.361515666,Polysemy,N,False,etthd39jyc,99,40
course,M2_b_M2_a,course_M2,It was a collision course.,http://id.loc.gov/authorities/subjects/sh85090425,Navigation,course_M2,It was a charted course.,http://id.loc.gov/authorities/subjects/sh85090425,Navigation,True,0.0,1,0.08526736497879028,,0.28404367,0.085401952,2313,True,7.746300662,7.361515666,Polysemy,N,True,uaydq1djrs,209,40
course,M1_b_M1_a,course_M1,It was a pass-fail course.,http://id.loc.gov/authorities/subjects/sh85040989,Education,course_M1,It was an introductory course.,http://id.loc.gov/authorities/subjects/sh85040989,Education,True,0.0,1,0.05794638395309448,,0.595319211,0.053492665,921,True,6.825460036,7.269349301,Polysemy,N,True,m7n1h07aw2,115,40
course,M1_b_M2_b,course_M1,It was a pass-fail course.,http://id.loc.gov/authorities/subjects/sh85040989,Education,course_M2,It was a collision course.,http://id.loc.gov/authorities/subjects/sh85090425,Navigation,False,inf,0,0.4695891737937927,,0.667362005,0.068087399,1638,True,7.401231264,7.36436302,Polysemy,N,False,4zpuq8ud9x,243,40
bat,M1_b_M2_a,bat_M1,He saw a fruit bat.,http://id.loc.gov/authorities/subjects/sh85012393,Bats,bat_M2,He saw a wooden bat.,http://id.loc.gov/authorities/subjects/sh85012036,Baseball bats,False,inf,0,0.35242295265197754,,0.199045181,0.049907684,957,True,6.863803391,7.341635651,Homonymy,N,False,qck08emfde,177,52
bat,M2_a_M1_a,bat_M2,He saw a wooden bat.,http://id.loc.gov/authorities/subjects/sh85012036,Baseball bats,bat_M1,He saw a furry bat.,http://id.loc.gov/authorities/subjects/sh85012393,Bats,False,inf,0,0.35242295265197754,,0.141213,0.037469864,806,True,6.692083743,7.373331824,Homonymy,N,False,u6tgegpyj0,119,52
bat,M1_a_M2_a,bat_M1,He saw a furry bat.,http://id.loc.gov/authorities/subjects/sh85012393,Bats,bat_M2,He saw a wooden bat.,http://id.loc.gov/authorities/subjects/sh85012036,Baseball bats,False,inf,0,0.35242295265197754,,0.141213,0.037469864,696,True,6.54534966,7.341635651,Homonymy,N,False,78f1p4m7t2,99,52
bat,M1_b_M2_b,bat_M1,He saw a fruit bat.,http://id.loc.gov/authorities/subjects/sh85012393,Bats,bat_M2,He saw a baseball bat.,http://id.loc.gov/authorities/subjects/sh85012036,Baseball bats,False,inf,0,0.35242295265197754,,0.269888878,0.064392745,684,True,6.527957918,7.195192508,Homonymy,N,False,urq6h944hm,87,52
bat,M2_a_M1_b,bat_M2,He saw a wooden bat.,http://id.loc.gov/authorities/subjects/sh85012036,Baseball bats,bat_M1,He saw a fruit bat.,http://id.loc.gov/authorities/subjects/sh85012393,Bats,False,inf,0,0.35242295265197754,,0.199045181,0.049907684,1580,False,7.365180126,7.429323643,Homonymy,N,False,9fkbaxk3zu,71,52
bat,M1_a_M2_a,bat_M1,He saw a furry bat.,http://id.loc.gov/authorities/subjects/sh85012393,Bats,bat_M2,He saw a wooden bat.,http://id.loc.gov/authorities/subjects/sh85012036,Baseball bats,False,inf,0,0.35242295265197754,,0.141213,0.037469864,999,True,6.906754779,7.341635651,Homonymy,N,False,bjdam1cm56,249,52
bat,M2_a_M2_b,bat_M2,He saw a wooden bat.,http://id.loc.gov/authorities/subjects/sh85012036,Baseball bats,bat_M2,He saw a baseball bat.,http://id.loc.gov/authorities/subjects/sh85012036,Baseball bats,True,0.0,1,0.028296470642089844,,0.098202467,0.045940161,1252,True,7.132497552,7.195192508,Homonymy,N,True,gl71hqusr0,183,52
bat,M2_a_M1_b,bat_M2,He saw a wooden bat.,http://id.loc.gov/authorities/subjects/sh85012036,Baseball bats,bat_M1,He saw a fruit bat.,http://id.loc.gov/authorities/subjects/sh85012393,Bats,False,inf,0,0.35242295265197754,,0.199045181,0.049907684,2114,True,7.656337166,7.429323643,Homonymy,N,False,ze8q4rklbg,97,52
bat,M2_a_M1_a,bat_M2,He saw a wooden bat.,http://id.loc.gov/authorities/subjects/sh85012036,Baseball bats,bat_M1,He saw a furry bat.,http://id.loc.gov/authorities/subjects/sh85012393,Bats,False,inf,0,0.35242295265197754,,0.141213,0.037469864,2248,True,7.717796211,7.373331824,Homonymy,N,False,xqssc38w0c,137,52
bat,M1_a_M2_a,bat_M1,He saw a furry bat.,http://id.loc.gov/authorities/subjects/sh85012393,Bats,bat_M2,He saw a wooden bat.,http://id.loc.gov/authorities/subjects/sh85012036,Baseball bats,False,inf,0,0.35242295265197754,,0.141213,0.037469864,1166,True,7.061334367,7.341635651,Homonymy,N,False,h6swhj4mme,35,52
bat,M1_b_M2_a,bat_M1,He saw a fruit bat.,http://id.loc.gov/authorities/subjects/sh85012393,Bats,bat_M2,He saw a wooden bat.,http://id.loc.gov/authorities/subjects/sh85012036,Baseball bats,False,inf,0,0.35242295265197754,,0.199045181,0.049907684,1820,True,7.50659178,7.341635651,Homonymy,N,False,p5fnydw94c,115,52
bat,M2_b_M1_a,bat_M2,He saw a baseball bat.,http://id.loc.gov/authorities/subjects/sh85012036,Baseball bats,bat_M1,He saw a furry bat.,http://id.loc.gov/authorities/subjects/sh85012393,Bats,False,inf,0,0.35242295265197754,,0.220161021,0.048564672,634,True,6.452048954,7.373331824,Homonymy,N,False,dbd0l1933k,105,52
bat,M2_a_M1_a,bat_M2,He saw a wooden bat.,http://id.loc.gov/authorities/subjects/sh85012036,Baseball bats,bat_M1,He saw a furry bat.,http://id.loc.gov/authorities/subjects/sh85012393,Bats,False,inf,0,0.35242295265197754,,0.141213,0.037469864,1189,False,7.080867897,7.373331824,Homonymy,N,False,36hk5eeq3x,193,52
bat,M1_b_M1_a,bat_M1,He saw a fruit bat.,http://id.loc.gov/authorities/subjects/sh85012393,Bats,bat_M1,He saw a furry bat.,http://id.loc.gov/authorities/subjects/sh85012393,Bats,True,0.0,1,0.035104453563690186,,0.117426872,0.030932486,890,True,6.791221463,7.373331824,Homonymy,N,True,flr5bk7hm2,53,52
bat,M1_b_M2_a,bat_M1,He saw a fruit bat.,http://id.loc.gov/authorities/subjects/sh85012393,Bats,bat_M2,He saw a wooden bat.,http://id.loc.gov/authorities/subjects/sh85012036,Baseball bats,False,inf,0,0.35242295265197754,,0.199045181,0.049907684,753,True,6.624065228,7.341635651,Homonymy,N,False,kha24hryvm,91,52
bat,M1_b_M2_a,bat_M1,He saw a fruit bat.,http://id.loc.gov/authorities/subjects/sh85012393,Bats,bat_M2,He saw a wooden bat.,http://id.loc.gov/authorities/subjects/sh85012036,Baseball bats,False,inf,0,0.35242295265197754,,0.199045181,0.049907684,2378,False,7.774015077,7.341635651,Homonymy,N,False,nrxcy3jh2z,81,52
bat,M2_a_M1_a,bat_M2,He saw a wooden bat.,http://id.loc.gov/authorities/subjects/sh85012036,Baseball bats,bat_M1,He saw a furry bat.,http://id.loc.gov/authorities/subjects/sh85012393,Bats,False,inf,0,0.35242295265197754,,0.141213,0.037469864,1367,False,7.220373837,7.373331824,Homonymy,N,False,3lr2j29be7,45,52
bat,M1_b_M1_a,bat_M1,He saw a fruit bat.,http://id.loc.gov/authorities/subjects/sh85012393,Bats,bat_M1,He saw a furry bat.,http://id.loc.gov/authorities/subjects/sh85012393,Bats,True,0.0,1,0.035104453563690186,,0.117426872,0.030932486,1862,True,7.529406458,7.373331824,Homonymy,N,True,5zu5xn1fq8,113,52
bat,M2_a_M1_b,bat_M2,He saw a wooden bat.,http://id.loc.gov/authorities/subjects/sh85012036,Baseball bats,bat_M1,He saw a fruit bat.,http://id.loc.gov/authorities/subjects/sh85012393,Bats,False,inf,0,0.35242295265197754,,0.199045181,0.049907684,2067,True,7.63385356,7.429323643,Homonymy,N,False,ra0zaqlxos,199,52
bat,M2_a_M1_a,bat_M2,He saw a wooden bat.,http://id.loc.gov/authorities/subjects/sh85012036,Baseball bats,bat_M1,He saw a furry bat.,http://id.loc.gov/authorities/subjects/sh85012393,Bats,False,inf,0,0.35242295265197754,,0.141213,0.037469864,1039,True,6.946013991,7.373331824,Homonymy,N,False,evdgzy3cvj,189,52
bat,M1_a_M2_a,bat_M1,He saw a furry bat.,http://id.loc.gov/authorities/subjects/sh85012393,Bats,bat_M2,He saw a wooden bat.,http://id.loc.gov/authorities/subjects/sh85012036,Baseball bats,False,inf,0,0.35242295265197754,,0.141213,0.037469864,895,True,6.796823718,7.341635651,Homonymy,N,False,tfq4ylwp1x,251,52
bat,M2_a_M1_b,bat_M2,He saw a wooden bat.,http://id.loc.gov/authorities/subjects/sh85012036,Baseball bats,bat_M1,He saw a fruit bat.,http://id.loc.gov/authorities/subjects/sh85012393,Bats,False,inf,0,0.35242295265197754,,0.199045181,0.049907684,1195,False,7.085901464,7.429323643,Homonymy,N,False,nuoxoyemfp,241,52
bat,M2_a_M1_b,bat_M2,He saw a wooden bat.,http://id.loc.gov/authorities/subjects/sh85012036,Baseball bats,bat_M1,He saw a fruit bat.,http://id.loc.gov/authorities/subjects/sh85012393,Bats,False,inf,0,0.35242295265197754,,0.199045181,0.049907684,1915,True,7.557472902,7.429323643,Homonymy,N,False,lt0kapj5fz,109,52
bat,M2_a_M1_b,bat_M2,He saw a wooden bat.,http://id.loc.gov/authorities/subjects/sh85012036,Baseball bats,bat_M1,He saw a fruit bat.,http://id.loc.gov/authorities/subjects/sh85012393,Bats,False,inf,0,0.35242295265197754,,0.199045181,0.049907684,2153,True,7.674617497,7.429323643,Homonymy,N,False,69bk8m4fc2,93,52
bat,M2_b_M1_b,bat_M2,He saw a baseball bat.,http://id.loc.gov/authorities/subjects/sh85012036,Baseball bats,bat_M1,He saw a fruit bat.,http://id.loc.gov/authorities/subjects/sh85012393,Bats,False,inf,0,0.35242295265197754,,0.269888878,0.064392745,2730,False,7.912056888,7.429323643,Homonymy,N,False,j9vhr9vzec,239,52
bat,M2_b_M1_b,bat_M2,He saw a baseball bat.,http://id.loc.gov/authorities/subjects/sh85012036,Baseball bats,bat_M1,He saw a fruit bat.,http://id.loc.gov/authorities/subjects/sh85012393,Bats,False,inf,0,0.35242295265197754,,0.269888878,0.064392745,1187,False,7.079184395,7.429323643,Homonymy,N,False,1lzneddpkq,243,52
bat,M2_a_M1_a,bat_M2,He saw a wooden bat.,http://id.loc.gov/authorities/subjects/sh85012036,Baseball bats,bat_M1,He saw a furry bat.,http://id.loc.gov/authorities/subjects/sh85012393,Bats,False,inf,0,0.35242295265197754,,0.141213,0.037469864,1275,False,7.150701458,7.373331824,Homonymy,N,False,gdwec44k4r,245,52
bat,M2_b_M1_b,bat_M2,He saw a baseball bat.,http://id.loc.gov/authorities/subjects/sh85012036,Baseball bats,bat_M1,He saw a fruit bat.,http://id.loc.gov/authorities/subjects/sh85012393,Bats,False,inf,0,0.35242295265197754,,0.269888878,0.064392745,742,True,6.609349243,7.429323643,Homonymy,N,False,tra6y98mle,95,52
bat,M1_a_M1_b,bat_M1,He saw a furry bat.,http://id.loc.gov/authorities/subjects/sh85012393,Bats,bat_M1,He saw a fruit bat.,http://id.loc.gov/authorities/subjects/sh85012393,Bats,True,0.0,1,0.035104453563690186,,0.117426872,0.030932486,842,True,6.735780014,7.429323643,Homonymy,N,True,w7t2pcpr1z,83,52
bat,M1_b_M2_b,bat_M1,He saw a fruit bat.,http://id.loc.gov/authorities/subjects/sh85012393,Bats,bat_M2,He saw a baseball bat.,http://id.loc.gov/authorities/subjects/sh85012036,Baseball bats,False,inf,0,0.35242295265197754,,0.269888878,0.064392745,818,True,6.706862337,7.195192508,Homonymy,N,False,0l5gfo1s81,159,52
bat,M1_b_M1_a,bat_M1,He saw a fruit bat.,http://id.loc.gov/authorities/subjects/sh85012393,Bats,bat_M1,He saw a furry bat.,http://id.loc.gov/authorities/subjects/sh85012393,Bats,True,0.0,1,0.035104453563690186,,0.117426872,0.030932486,1094,True,6.997595983,7.373331824,Homonymy,N,True,qtxcwuzoo4,143,52
bat,M1_b_M1_a,bat_M1,He saw a fruit bat.,http://id.loc.gov/authorities/subjects/sh85012393,Bats,bat_M1,He saw a furry bat.,http://id.loc.gov/authorities/subjects/sh85012393,Bats,True,0.0,1,0.035104453563690186,,0.117426872,0.030932486,870,False,6.768493212,7.373331824,Homonymy,N,True,emcqel00x3,93,52
bat,M2_a_M1_b,bat_M2,He saw a wooden bat.,http://id.loc.gov/authorities/subjects/sh85012036,Baseball bats,bat_M1,He saw a fruit bat.,http://id.loc.gov/authorities/subjects/sh85012393,Bats,False,inf,0,0.35242295265197754,,0.199045181,0.049907684,967,True,6.874198495,7.429323643,Homonymy,N,False,zjgl4twyhs,219,52
bat,M2_a_M1_b,bat_M2,He saw a wooden bat.,http://id.loc.gov/authorities/subjects/sh85012036,Baseball bats,bat_M1,He saw a fruit bat.,http://id.loc.gov/authorities/subjects/sh85012393,Bats,False,inf,0,0.35242295265197754,,0.199045181,0.049907684,1359,True,7.214504414,7.429323643,Homonymy,N,False,somzvrxnz4,229,52
bat,M1_a_M2_a,bat_M1,He saw a furry bat.,http://id.loc.gov/authorities/subjects/sh85012393,Bats,bat_M2,He saw a wooden bat.,http://id.loc.gov/authorities/subjects/sh85012036,Baseball bats,False,inf,0,0.35242295265197754,,0.141213,0.037469864,683,True,6.52649486,7.341635651,Homonymy,N,False,7hhbw0w7y1,227,52
bat,M1_b_M2_b,bat_M1,He saw a fruit bat.,http://id.loc.gov/authorities/subjects/sh85012393,Bats,bat_M2,He saw a baseball bat.,http://id.loc.gov/authorities/subjects/sh85012036,Baseball bats,False,inf,0,0.35242295265197754,,0.269888878,0.064392745,579,True,6.361302478,7.195192508,Homonymy,N,False,ygz7kz72u2,193,52
bat,M1_b_M2_b,bat_M1,He saw a fruit bat.,http://id.loc.gov/authorities/subjects/sh85012393,Bats,bat_M2,He saw a baseball bat.,http://id.loc.gov/authorities/subjects/sh85012036,Baseball bats,False,inf,0,0.35242295265197754,,0.269888878,0.064392745,1170,True,7.064759028,7.195192508,Homonymy,N,False,unzj7yx25l,125,52
bat,M2_b_M1_b,bat_M2,He saw a baseball bat.,http://id.loc.gov/authorities/subjects/sh85012036,Baseball bats,bat_M1,He saw a fruit bat.,http://id.loc.gov/authorities/subjects/sh85012393,Bats,False,inf,0,0.35242295265197754,,0.269888878,0.064392745,598,True,6.393590754,7.429323643,Homonymy,N,False,bcycp1bevl,181,52
bat,M2_a_M1_a,bat_M2,He saw a wooden bat.,http://id.loc.gov/authorities/subjects/sh85012036,Baseball bats,bat_M1,He saw a furry bat.,http://id.loc.gov/authorities/subjects/sh85012393,Bats,False,inf,0,0.35242295265197754,,0.141213,0.037469864,749,True,6.618738984,7.373331824,Homonymy,N,False,gdlhwqulft,207,52
bat,M2_b_M1_a,bat_M2,He saw a baseball bat.,http://id.loc.gov/authorities/subjects/sh85012036,Baseball bats,bat_M1,He saw a furry bat.,http://id.loc.gov/authorities/subjects/sh85012393,Bats,False,inf,0,0.35242295265197754,,0.220161021,0.048564672,1784,True,7.486613313,7.373331824,Homonymy,N,False,4q5dxb7nhf,235,52
bat,M2_b_M1_b,bat_M2,He saw a baseball bat.,http://id.loc.gov/authorities/subjects/sh85012036,Baseball bats,bat_M1,He saw a fruit bat.,http://id.loc.gov/authorities/subjects/sh85012393,Bats,False,inf,0,0.35242295265197754,,0.269888878,0.064392745,1371,True,7.22329568,7.429323643,Homonymy,N,False,zglqpt5fh7,53,52
bat,M2_b_M2_a,bat_M2,He saw a baseball bat.,http://id.loc.gov/authorities/subjects/sh85012036,Baseball bats,bat_M2,He saw a wooden bat.,http://id.loc.gov/authorities/subjects/sh85012036,Baseball bats,True,0.0,1,0.028296470642089844,,0.098202467,0.045940161,906,True,6.809039306,7.341635651,Homonymy,N,True,prlu1sa9my,179,52
bat,M2_b_M1_b,bat_M2,He saw a baseball bat.,http://id.loc.gov/authorities/subjects/sh85012036,Baseball bats,bat_M1,He saw a fruit bat.,http://id.loc.gov/authorities/subjects/sh85012393,Bats,False,inf,0,0.35242295265197754,,0.269888878,0.064392745,1968,True,7.584773078,7.429323643,Homonymy,N,False,luke3ctol0,31,52
bat,M1_b_M2_a,bat_M1,He saw a fruit bat.,http://id.loc.gov/authorities/subjects/sh85012393,Bats,bat_M2,He saw a wooden bat.,http://id.loc.gov/authorities/subjects/sh85012036,Baseball bats,False,inf,0,0.35242295265197754,,0.199045181,0.049907684,976,True,6.883462586,7.341635651,Homonymy,N,False,79d4rp4wbh,87,52
bat,M1_a_M2_a,bat_M1,He saw a furry bat.,http://id.loc.gov/authorities/subjects/sh85012393,Bats,bat_M2,He saw a wooden bat.,http://id.loc.gov/authorities/subjects/sh85012036,Baseball bats,False,inf,0,0.35242295265197754,,0.141213,0.037469864,957,True,6.863803391,7.341635651,Homonymy,N,False,2usccf4uxc,39,52
bat,M2_b_M1_a,bat_M2,He saw a baseball bat.,http://id.loc.gov/authorities/subjects/sh85012036,Baseball bats,bat_M1,He saw a furry bat.,http://id.loc.gov/authorities/subjects/sh85012393,Bats,False,inf,0,0.35242295265197754,,0.220161021,0.048564672,1729,False,7.455298486,7.373331824,Homonymy,N,False,frqx6vw2d1,135,52
bat,M2_a_M2_b,bat_M2,He saw a wooden bat.,http://id.loc.gov/authorities/subjects/sh85012036,Baseball bats,bat_M2,He saw a baseball bat.,http://id.loc.gov/authorities/subjects/sh85012036,Baseball bats,True,0.0,1,0.028296470642089844,,0.098202467,0.045940161,2610,True,7.8671055,7.195192508,Homonymy,N,True,vm3yk3su0e,155,52
bat,M1_a_M2_b,bat_M1,He saw a furry bat.,http://id.loc.gov/authorities/subjects/sh85012393,Bats,bat_M2,He saw a baseball bat.,http://id.loc.gov/authorities/subjects/sh85012036,Baseball bats,False,inf,0,0.35242295265197754,,0.220161021,0.048564672,1056,True,6.962243464,7.195192508,Homonymy,N,False,l4avquduxt,149,52
bat,M2_b_M1_b,bat_M2,He saw a baseball bat.,http://id.loc.gov/authorities/subjects/sh85012036,Baseball bats,bat_M1,He saw a fruit bat.,http://id.loc.gov/authorities/subjects/sh85012393,Bats,False,inf,0,0.35242295265197754,,0.269888878,0.064392745,2451,False,7.804251384,7.429323643,Homonymy,N,False,dthp9ekqaq,83,52
bat,M1_b_M1_a,bat_M1,He saw a fruit bat.,http://id.loc.gov/authorities/subjects/sh85012393,Bats,bat_M1,He saw a furry bat.,http://id.loc.gov/authorities/subjects/sh85012393,Bats,True,0.0,1,0.035104453563690186,,0.117426872,0.030932486,1402,False,7.245655068,7.373331824,Homonymy,N,True,8tl61v5cpb,179,52
bat,M1_b_M2_a,bat_M1,He saw a fruit bat.,http://id.loc.gov/authorities/subjects/sh85012393,Bats,bat_M2,He saw a wooden bat.,http://id.loc.gov/authorities/subjects/sh85012036,Baseball bats,False,inf,0,0.35242295265197754,,0.199045181,0.049907684,2307,True,7.743703258,7.341635651,Homonymy,N,False,1qywoodmd2,35,52
bat,M2_b_M1_a,bat_M2,He saw a baseball bat.,http://id.loc.gov/authorities/subjects/sh85012036,Baseball bats,bat_M1,He saw a furry bat.,http://id.loc.gov/authorities/subjects/sh85012393,Bats,False,inf,0,0.35242295265197754,,0.220161021,0.048564672,1855,True,7.525639975,7.373331824,Homonymy,N,False,rrf38z917v,123,52
bat,M1_b_M2_b,bat_M1,He saw a fruit bat.,http://id.loc.gov/authorities/subjects/sh85012393,Bats,bat_M2,He saw a baseball bat.,http://id.loc.gov/authorities/subjects/sh85012036,Baseball bats,False,inf,0,0.35242295265197754,,0.269888878,0.064392745,1612,True,7.385230923,7.195192508,Homonymy,N,False,1wzodbsf7y,133,52
bat,M1_a_M2_a,bat_M1,He saw a furry bat.,http://id.loc.gov/authorities/subjects/sh85012393,Bats,bat_M2,He saw a wooden bat.,http://id.loc.gov/authorities/subjects/sh85012036,Baseball bats,False,inf,0,0.35242295265197754,,0.141213,0.037469864,1064,True,6.96979067,7.341635651,Homonymy,N,False,qpgf6y0h0r,227,52
bat,M2_b_M1_a,bat_M2,He saw a baseball bat.,http://id.loc.gov/authorities/subjects/sh85012036,Baseball bats,bat_M1,He saw a furry bat.,http://id.loc.gov/authorities/subjects/sh85012393,Bats,False,inf,0,0.35242295265197754,,0.220161021,0.048564672,1397,False,7.242082359,7.373331824,Homonymy,N,False,d4b99ue0tu,187,52
bat,M1_a_M2_a,bat_M1,He saw a furry bat.,http://id.loc.gov/authorities/subjects/sh85012393,Bats,bat_M2,He saw a wooden bat.,http://id.loc.gov/authorities/subjects/sh85012036,Baseball bats,False,inf,0,0.35242295265197754,,0.141213,0.037469864,961,True,6.867974409,7.341635651,Homonymy,N,False,xesfu0h98k,51,52
bat,M2_b_M1_a,bat_M2,He saw a baseball bat.,http://id.loc.gov/authorities/subjects/sh85012036,Baseball bats,bat_M1,He saw a furry bat.,http://id.loc.gov/authorities/subjects/sh85012393,Bats,False,inf,0,0.35242295265197754,,0.220161021,0.048564672,2501,False,7.824445931,7.373331824,Homonymy,N,False,ea54kkhdyv,95,52
bat,M1_b_M1_a,bat_M1,He saw a fruit bat.,http://id.loc.gov/authorities/subjects/sh85012393,Bats,bat_M1,He saw a furry bat.,http://id.loc.gov/authorities/subjects/sh85012393,Bats,True,0.0,1,0.035104453563690186,,0.117426872,0.030932486,1494,True,7.309212366,7.373331824,Homonymy,N,True,5jdbzv6v5c,217,52
bat,M2_b_M1_b,bat_M2,He saw a baseball bat.,http://id.loc.gov/authorities/subjects/sh85012036,Baseball bats,bat_M1,He saw a fruit bat.,http://id.loc.gov/authorities/subjects/sh85012393,Bats,False,inf,0,0.35242295265197754,,0.269888878,0.064392745,703,True,6.555356892,7.429323643,Homonymy,N,False,p7h7xsjj50,129,52
bat,M2_b_M2_a,bat_M2,He saw a baseball bat.,http://id.loc.gov/authorities/subjects/sh85012036,Baseball bats,bat_M2,He saw a wooden bat.,http://id.loc.gov/authorities/subjects/sh85012036,Baseball bats,True,0.0,1,0.028296470642089844,,0.098202467,0.045940161,607,True,6.408528791,7.341635651,Homonymy,N,True,864zg5t8jb,225,52
bat,M1_a_M1_b,bat_M1,He saw a furry bat.,http://id.loc.gov/authorities/subjects/sh85012393,Bats,bat_M1,He saw a fruit bat.,http://id.loc.gov/authorities/subjects/sh85012393,Bats,True,0.0,1,0.035104453563690186,,0.117426872,0.030932486,1033,True,6.940222469,7.429323643,Homonymy,N,True,kcv5v2zj80,47,52
bat,M1_a_M1_b,bat_M1,He saw a furry bat.,http://id.loc.gov/authorities/subjects/sh85012393,Bats,bat_M1,He saw a fruit bat.,http://id.loc.gov/authorities/subjects/sh85012393,Bats,True,0.0,1,0.035104453563690186,,0.117426872,0.030932486,765,False,6.639875834,7.429323643,Homonymy,N,True,34628l2rmq,95,52
bat,M2_a_M1_a,bat_M2,He saw a wooden bat.,http://id.loc.gov/authorities/subjects/sh85012036,Baseball bats,bat_M1,He saw a furry bat.,http://id.loc.gov/authorities/subjects/sh85012393,Bats,False,inf,0,0.35242295265197754,,0.141213,0.037469864,1152,True,7.049254841,7.373331824,Homonymy,N,False,02cpp7rcbk,207,52
bat,M2_a_M1_a,bat_M2,He saw a wooden bat.,http://id.loc.gov/authorities/subjects/sh85012036,Baseball bats,bat_M1,He saw a furry bat.,http://id.loc.gov/authorities/subjects/sh85012393,Bats,False,inf,0,0.35242295265197754,,0.141213,0.037469864,3352,False,8.117312462,7.373331824,Homonymy,N,False,11pz67y2jv,41,52
bat,M2_a_M2_b,bat_M2,He saw a wooden bat.,http://id.loc.gov/authorities/subjects/sh85012036,Baseball bats,bat_M2,He saw a baseball bat.,http://id.loc.gov/authorities/subjects/sh85012036,Baseball bats,True,0.0,1,0.028296470642089844,,0.098202467,0.045940161,614,True,6.419994928,7.195192508,Homonymy,N,True,cpjzep1zv0,213,52
bat,M1_a_M2_b,bat_M1,He saw a furry bat.,http://id.loc.gov/authorities/subjects/sh85012393,Bats,bat_M2,He saw a baseball bat.,http://id.loc.gov/authorities/subjects/sh85012036,Baseball bats,False,inf,0,0.35242295265197754,,0.220161021,0.048564672,1162,True,7.057897937,7.195192508,Homonymy,N,False,du57z90equ,203,52
bat,M1_b_M2_b,bat_M1,He saw a fruit bat.,http://id.loc.gov/authorities/subjects/sh85012393,Bats,bat_M2,He saw a baseball bat.,http://id.loc.gov/authorities/subjects/sh85012036,Baseball bats,False,inf,0,0.35242295265197754,,0.269888878,0.064392745,995,True,6.902742737,7.195192508,Homonymy,N,False,k9k5bl7bsa,235,52
bat,M1_b_M2_a,bat_M1,He saw a fruit bat.,http://id.loc.gov/authorities/subjects/sh85012393,Bats,bat_M2,He saw a wooden bat.,http://id.loc.gov/authorities/subjects/sh85012036,Baseball bats,False,inf,0,0.35242295265197754,,0.199045181,0.049907684,1390,True,7.237059026,7.341635651,Homonymy,N,False,aq8lxy7f2y,193,52
bat,M1_a_M2_a,bat_M1,He saw a furry bat.,http://id.loc.gov/authorities/subjects/sh85012393,Bats,bat_M2,He saw a wooden bat.,http://id.loc.gov/authorities/subjects/sh85012036,Baseball bats,False,inf,0,0.35242295265197754,,0.141213,0.037469864,503,True,6.22059017,7.341635651,Homonymy,N,False,6mgqfqnfnt,57,52
bat,M2_a_M1_b,bat_M2,He saw a wooden bat.,http://id.loc.gov/authorities/subjects/sh85012036,Baseball bats,bat_M1,He saw a fruit bat.,http://id.loc.gov/authorities/subjects/sh85012393,Bats,False,inf,0,0.35242295265197754,,0.199045181,0.049907684,1333,False,7.19518732,7.429323643,Homonymy,N,False,o40xglp55j,149,52
bat,M1_b_M2_b,bat_M1,He saw a fruit bat.,http://id.loc.gov/authorities/subjects/sh85012393,Bats,bat_M2,He saw a baseball bat.,http://id.loc.gov/authorities/subjects/sh85012036,Baseball bats,False,inf,0,0.35242295265197754,,0.269888878,0.064392745,1248,True,7.129297549,7.195192508,Homonymy,N,False,y52zt9vjyf,73,52
bat,M2_b_M1_a,bat_M2,He saw a baseball bat.,http://id.loc.gov/authorities/subjects/sh85012036,Baseball bats,bat_M1,He saw a furry bat.,http://id.loc.gov/authorities/subjects/sh85012393,Bats,False,inf,0,0.35242295265197754,,0.220161021,0.048564672,918,False,6.822197391,7.373331824,Homonymy,N,False,xdomj2pout,77,52
bat,M1_a_M1_b,bat_M1,He saw a furry bat.,http://id.loc.gov/authorities/subjects/sh85012393,Bats,bat_M1,He saw a fruit bat.,http://id.loc.gov/authorities/subjects/sh85012393,Bats,True,0.0,1,0.035104453563690186,,0.117426872,0.030932486,1065,True,6.970730078,7.429323643,Homonymy,N,True,rln6tvgsn6,31,52
bat,M2_a_M2_b,bat_M2,He saw a wooden bat.,http://id.loc.gov/authorities/subjects/sh85012036,Baseball bats,bat_M2,He saw a baseball bat.,http://id.loc.gov/authorities/subjects/sh85012036,Baseball bats,True,0.0,1,0.028296470642089844,,0.098202467,0.045940161,1681,True,7.427144133,7.195192508,Homonymy,N,True,tb47bk2csv,35,52
bat,M2_a_M1_b,bat_M2,He saw a wooden bat.,http://id.loc.gov/authorities/subjects/sh85012036,Baseball bats,bat_M1,He saw a fruit bat.,http://id.loc.gov/authorities/subjects/sh85012393,Bats,False,inf,0,0.35242295265197754,,0.199045181,0.049907684,672,True,6.510258341,7.429323643,Homonymy,N,False,kzt7mhlhq0,97,52
bat,M1_b_M2_a,bat_M1,He saw a fruit bat.,http://id.loc.gov/authorities/subjects/sh85012393,Bats,bat_M2,He saw a wooden bat.,http://id.loc.gov/authorities/subjects/sh85012036,Baseball bats,False,inf,0,0.35242295265197754,,0.199045181,0.049907684,1313,True,7.180069874,7.341635651,Homonymy,N,False,3mb5qrf7ny,133,52
bat,M1_a_M2_a,bat_M1,He saw a furry bat.,http://id.loc.gov/authorities/subjects/sh85012393,Bats,bat_M2,He saw a wooden bat.,http://id.loc.gov/authorities/subjects/sh85012036,Baseball bats,False,inf,0,0.35242295265197754,,0.141213,0.037469864,1628,True,7.395107547,7.341635651,Homonymy,N,False,phcg9go4je,93,52
bat,M1_a_M2_b,bat_M1,He saw a furry bat.,http://id.loc.gov/authorities/subjects/sh85012393,Bats,bat_M2,He saw a baseball bat.,http://id.loc.gov/authorities/subjects/sh85012036,Baseball bats,False,inf,0,0.35242295265197754,,0.220161021,0.048564672,1242,True,7.124478262,7.195192508,Homonymy,N,False,ylr2c47dx9,233,52
bat,M2_b_M1_b,bat_M2,He saw a baseball bat.,http://id.loc.gov/authorities/subjects/sh85012036,Baseball bats,bat_M1,He saw a fruit bat.,http://id.loc.gov/authorities/subjects/sh85012393,Bats,False,inf,0,0.35242295265197754,,0.269888878,0.064392745,1764,True,7.475339237,7.429323643,Homonymy,N,False,awnat83w0r,233,52
bat,M1_b_M2_b,bat_M1,He saw a fruit bat.,http://id.loc.gov/authorities/subjects/sh85012393,Bats,bat_M2,He saw a baseball bat.,http://id.loc.gov/authorities/subjects/sh85012036,Baseball bats,False,inf,0,0.35242295265197754,,0.269888878,0.064392745,851,True,6.746412129,7.195192508,Homonymy,N,False,m6aw5veqof,161,52
bat,M2_a_M1_a,bat_M2,He saw a wooden bat.,http://id.loc.gov/authorities/subjects/sh85012036,Baseball bats,bat_M1,He saw a furry bat.,http://id.loc.gov/authorities/subjects/sh85012393,Bats,False,inf,0,0.35242295265197754,,0.141213,0.037469864,1032,True,6.939253946,7.373331824,Homonymy,N,False,2r8jyhe7un,171,52
bat,M1_b_M2_b,bat_M1,He saw a fruit bat.,http://id.loc.gov/authorities/subjects/sh85012393,Bats,bat_M2,He saw a baseball bat.,http://id.loc.gov/authorities/subjects/sh85012036,Baseball bats,False,inf,0,0.35242295265197754,,0.269888878,0.064392745,2000,True,7.60090246,7.195192508,Homonymy,N,False,vc2ac751cz,161,52
bat,M2_b_M1_a,bat_M2,He saw a baseball bat.,http://id.loc.gov/authorities/subjects/sh85012036,Baseball bats,bat_M1,He saw a furry bat.,http://id.loc.gov/authorities/subjects/sh85012393,Bats,False,inf,0,0.35242295265197754,,0.220161021,0.048564672,623,True,6.434546519,7.373331824,Homonymy,N,False,jls43v8rj0,197,52
bat,M1_b_M1_a,bat_M1,He saw a fruit bat.,http://id.loc.gov/authorities/subjects/sh85012393,Bats,bat_M1,He saw a furry bat.,http://id.loc.gov/authorities/subjects/sh85012393,Bats,True,0.0,1,0.035104453563690186,,0.117426872,0.030932486,1226,True,7.111512116,7.373331824,Homonymy,N,True,ne1wq8w4qw,147,52
bat,M1_b_M2_a,bat_M1,He saw a fruit bat.,http://id.loc.gov/authorities/subjects/sh85012393,Bats,bat_M2,He saw a wooden bat.,http://id.loc.gov/authorities/subjects/sh85012036,Baseball bats,False,inf,0,0.35242295265197754,,0.199045181,0.049907684,1378,True,7.228388452,7.341635651,Homonymy,N,False,kdxs9d2gww,215,52
bat,M2_a_M1_a,bat_M2,He saw a wooden bat.,http://id.loc.gov/authorities/subjects/sh85012036,Baseball bats,bat_M1,He saw a furry bat.,http://id.loc.gov/authorities/subjects/sh85012393,Bats,False,inf,0,0.35242295265197754,,0.141213,0.037469864,867,True,6.765038977,7.373331824,Homonymy,N,False,6g6ama8qck,185,52
bat,M2_b_M1_a,bat_M2,He saw a baseball bat.,http://id.loc.gov/authorities/subjects/sh85012036,Baseball bats,bat_M1,He saw a furry bat.,http://id.loc.gov/authorities/subjects/sh85012393,Bats,False,inf,0,0.35242295265197754,,0.220161021,0.048564672,1021,False,6.928537818,7.373331824,Homonymy,N,False,rxphbopbuk,77,52
bat,M1_a_M2_b,bat_M1,He saw a furry bat.,http://id.loc.gov/authorities/subjects/sh85012393,Bats,bat_M2,He saw a baseball bat.,http://id.loc.gov/authorities/subjects/sh85012036,Baseball bats,False,inf,0,0.35242295265197754,,0.220161021,0.048564672,1224,True,7.109879463,7.195192508,Homonymy,N,False,kgyhdlaomp,67,52
bat,M1_a_M2_a,bat_M1,He saw a furry bat.,http://id.loc.gov/authorities/subjects/sh85012393,Bats,bat_M2,He saw a wooden bat.,http://id.loc.gov/authorities/subjects/sh85012036,Baseball bats,False,inf,0,0.35242295265197754,,0.141213,0.037469864,1977,True,7.589335823,7.341635651,Homonymy,N,False,4zpuq8ud9x,197,52
bat,M1_b_M1_a,bat_M1,He saw a fruit bat.,http://id.loc.gov/authorities/subjects/sh85012393,Bats,bat_M1,He saw a furry bat.,http://id.loc.gov/authorities/subjects/sh85012393,Bats,True,0.0,1,0.035104453563690186,,0.117426872,0.030932486,828,True,6.719013154,7.373331824,Homonymy,N,True,x784e4lcbj,145,52
lamb,M2_b_M1_a,lamb_M2,They liked the friendly lamb.,http://id.loc.gov/authorities/subjects/sh85074185,Lambs,lamb_M1,They liked the marinated lamb.,http://id.loc.gov/authorities/subjects/sh85074167,Lamb (Meat),False,1.0,1,0.3138458728790283,,0.110114396,0.061512589,1335,False,7.196686571,7.397946274,Polysemy,N,False,u6tgegpyj0,187,0
lamb,M2_a_M1_a,lamb_M2,They liked the cute lamb.,http://id.loc.gov/authorities/subjects/sh85074185,Lambs,lamb_M1,They liked the marinated lamb.,http://id.loc.gov/authorities/subjects/sh85074167,Lamb (Meat),False,1.0,1,0.3138458728790283,,0.091305315,0.052619398,1528,True,7.33171497,7.397946274,Polysemy,N,False,satgb3rqke,185,0
lamb,M2_b_M1_b,lamb_M2,They liked the friendly lamb.,http://id.loc.gov/authorities/subjects/sh85074185,Lambs,lamb_M1,They liked the grilled lamb.,http://id.loc.gov/authorities/subjects/sh85074167,Lamb (Meat),False,1.0,1,0.3138458728790283,,0.107629597,0.059822142,1011,True,6.918695219,7.417643476,Polysemy,N,False,wsf5xp226q,85,0
lamb,M2_b_M1_a,lamb_M2,They liked the friendly lamb.,http://id.loc.gov/authorities/subjects/sh85074185,Lambs,lamb_M1,They liked the marinated lamb.,http://id.loc.gov/authorities/subjects/sh85074167,Lamb (Meat),False,1.0,1,0.3138458728790283,,0.110114396,0.061512589,823,False,6.712956201,7.397946274,Polysemy,N,False,v75fv9pagb,77,0
lamb,M1_b_M1_a,lamb_M1,They liked the grilled lamb.,http://id.loc.gov/authorities/subjects/sh85074167,Lamb (Meat),lamb_M1,They liked the marinated lamb.,http://id.loc.gov/authorities/subjects/sh85074167,Lamb (Meat),True,0.0,1,0.011156976222991943,,0.041544676,0.236713231,698,True,6.548219103,7.397946274,Polysemy,N,True,np8fheoehh,249,0
lamb,M1_a_M2_b,lamb_M1,They liked the marinated lamb.,http://id.loc.gov/authorities/subjects/sh85074167,Lamb (Meat),lamb_M2,They liked the friendly lamb.,http://id.loc.gov/authorities/subjects/sh85074185,Lambs,False,1.0,1,0.3138458728790283,,0.110114396,0.061512589,817,True,6.705639095,7.538250919,Polysemy,N,False,so1m7krwy9,209,0
lamb,M2_b_M2_a,lamb_M2,They liked the friendly lamb.,http://id.loc.gov/authorities/subjects/sh85074185,Lambs,lamb_M2,They liked the cute lamb.,http://id.loc.gov/authorities/subjects/sh85074185,Lambs,True,0.0,1,0.02370220422744751,,0.032332778,0.022594988,1124,True,7.02464903,7.255574669,Polysemy,N,True,ael4gl3t9n,85,0
lamb,M2_b_M1_b,lamb_M2,They liked the friendly lamb.,http://id.loc.gov/authorities/subjects/sh85074185,Lambs,lamb_M1,They liked the grilled lamb.,http://id.loc.gov/authorities/subjects/sh85074167,Lamb (Meat),False,1.0,1,0.3138458728790283,,0.107629597,0.059822142,714,True,6.570882962,7.417643476,Polysemy,N,False,op2dnqu0a7,201,0
lamb,M1_b_M2_a,lamb_M1,They liked the grilled lamb.,http://id.loc.gov/authorities/subjects/sh85074167,Lamb (Meat),lamb_M2,They liked the cute lamb.,http://id.loc.gov/authorities/subjects/sh85074185,Lambs,False,1.0,1,0.3138458728790283,,0.08867979,0.05507952,1120,True,7.021083964,7.255574669,Polysemy,N,False,b3kl0cgv2r,179,0
lamb,M1_b_M1_a,lamb_M1,They liked the grilled lamb.,http://id.loc.gov/authorities/subjects/sh85074167,Lamb (Meat),lamb_M1,They liked the marinated lamb.,http://id.loc.gov/authorities/subjects/sh85074167,Lamb (Meat),True,0.0,1,0.011156976222991943,,0.041544676,0.236713231,1009,True,6.91671502,7.397946274,Polysemy,N,True,ze8q4rklbg,137,0
lamb,M2_b_M1_b,lamb_M2,They liked the friendly lamb.,http://id.loc.gov/authorities/subjects/sh85074185,Lambs,lamb_M1,They liked the grilled lamb.,http://id.loc.gov/authorities/subjects/sh85074167,Lamb (Meat),False,1.0,1,0.3138458728790283,,0.107629597,0.059822142,1672,True,7.421775794,7.417643476,Polysemy,N,False,xqssc38w0c,33,0
lamb,M2_b_M1_a,lamb_M2,They liked the friendly lamb.,http://id.loc.gov/authorities/subjects/sh85074185,Lambs,lamb_M1,They liked the marinated lamb.,http://id.loc.gov/authorities/subjects/sh85074167,Lamb (Meat),False,1.0,1,0.3138458728790283,,0.110114396,0.061512589,2102,True,7.650644551,7.397946274,Polysemy,N,False,h6swhj4mme,231,0
lamb,M2_b_M1_a,lamb_M2,They liked the friendly lamb.,http://id.loc.gov/authorities/subjects/sh85074185,Lambs,lamb_M1,They liked the marinated lamb.,http://id.loc.gov/authorities/subjects/sh85074167,Lamb (Meat),False,1.0,1,0.3138458728790283,,0.110114396,0.061512589,789,False,6.670766321,7.397946274,Polysemy,N,False,p5fnydw94c,139,0
lamb,M2_a_M1_b,lamb_M2,They liked the cute lamb.,http://id.loc.gov/authorities/subjects/sh85074185,Lambs,lamb_M1,They liked the grilled lamb.,http://id.loc.gov/authorities/subjects/sh85074167,Lamb (Meat),False,1.0,1,0.3138458728790283,,0.08867979,0.05507952,1911,True,7.555381944,7.417643476,Polysemy,N,False,spkx08cwjj,107,0
lamb,M2_a_M1_a,lamb_M2,They liked the cute lamb.,http://id.loc.gov/authorities/subjects/sh85074185,Lambs,lamb_M1,They liked the marinated lamb.,http://id.loc.gov/authorities/subjects/sh85074167,Lamb (Meat),False,1.0,1,0.3138458728790283,,0.091305315,0.052619398,2179,True,7.686621335,7.397946274,Polysemy,N,False,epkefl89q5,123,0
lamb,M1_a_M2_b,lamb_M1,They liked the marinated lamb.,http://id.loc.gov/authorities/subjects/sh85074167,Lamb (Meat),lamb_M2,They liked the friendly lamb.,http://id.loc.gov/authorities/subjects/sh85074185,Lambs,False,1.0,1,0.3138458728790283,,0.110114396,0.061512589,991,False,6.898714534,7.538250919,Polysemy,N,False,36hk5eeq3x,245,0
lamb,M2_b_M1_b,lamb_M2,They liked the friendly lamb.,http://id.loc.gov/authorities/subjects/sh85074185,Lambs,lamb_M1,They liked the grilled lamb.,http://id.loc.gov/authorities/subjects/sh85074167,Lamb (Meat),False,1.0,1,0.3138458728790283,,0.107629597,0.059822142,1173,True,7.067319849,7.417643476,Polysemy,N,False,flr5bk7hm2,151,0
lamb,M1_a_M2_a,lamb_M1,They liked the marinated lamb.,http://id.loc.gov/authorities/subjects/sh85074167,Lamb (Meat),lamb_M2,They liked the cute lamb.,http://id.loc.gov/authorities/subjects/sh85074185,Lambs,False,1.0,1,0.3138458728790283,,0.091305315,0.052619398,1145,False,7.043159916,7.255574669,Polysemy,N,False,nrxcy3jh2z,195,0
lamb,M2_b_M1_a,lamb_M2,They liked the friendly lamb.,http://id.loc.gov/authorities/subjects/sh85074185,Lambs,lamb_M1,They liked the marinated lamb.,http://id.loc.gov/authorities/subjects/sh85074167,Lamb (Meat),False,1.0,1,0.3138458728790283,,0.110114396,0.061512589,2132,True,7.664815785,7.397946274,Polysemy,N,False,wdgq8cekjp,251,0
lamb,M2_a_M2_b,lamb_M2,They liked the cute lamb.,http://id.loc.gov/authorities/subjects/sh85074185,Lambs,lamb_M2,They liked the friendly lamb.,http://id.loc.gov/authorities/subjects/sh85074185,Lambs,True,0.0,1,0.02370220422744751,,0.032332778,0.022594988,1183,True,7.075808864,7.538250919,Polysemy,N,True,5zu5xn1fq8,179,0
lamb,M2_a_M1_a,lamb_M2,They liked the cute lamb.,http://id.loc.gov/authorities/subjects/sh85074185,Lambs,lamb_M1,They liked the marinated lamb.,http://id.loc.gov/authorities/subjects/sh85074167,Lamb (Meat),False,1.0,1,0.3138458728790283,,0.091305315,0.052619398,815,True,6.703188113,7.397946274,Polysemy,N,False,961ytz4h4r,109,0
lamb,M2_b_M1_a,lamb_M2,They liked the friendly lamb.,http://id.loc.gov/authorities/subjects/sh85074185,Lambs,lamb_M1,They liked the marinated lamb.,http://id.loc.gov/authorities/subjects/sh85074167,Lamb (Meat),False,1.0,1,0.3138458728790283,,0.110114396,0.061512589,1223,True,7.109062136,7.397946274,Polysemy,N,False,meoc92246n,179,0
lamb,M2_a_M1_a,lamb_M2,They liked the cute lamb.,http://id.loc.gov/authorities/subjects/sh85074185,Lambs,lamb_M1,They liked the marinated lamb.,http://id.loc.gov/authorities/subjects/sh85074167,Lamb (Meat),False,1.0,1,0.3138458728790283,,0.091305315,0.052619398,1089,True,6.993015123,7.397946274,Polysemy,N,False,0jrp4p98ro,217,0
lamb,M2_a_M2_b,lamb_M2,They liked the cute lamb.,http://id.loc.gov/authorities/subjects/sh85074185,Lambs,lamb_M2,They liked the friendly lamb.,http://id.loc.gov/authorities/subjects/sh85074185,Lambs,True,0.0,1,0.02370220422744751,,0.032332778,0.022594988,2281,True,7.732369222,7.538250919,Polysemy,N,True,tfq4ylwp1x,119,0
lamb,M1_a_M1_b,lamb_M1,They liked the marinated lamb.,http://id.loc.gov/authorities/subjects/sh85074167,Lamb (Meat),lamb_M1,They liked the grilled lamb.,http://id.loc.gov/authorities/subjects/sh85074167,Lamb (Meat),True,0.0,1,0.011156976222991943,,0.041544676,0.236713231,886,True,6.786716951,7.417643476,Polysemy,N,True,m3g5101vta,223,0
lamb,M2_a_M1_a,lamb_M2,They liked the cute lamb.,http://id.loc.gov/authorities/subjects/sh85074185,Lambs,lamb_M1,They liked the marinated lamb.,http://id.loc.gov/authorities/subjects/sh85074167,Lamb (Meat),False,1.0,1,0.3138458728790283,,0.091305315,0.052619398,1553,True,7.347943823,7.397946274,Polysemy,N,False,y4puhchaf9,233,0
lamb,M2_b_M1_b,lamb_M2,They liked the friendly lamb.,http://id.loc.gov/authorities/subjects/sh85074185,Lambs,lamb_M1,They liked the grilled lamb.,http://id.loc.gov/authorities/subjects/sh85074167,Lamb (Meat),False,1.0,1,0.3138458728790283,,0.107629597,0.059822142,1636,True,7.400009517,7.417643476,Polysemy,N,False,kd178dnoub,103,0
lamb,M1_a_M1_b,lamb_M1,They liked the marinated lamb.,http://id.loc.gov/authorities/subjects/sh85074167,Lamb (Meat),lamb_M1,They liked the grilled lamb.,http://id.loc.gov/authorities/subjects/sh85074167,Lamb (Meat),True,0.0,1,0.011156976222991943,,0.041544676,0.236713231,839,True,6.732210706,7.417643476,Polysemy,N,True,1lzneddpkq,43,0
lamb,M1_b_M1_a,lamb_M1,They liked the grilled lamb.,http://id.loc.gov/authorities/subjects/sh85074167,Lamb (Meat),lamb_M1,They liked the marinated lamb.,http://id.loc.gov/authorities/subjects/sh85074167,Lamb (Meat),True,0.0,1,0.011156976222991943,,0.041544676,0.236713231,1087,True,6.991176887,7.397946274,Polysemy,N,True,92yp2w9v56,53,0
lamb,M2_a_M2_b,lamb_M2,They liked the cute lamb.,http://id.loc.gov/authorities/subjects/sh85074185,Lambs,lamb_M2,They liked the friendly lamb.,http://id.loc.gov/authorities/subjects/sh85074185,Lambs,True,0.0,1,0.02370220422744751,,0.032332778,0.022594988,953,True,6.859614904,7.538250919,Polysemy,N,True,w7t2pcpr1z,93,0
lamb,M1_a_M2_a,lamb_M1,They liked the marinated lamb.,http://id.loc.gov/authorities/subjects/sh85074167,Lamb (Meat),lamb_M2,They liked the cute lamb.,http://id.loc.gov/authorities/subjects/sh85074185,Lambs,False,1.0,1,0.3138458728790283,,0.091305315,0.052619398,851,True,6.746412129,7.255574669,Polysemy,N,False,emcqel00x3,115,0
lamb,M2_b_M2_a,lamb_M2,They liked the friendly lamb.,http://id.loc.gov/authorities/subjects/sh85074185,Lambs,lamb_M2,They liked the cute lamb.,http://id.loc.gov/authorities/subjects/sh85074185,Lambs,True,0.0,1,0.02370220422744751,,0.032332778,0.022594988,1127,True,7.027314514,7.255574669,Polysemy,N,True,ja9zqgwnkl,175,0
lamb,M1_a_M2_a,lamb_M1,They liked the marinated lamb.,http://id.loc.gov/authorities/subjects/sh85074167,Lamb (Meat),lamb_M2,They liked the cute lamb.,http://id.loc.gov/authorities/subjects/sh85074185,Lambs,False,1.0,1,0.3138458728790283,,0.091305315,0.052619398,1119,False,7.020190708,7.255574669,Polysemy,N,False,somzvrxnz4,125,0
lamb,M2_a_M1_a,lamb_M2,They liked the cute lamb.,http://id.loc.gov/authorities/subjects/sh85074185,Lambs,lamb_M1,They liked the marinated lamb.,http://id.loc.gov/authorities/subjects/sh85074167,Lamb (Meat),False,1.0,1,0.3138458728790283,,0.091305315,0.052619398,1340,True,7.200424893,7.397946274,Polysemy,N,False,hs560646yd,87,0
lamb,M2_b_M2_a,lamb_M2,They liked the friendly lamb.,http://id.loc.gov/authorities/subjects/sh85074185,Lambs,lamb_M2,They liked the cute lamb.,http://id.loc.gov/authorities/subjects/sh85074185,Lambs,True,0.0,1,0.02370220422744751,,0.032332778,0.022594988,930,True,6.835184586,7.255574669,Polysemy,N,True,uy86my9o9s,33,0
lamb,M1_a_M1_b,lamb_M1,They liked the marinated lamb.,http://id.loc.gov/authorities/subjects/sh85074167,Lamb (Meat),lamb_M1,They liked the grilled lamb.,http://id.loc.gov/authorities/subjects/sh85074167,Lamb (Meat),True,0.0,1,0.011156976222991943,,0.041544676,0.236713231,810,True,6.697034248,7.417643476,Polysemy,N,True,mketfayzl8,167,0
lamb,M1_a_M2_b,lamb_M1,They liked the marinated lamb.,http://id.loc.gov/authorities/subjects/sh85074167,Lamb (Meat),lamb_M2,They liked the friendly lamb.,http://id.loc.gov/authorities/subjects/sh85074185,Lambs,False,1.0,1,0.3138458728790283,,0.110114396,0.061512589,1964,True,7.582738489,7.538250919,Polysemy,N,False,7hhbw0w7y1,131,0
lamb,M2_b_M2_a,lamb_M2,They liked the friendly lamb.,http://id.loc.gov/authorities/subjects/sh85074185,Lambs,lamb_M2,They liked the cute lamb.,http://id.loc.gov/authorities/subjects/sh85074185,Lambs,True,0.0,1,0.02370220422744751,,0.032332778,0.022594988,1356,True,7.212294469,7.255574669,Polysemy,N,True,unzj7yx25l,163,0
lamb,M2_a_M1_a,lamb_M2,They liked the cute lamb.,http://id.loc.gov/authorities/subjects/sh85074185,Lambs,lamb_M1,They liked the marinated lamb.,http://id.loc.gov/authorities/subjects/sh85074167,Lamb (Meat),False,1.0,1,0.3138458728790283,,0.091305315,0.052619398,948,True,6.854354502,7.397946274,Polysemy,N,False,bcycp1bevl,63,0
lamb,M1_b_M1_a,lamb_M1,They liked the grilled lamb.,http://id.loc.gov/authorities/subjects/sh85074167,Lamb (Meat),lamb_M1,They liked the marinated lamb.,http://id.loc.gov/authorities/subjects/sh85074167,Lamb (Meat),True,0.0,1,0.011156976222991943,,0.041544676,0.236713231,864,True,6.761572769,7.397946274,Polysemy,N,True,gdlhwqulft,65,0
lamb,M1_a_M2_b,lamb_M1,They liked the marinated lamb.,http://id.loc.gov/authorities/subjects/sh85074167,Lamb (Meat),lamb_M2,They liked the friendly lamb.,http://id.loc.gov/authorities/subjects/sh85074185,Lambs,False,1.0,1,0.3138458728790283,,0.110114396,0.061512589,1772,True,7.479864131,7.538250919,Polysemy,N,False,yoo60pl9o6,39,0
lamb,M1_b_M1_a,lamb_M1,They liked the grilled lamb.,http://id.loc.gov/authorities/subjects/sh85074167,Lamb (Meat),lamb_M1,They liked the marinated lamb.,http://id.loc.gov/authorities/subjects/sh85074167,Lamb (Meat),True,0.0,1,0.011156976222991943,,0.041544676,0.236713231,1237,True,7.120444372,7.397946274,Polysemy,N,True,luke3ctol0,185,0
lamb,M1_a_M2_b,lamb_M1,They liked the marinated lamb.,http://id.loc.gov/authorities/subjects/sh85074167,Lamb (Meat),lamb_M2,They liked the friendly lamb.,http://id.loc.gov/authorities/subjects/sh85074185,Lambs,False,1.0,1,0.3138458728790283,,0.110114396,0.061512589,928,True,6.833031733,7.538250919,Polysemy,N,False,sndaggja6a,199,0
lamb,M2_a_M1_b,lamb_M2,They liked the cute lamb.,http://id.loc.gov/authorities/subjects/sh85074185,Lambs,lamb_M1,They liked the grilled lamb.,http://id.loc.gov/authorities/subjects/sh85074167,Lamb (Meat),False,1.0,1,0.3138458728790283,,0.08867979,0.05507952,925,True,6.829793738,7.417643476,Polysemy,N,False,3focjo2q2y,145,0
lamb,M1_b_M1_a,lamb_M1,They liked the grilled lamb.,http://id.loc.gov/authorities/subjects/sh85074167,Lamb (Meat),lamb_M1,They liked the marinated lamb.,http://id.loc.gov/authorities/subjects/sh85074167,Lamb (Meat),True,0.0,1,0.011156976222991943,,0.041544676,0.236713231,1265,False,7.142827401,7.397946274,Polysemy,N,True,dol693zfl0,225,0
lamb,M2_a_M2_b,lamb_M2,They liked the cute lamb.,http://id.loc.gov/authorities/subjects/sh85074185,Lambs,lamb_M2,They liked the friendly lamb.,http://id.loc.gov/authorities/subjects/sh85074185,Lambs,True,0.0,1,0.02370220422744751,,0.032332778,0.022594988,2244,True,7.716015267,7.538250919,Polysemy,N,True,rrf38z917v,63,0
lamb,M1_b_M2_b,lamb_M1,They liked the grilled lamb.,http://id.loc.gov/authorities/subjects/sh85074167,Lamb (Meat),lamb_M2,They liked the friendly lamb.,http://id.loc.gov/authorities/subjects/sh85074185,Lambs,False,1.0,1,0.3138458728790283,,0.107629597,0.059822142,751,True,6.621405652,7.538250919,Polysemy,N,False,d4b99ue0tu,229,0
lamb,M2_b_M1_a,lamb_M2,They liked the friendly lamb.,http://id.loc.gov/authorities/subjects/sh85074185,Lambs,lamb_M1,They liked the marinated lamb.,http://id.loc.gov/authorities/subjects/sh85074167,Lamb (Meat),False,1.0,1,0.3138458728790283,,0.110114396,0.061512589,2320,True,7.749322465,7.397946274,Polysemy,N,False,bacqef0gje,87,0
lamb,M2_b_M1_a,lamb_M2,They liked the friendly lamb.,http://id.loc.gov/authorities/subjects/sh85074185,Lambs,lamb_M1,They liked the marinated lamb.,http://id.loc.gov/authorities/subjects/sh85074167,Lamb (Meat),False,1.0,1,0.3138458728790283,,0.110114396,0.061512589,2603,True,7.864419905,7.397946274,Polysemy,N,False,ea54kkhdyv,197,0
lamb,M2_a_M2_b,lamb_M2,They liked the cute lamb.,http://id.loc.gov/authorities/subjects/sh85074185,Lambs,lamb_M2,They liked the friendly lamb.,http://id.loc.gov/authorities/subjects/sh85074185,Lambs,True,0.0,1,0.02370220422744751,,0.032332778,0.022594988,1771,True,7.479299638,7.538250919,Polysemy,N,True,5jdbzv6v5c,95,0
lamb,M2_a_M1_a,lamb_M2,They liked the cute lamb.,http://id.loc.gov/authorities/subjects/sh85074185,Lambs,lamb_M1,They liked the marinated lamb.,http://id.loc.gov/authorities/subjects/sh85074167,Lamb (Meat),False,1.0,1,0.3138458728790283,,0.091305315,0.052619398,799,True,6.683360946,7.397946274,Polysemy,N,False,p7h7xsjj50,197,0
lamb,M1_a_M2_a,lamb_M1,They liked the marinated lamb.,http://id.loc.gov/authorities/subjects/sh85074167,Lamb (Meat),lamb_M2,They liked the cute lamb.,http://id.loc.gov/authorities/subjects/sh85074185,Lambs,False,1.0,1,0.3138458728790283,,0.091305315,0.052619398,1610,True,7.383989458,7.255574669,Polysemy,N,False,g3flm4j14z,189,0
lamb,M2_a_M1_a,lamb_M2,They liked the cute lamb.,http://id.loc.gov/authorities/subjects/sh85074185,Lambs,lamb_M1,They liked the marinated lamb.,http://id.loc.gov/authorities/subjects/sh85074167,Lamb (Meat),False,1.0,1,0.3138458728790283,,0.091305315,0.052619398,843,True,6.736966958,7.397946274,Polysemy,N,False,864zg5t8jb,249,0
lamb,M1_b_M2_a,lamb_M1,They liked the grilled lamb.,http://id.loc.gov/authorities/subjects/sh85074167,Lamb (Meat),lamb_M2,They liked the cute lamb.,http://id.loc.gov/authorities/subjects/sh85074185,Lambs,False,1.0,1,0.3138458728790283,,0.08867979,0.05507952,1285,True,7.158513997,7.255574669,Polysemy,N,False,7poq0nl7yt,49,0
lamb,M1_a_M2_a,lamb_M1,They liked the marinated lamb.,http://id.loc.gov/authorities/subjects/sh85074167,Lamb (Meat),lamb_M2,They liked the cute lamb.,http://id.loc.gov/authorities/subjects/sh85074185,Lambs,False,1.0,1,0.3138458728790283,,0.091305315,0.052619398,932,True,6.837332815,7.255574669,Polysemy,N,False,21s95lnz0l,149,0
lamb,M2_b_M1_a,lamb_M2,They liked the friendly lamb.,http://id.loc.gov/authorities/subjects/sh85074185,Lambs,lamb_M1,They liked the marinated lamb.,http://id.loc.gov/authorities/subjects/sh85074167,Lamb (Meat),False,1.0,1,0.3138458728790283,,0.110114396,0.061512589,1279,True,7.153833802,7.397946274,Polysemy,N,False,kcv5v2zj80,53,0
lamb,M1_a_M1_b,lamb_M1,They liked the marinated lamb.,http://id.loc.gov/authorities/subjects/sh85074167,Lamb (Meat),lamb_M1,They liked the grilled lamb.,http://id.loc.gov/authorities/subjects/sh85074167,Lamb (Meat),True,0.0,1,0.011156976222991943,,0.041544676,0.236713231,970,True,6.877296071,7.417643476,Polysemy,N,True,246unkcyak,151,0
lamb,M1_b_M2_a,lamb_M1,They liked the grilled lamb.,http://id.loc.gov/authorities/subjects/sh85074167,Lamb (Meat),lamb_M2,They liked the cute lamb.,http://id.loc.gov/authorities/subjects/sh85074185,Lambs,False,1.0,1,0.3138458728790283,,0.08867979,0.05507952,1617,True,7.38832786,7.255574669,Polysemy,N,False,34628l2rmq,171,0
lamb,M1_b_M2_a,lamb_M1,They liked the grilled lamb.,http://id.loc.gov/authorities/subjects/sh85074167,Lamb (Meat),lamb_M2,They liked the cute lamb.,http://id.loc.gov/authorities/subjects/sh85074185,Lambs,False,1.0,1,0.3138458728790283,,0.08867979,0.05507952,1134,False,7.033506484,7.255574669,Polysemy,N,False,02cpp7rcbk,119,0
lamb,M1_b_M2_b,lamb_M1,They liked the grilled lamb.,http://id.loc.gov/authorities/subjects/sh85074167,Lamb (Meat),lamb_M2,They liked the friendly lamb.,http://id.loc.gov/authorities/subjects/sh85074185,Lambs,False,1.0,1,0.3138458728790283,,0.107629597,0.059822142,1288,True,7.160845907,7.538250919,Polysemy,N,False,11pz67y2jv,123,0
lamb,M2_a_M2_b,lamb_M2,They liked the cute lamb.,http://id.loc.gov/authorities/subjects/sh85074185,Lambs,lamb_M2,They liked the friendly lamb.,http://id.loc.gov/authorities/subjects/sh85074185,Lambs,True,0.0,1,0.02370220422744751,,0.032332778,0.022594988,1440,True,7.272398393,7.538250919,Polysemy,N,True,cpjzep1zv0,31,0
lamb,M1_a_M2_b,lamb_M1,They liked the marinated lamb.,http://id.loc.gov/authorities/subjects/sh85074167,Lamb (Meat),lamb_M2,They liked the friendly lamb.,http://id.loc.gov/authorities/subjects/sh85074185,Lambs,False,1.0,1,0.3138458728790283,,0.110114396,0.061512589,1069,True,6.974478911,7.538250919,Polysemy,N,False,du57z90equ,67,0
lamb,M1_a_M2_b,lamb_M1,They liked the marinated lamb.,http://id.loc.gov/authorities/subjects/sh85074167,Lamb (Meat),lamb_M2,They liked the friendly lamb.,http://id.loc.gov/authorities/subjects/sh85074185,Lambs,False,1.0,1,0.3138458728790283,,0.110114396,0.061512589,691,True,6.538139824,7.538250919,Polysemy,N,False,k9k5bl7bsa,99,0
lamb,M1_b_M1_a,lamb_M1,They liked the grilled lamb.,http://id.loc.gov/authorities/subjects/sh85074167,Lamb (Meat),lamb_M1,They liked the marinated lamb.,http://id.loc.gov/authorities/subjects/sh85074167,Lamb (Meat),True,0.0,1,0.011156976222991943,,0.041544676,0.236713231,1041,False,6.947937069,7.397946274,Polysemy,N,True,aq8lxy7f2y,215,0
lamb,M2_b_M1_a,lamb_M2,They liked the friendly lamb.,http://id.loc.gov/authorities/subjects/sh85074185,Lambs,lamb_M1,They liked the marinated lamb.,http://id.loc.gov/authorities/subjects/sh85074167,Lamb (Meat),False,1.0,1,0.3138458728790283,,0.110114396,0.061512589,1203,True,7.092573716,7.397946274,Polysemy,N,False,y52zt9vjyf,91,0
lamb,M1_a_M1_b,lamb_M1,They liked the marinated lamb.,http://id.loc.gov/authorities/subjects/sh85074167,Lamb (Meat),lamb_M1,They liked the grilled lamb.,http://id.loc.gov/authorities/subjects/sh85074167,Lamb (Meat),True,0.0,1,0.011156976222991943,,0.041544676,0.236713231,1218,True,7.104965448,7.417643476,Polysemy,N,True,ctcq5oob70,183,0
lamb,M2_b_M1_b,lamb_M2,They liked the friendly lamb.,http://id.loc.gov/authorities/subjects/sh85074185,Lambs,lamb_M1,They liked the grilled lamb.,http://id.loc.gov/authorities/subjects/sh85074167,Lamb (Meat),False,1.0,1,0.3138458728790283,,0.107629597,0.059822142,648,True,6.473890696,7.417643476,Polysemy,N,False,xdomj2pout,87,0
lamb,M1_a_M2_a,lamb_M1,They liked the marinated lamb.,http://id.loc.gov/authorities/subjects/sh85074167,Lamb (Meat),lamb_M2,They liked the cute lamb.,http://id.loc.gov/authorities/subjects/sh85074185,Lambs,False,1.0,1,0.3138458728790283,,0.091305315,0.052619398,748,True,6.617402978,7.255574669,Polysemy,N,False,rln6tvgsn6,249,0
lamb,M2_b_M1_a,lamb_M2,They liked the friendly lamb.,http://id.loc.gov/authorities/subjects/sh85074185,Lambs,lamb_M1,They liked the marinated lamb.,http://id.loc.gov/authorities/subjects/sh85074167,Lamb (Meat),False,1.0,1,0.3138458728790283,,0.110114396,0.061512589,1315,True,7.181591945,7.397946274,Polysemy,N,False,tb47bk2csv,169,0
lamb,M2_b_M1_b,lamb_M2,They liked the friendly lamb.,http://id.loc.gov/authorities/subjects/sh85074185,Lambs,lamb_M1,They liked the grilled lamb.,http://id.loc.gov/authorities/subjects/sh85074167,Lamb (Meat),False,1.0,1,0.3138458728790283,,0.107629597,0.059822142,1702,True,7.439559309,7.417643476,Polysemy,N,False,phcg9go4je,59,0
lamb,M2_a_M1_b,lamb_M2,They liked the cute lamb.,http://id.loc.gov/authorities/subjects/sh85074185,Lambs,lamb_M1,They liked the grilled lamb.,http://id.loc.gov/authorities/subjects/sh85074167,Lamb (Meat),False,1.0,1,0.3138458728790283,,0.08867979,0.05507952,700,True,6.551080335,7.417643476,Polysemy,N,False,14y9ru14du,207,0
lamb,M1_b_M1_a,lamb_M1,They liked the grilled lamb.,http://id.loc.gov/authorities/subjects/sh85074167,Lamb (Meat),lamb_M1,They liked the marinated lamb.,http://id.loc.gov/authorities/subjects/sh85074167,Lamb (Meat),True,0.0,1,0.011156976222991943,,0.041544676,0.236713231,865,True,6.762729507,7.397946274,Polysemy,N,True,z2n4w2lvuj,223,0
lamb,M1_a_M1_b,lamb_M1,They liked the marinated lamb.,http://id.loc.gov/authorities/subjects/sh85074167,Lamb (Meat),lamb_M1,They liked the grilled lamb.,http://id.loc.gov/authorities/subjects/sh85074167,Lamb (Meat),True,0.0,1,0.011156976222991943,,0.041544676,0.236713231,1163,True,7.058758153,7.417643476,Polysemy,N,True,rgkj29k85f,67,0
lamb,M2_b_M1_a,lamb_M2,They liked the friendly lamb.,http://id.loc.gov/authorities/subjects/sh85074185,Lambs,lamb_M1,They liked the marinated lamb.,http://id.loc.gov/authorities/subjects/sh85074167,Lamb (Meat),False,1.0,1,0.3138458728790283,,0.110114396,0.061512589,1140,True,7.038783541,7.397946274,Polysemy,N,False,ylr2c47dx9,251,0
lamb,M1_a_M2_b,lamb_M1,They liked the marinated lamb.,http://id.loc.gov/authorities/subjects/sh85074167,Lamb (Meat),lamb_M2,They liked the friendly lamb.,http://id.loc.gov/authorities/subjects/sh85074185,Lambs,False,1.0,1,0.3138458728790283,,0.110114396,0.061512589,1703,False,7.440146681,7.538250919,Polysemy,N,False,kzat707d4c,165,0
lamb,M1_b_M1_a,lamb_M1,They liked the grilled lamb.,http://id.loc.gov/authorities/subjects/sh85074167,Lamb (Meat),lamb_M1,They liked the marinated lamb.,http://id.loc.gov/authorities/subjects/sh85074167,Lamb (Meat),True,0.0,1,0.011156976222991943,,0.041544676,0.236713231,1101,True,7.003974137,7.397946274,Polysemy,N,True,11s3zyvhm4,231,0
lamb,M1_a_M2_a,lamb_M1,They liked the marinated lamb.,http://id.loc.gov/authorities/subjects/sh85074167,Lamb (Meat),lamb_M2,They liked the cute lamb.,http://id.loc.gov/authorities/subjects/sh85074185,Lambs,False,1.0,1,0.3138458728790283,,0.091305315,0.052619398,1914,True,7.556950572,7.255574669,Polysemy,N,False,abcwwk8j44,187,0
lamb,M2_b_M1_b,lamb_M2,They liked the friendly lamb.,http://id.loc.gov/authorities/subjects/sh85074185,Lambs,lamb_M1,They liked the grilled lamb.,http://id.loc.gov/authorities/subjects/sh85074167,Lamb (Meat),False,1.0,1,0.3138458728790283,,0.107629597,0.059822142,1197,True,7.087573706,7.417643476,Polysemy,N,False,m6aw5veqof,211,0
lamb,M2_b_M1_b,lamb_M2,They liked the friendly lamb.,http://id.loc.gov/authorities/subjects/sh85074185,Lambs,lamb_M1,They liked the grilled lamb.,http://id.loc.gov/authorities/subjects/sh85074167,Lamb (Meat),False,1.0,1,0.3138458728790283,,0.107629597,0.059822142,1520,True,7.326465614,7.417643476,Polysemy,N,False,6lbv5uhykm,39,0
lamb,M1_b_M1_a,lamb_M1,They liked the grilled lamb.,http://id.loc.gov/authorities/subjects/sh85074167,Lamb (Meat),lamb_M1,They liked the marinated lamb.,http://id.loc.gov/authorities/subjects/sh85074167,Lamb (Meat),True,0.0,1,0.011156976222991943,,0.041544676,0.236713231,644,True,6.467698726,7.397946274,Polysemy,N,True,9xyz8zlap8,101,0
lamb,M1_a_M2_b,lamb_M1,They liked the marinated lamb.,http://id.loc.gov/authorities/subjects/sh85074167,Lamb (Meat),lamb_M2,They liked the friendly lamb.,http://id.loc.gov/authorities/subjects/sh85074185,Lambs,False,1.0,1,0.3138458728790283,,0.110114396,0.061512589,1299,True,7.169350017,7.538250919,Polysemy,N,False,r1c2epbxzl,197,0
lamb,M1_b_M2_b,lamb_M1,They liked the grilled lamb.,http://id.loc.gov/authorities/subjects/sh85074167,Lamb (Meat),lamb_M2,They liked the friendly lamb.,http://id.loc.gov/authorities/subjects/sh85074185,Lambs,False,1.0,1,0.3138458728790283,,0.107629597,0.059822142,1939,True,7.569927655,7.538250919,Polysemy,N,False,4suqxr8zom,31,0
lamb,M2_b_M1_b,lamb_M2,They liked the friendly lamb.,http://id.loc.gov/authorities/subjects/sh85074185,Lambs,lamb_M1,They liked the grilled lamb.,http://id.loc.gov/authorities/subjects/sh85074167,Lamb (Meat),False,1.0,1,0.3138458728790283,,0.107629597,0.059822142,1471,True,7.293697721,7.417643476,Polysemy,N,False,jls43v8rj0,99,0
lamb,M2_a_M1_b,lamb_M2,They liked the cute lamb.,http://id.loc.gov/authorities/subjects/sh85074185,Lambs,lamb_M1,They liked the grilled lamb.,http://id.loc.gov/authorities/subjects/sh85074167,Lamb (Meat),False,1.0,1,0.3138458728790283,,0.08867979,0.05507952,792,True,6.674561392,7.417643476,Polysemy,N,False,xdapyucpqa,41,0
lamb,M1_b_M1_a,lamb_M1,They liked the grilled lamb.,http://id.loc.gov/authorities/subjects/sh85074167,Lamb (Meat),lamb_M1,They liked the marinated lamb.,http://id.loc.gov/authorities/subjects/sh85074167,Lamb (Meat),True,0.0,1,0.011156976222991943,,0.041544676,0.236713231,1035,False,6.942156706,7.397946274,Polysemy,N,True,6g6ama8qck,209,0
lamb,M1_a_M1_b,lamb_M1,They liked the marinated lamb.,http://id.loc.gov/authorities/subjects/sh85074167,Lamb (Meat),lamb_M1,They liked the grilled lamb.,http://id.loc.gov/authorities/subjects/sh85074167,Lamb (Meat),True,0.0,1,0.011156976222991943,,0.041544676,0.236713231,1551,True,7.346655163,7.417643476,Polysemy,N,True,lpduruhrnk,243,0
lamb,M2_a_M2_b,lamb_M2,They liked the cute lamb.,http://id.loc.gov/authorities/subjects/sh85074185,Lambs,lamb_M2,They liked the friendly lamb.,http://id.loc.gov/authorities/subjects/sh85074185,Lambs,True,0.0,1,0.02370220422744751,,0.032332778,0.022594988,629,True,6.444131257,7.538250919,Polysemy,N,True,uaydq1djrs,101,0
lamb,M2_a_M1_b,lamb_M2,They liked the cute lamb.,http://id.loc.gov/authorities/subjects/sh85074185,Lambs,lamb_M1,They liked the grilled lamb.,http://id.loc.gov/authorities/subjects/sh85074167,Lamb (Meat),False,1.0,1,0.3138458728790283,,0.08867979,0.05507952,2033,True,7.617267814,7.417643476,Polysemy,N,False,m7n1h07aw2,39,0
lamb,M1_b_M2_b,lamb_M1,They liked the grilled lamb.,http://id.loc.gov/authorities/subjects/sh85074167,Lamb (Meat),lamb_M2,They liked the friendly lamb.,http://id.loc.gov/authorities/subjects/sh85074185,Lambs,False,1.0,1,0.3138458728790283,,0.107629597,0.059822142,1138,False,7.037027615,7.538250919,Polysemy,N,False,4zpuq8ud9x,177,0
tape,M2_b_M1_a,tape_M2,He used the video tape.,http://id.loc.gov/authorities/subjects/sh85079753,Magnetic tapes,tape_M1,He used the scotch tape.,http://id.loc.gov/authorities/subjects/sh85000864,Adhesive tape,False,inf,0,0.31596171855926514,,0.173618793,0.050383449,703,True,6.555356892,7.424721296,Polysemy,N,False,u6tgegpyj0,189,50
tape,M2_a_M2_b,tape_M2,He used the interview tape.,http://id.loc.gov/authorities/subjects/sh85079753,Magnetic tapes,tape_M2,He used the video tape.,http://id.loc.gov/authorities/subjects/sh85079753,Magnetic tapes,True,0.0,1,0.03130215406417847,,0.063471198,0.039654732,1019,True,6.926577033,7.358461501,Polysemy,N,True,urq6h944hm,243,50
tape,M2_b_M1_b,tape_M2,He used the video tape.,http://id.loc.gov/authorities/subjects/sh85079753,Magnetic tapes,tape_M1,He used the double-sided tape.,http://id.loc.gov/authorities/subjects/sh85000864,Adhesive tape,False,inf,0,0.31596171855926514,,0.510699838,0.092749536,1727,True,7.454141078,7.441413554,Polysemy,N,False,mwacu22792,37,50
tape,M1_b_M2_b,tape_M1,He used the double-sided tape.,http://id.loc.gov/authorities/subjects/sh85000864,Adhesive tape,tape_M2,He used the video tape.,http://id.loc.gov/authorities/subjects/sh85079753,Magnetic tapes,False,inf,0,0.31596171855926514,,0.510699838,0.092749536,902,True,6.80461452,7.358461501,Polysemy,N,False,wsf5xp226q,205,50
tape,M1_b_M1_a,tape_M1,He used the double-sided tape.,http://id.loc.gov/authorities/subjects/sh85000864,Adhesive tape,tape_M1,He used the scotch tape.,http://id.loc.gov/authorities/subjects/sh85000864,Adhesive tape,True,0.0,1,0.025271594524383545,,0.505158365,0.088222742,528,True,6.269096284,7.424721296,Polysemy,N,True,v75fv9pagb,73,50
tape,M2_a_M1_b,tape_M2,He used the interview tape.,http://id.loc.gov/authorities/subjects/sh85079753,Magnetic tapes,tape_M1,He used the double-sided tape.,http://id.loc.gov/authorities/subjects/sh85000864,Adhesive tape,False,inf,0,0.31596171855926514,,0.485456288,0.132503986,710,True,6.56526497,7.441413554,Polysemy,N,False,np8fheoehh,205,50
tape,M1_b_M2_b,tape_M1,He used the double-sided tape.,http://id.loc.gov/authorities/subjects/sh85000864,Adhesive tape,tape_M2,He used the video tape.,http://id.loc.gov/authorities/subjects/sh85079753,Magnetic tapes,False,inf,0,0.31596171855926514,,0.510699838,0.092749536,854,True,6.749931194,7.358461501,Polysemy,N,False,hdblro1e9q,107,50
tape,M2_a_M2_b,tape_M2,He used the interview tape.,http://id.loc.gov/authorities/subjects/sh85079753,Magnetic tapes,tape_M2,He used the video tape.,http://id.loc.gov/authorities/subjects/sh85079753,Magnetic tapes,True,0.0,1,0.03130215406417847,,0.063471198,0.039654732,940,True,6.845879875,7.358461501,Polysemy,N,True,so1m7krwy9,45,50
tape,M2_b_M2_a,tape_M2,He used the video tape.,http://id.loc.gov/authorities/subjects/sh85079753,Magnetic tapes,tape_M2,He used the interview tape.,http://id.loc.gov/authorities/subjects/sh85079753,Magnetic tapes,True,0.0,1,0.03130215406417847,,0.063471198,0.039654732,1604,True,7.380255788,7.562514055,Polysemy,N,True,nkwr4ou2vr,225,50
tape,M1_a_M2_a,tape_M1,He used the scotch tape.,http://id.loc.gov/authorities/subjects/sh85000864,Adhesive tape,tape_M2,He used the interview tape.,http://id.loc.gov/authorities/subjects/sh85079753,Magnetic tapes,False,inf,0,0.31596171855926514,,0.198552668,0.066827834,2257,True,7.721791777,7.562514055,Polysemy,N,False,bjdam1cm56,229,50
tape,M1_a_M1_b,tape_M1,He used the scotch tape.,http://id.loc.gov/authorities/subjects/sh85000864,Adhesive tape,tape_M1,He used the double-sided tape.,http://id.loc.gov/authorities/subjects/sh85000864,Adhesive tape,True,0.0,1,0.025271594524383545,,0.505158365,0.088222742,1530,True,7.333023014,7.441413554,Polysemy,N,True,sn1yu7vsxd,173,50
tape,M2_a_M1_b,tape_M2,He used the interview tape.,http://id.loc.gov/authorities/subjects/sh85079753,Magnetic tapes,tape_M1,He used the double-sided tape.,http://id.loc.gov/authorities/subjects/sh85000864,Adhesive tape,False,inf,0,0.31596171855926514,,0.485456288,0.132503986,1117,True,7.018401799,7.441413554,Polysemy,N,False,4c5xx9azr7,61,50
tape,M1_b_M1_a,tape_M1,He used the double-sided tape.,http://id.loc.gov/authorities/subjects/sh85000864,Adhesive tape,tape_M1,He used the scotch tape.,http://id.loc.gov/authorities/subjects/sh85000864,Adhesive tape,True,0.0,1,0.025271594524383545,,0.505158365,0.088222742,938,True,6.843749949,7.424721296,Polysemy,N,True,p5fnydw94c,83,50
tape,M1_a_M2_b,tape_M1,He used the scotch tape.,http://id.loc.gov/authorities/subjects/sh85000864,Adhesive tape,tape_M2,He used the video tape.,http://id.loc.gov/authorities/subjects/sh85079753,Magnetic tapes,False,inf,0,0.31596171855926514,,0.173618793,0.050383449,1642,True,7.40367029,7.358461501,Polysemy,N,False,epkefl89q5,131,50
tape,M1_b_M2_a,tape_M1,He used the double-sided tape.,http://id.loc.gov/authorities/subjects/sh85000864,Adhesive tape,tape_M2,He used the interview tape.,http://id.loc.gov/authorities/subjects/sh85079753,Magnetic tapes,False,inf,0,0.31596171855926514,,0.485456288,0.132503986,2824,True,7.945909599,7.562514055,Polysemy,N,False,36hk5eeq3x,123,50
tape,M2_a_M2_b,tape_M2,He used the interview tape.,http://id.loc.gov/authorities/subjects/sh85079753,Magnetic tapes,tape_M2,He used the video tape.,http://id.loc.gov/authorities/subjects/sh85079753,Magnetic tapes,True,0.0,1,0.03130215406417847,,0.063471198,0.039654732,989,True,6.896694332,7.358461501,Polysemy,N,True,flr5bk7hm2,137,50
tape,M2_a_M2_b,tape_M2,He used the interview tape.,http://id.loc.gov/authorities/subjects/sh85079753,Magnetic tapes,tape_M2,He used the video tape.,http://id.loc.gov/authorities/subjects/sh85079753,Magnetic tapes,True,0.0,1,0.03130215406417847,,0.063471198,0.039654732,1306,True,7.17472431,7.358461501,Polysemy,N,True,y8z6hxvply,141,50
tape,M1_b_M2_b,tape_M1,He used the double-sided tape.,http://id.loc.gov/authorities/subjects/sh85000864,Adhesive tape,tape_M2,He used the video tape.,http://id.loc.gov/authorities/subjects/sh85079753,Magnetic tapes,False,inf,0,0.31596171855926514,,0.510699838,0.092749536,944,True,6.850126166,7.358461501,Polysemy,N,False,kha24hryvm,81,50
tape,M1_a_M2_a,tape_M1,He used the scotch tape.,http://id.loc.gov/authorities/subjects/sh85000864,Adhesive tape,tape_M2,He used the interview tape.,http://id.loc.gov/authorities/subjects/sh85079753,Magnetic tapes,False,inf,0,0.31596171855926514,,0.198552668,0.066827834,1126,True,7.026426809,7.562514055,Polysemy,N,False,nrxcy3jh2z,201,50
tape,M2_b_M2_a,tape_M2,He used the video tape.,http://id.loc.gov/authorities/subjects/sh85079753,Magnetic tapes,tape_M2,He used the interview tape.,http://id.loc.gov/authorities/subjects/sh85079753,Magnetic tapes,True,0.0,1,0.03130215406417847,,0.063471198,0.039654732,3970,True,8.286521374,7.562514055,Polysemy,N,True,wdgq8cekjp,229,50
tape,M1_a_M2_a,tape_M1,He used the scotch tape.,http://id.loc.gov/authorities/subjects/sh85000864,Adhesive tape,tape_M2,He used the interview tape.,http://id.loc.gov/authorities/subjects/sh85079753,Magnetic tapes,False,inf,0,0.31596171855926514,,0.198552668,0.066827834,2527,False,7.834788107,7.562514055,Polysemy,N,False,se4vr7yp8v,227,50
tape,M1_a_M2_a,tape_M1,He used the scotch tape.,http://id.loc.gov/authorities/subjects/sh85000864,Adhesive tape,tape_M2,He used the interview tape.,http://id.loc.gov/authorities/subjects/sh85079753,Magnetic tapes,False,inf,0,0.31596171855926514,,0.198552668,0.066827834,1113,False,7.014814351,7.562514055,Polysemy,N,False,ezjkm10dx5,109,50
tape,M2_b_M1_b,tape_M2,He used the video tape.,http://id.loc.gov/authorities/subjects/sh85079753,Magnetic tapes,tape_M1,He used the double-sided tape.,http://id.loc.gov/authorities/subjects/sh85000864,Adhesive tape,False,inf,0,0.31596171855926514,,0.510699838,0.092749536,1744,True,7.463936604,7.441413554,Polysemy,N,False,evdgzy3cvj,57,50
tape,M2_a_M1_a,tape_M2,He used the interview tape.,http://id.loc.gov/authorities/subjects/sh85079753,Magnetic tapes,tape_M1,He used the scotch tape.,http://id.loc.gov/authorities/subjects/sh85000864,Adhesive tape,False,inf,0,0.31596171855926514,,0.198552668,0.066827834,855,True,6.751101469,7.424721296,Polysemy,N,False,meoc92246n,57,50
tape,M1_a_M2_b,tape_M1,He used the scotch tape.,http://id.loc.gov/authorities/subjects/sh85000864,Adhesive tape,tape_M2,He used the video tape.,http://id.loc.gov/authorities/subjects/sh85079753,Magnetic tapes,False,inf,0,0.31596171855926514,,0.173618793,0.050383449,650,True,6.476972363,7.358461501,Polysemy,N,False,koccaak1qr,85,50
tape,M2_a_M1_a,tape_M2,He used the interview tape.,http://id.loc.gov/authorities/subjects/sh85079753,Magnetic tapes,tape_M1,He used the scotch tape.,http://id.loc.gov/authorities/subjects/sh85000864,Adhesive tape,False,inf,0,0.31596171855926514,,0.198552668,0.066827834,1111,True,7.01301579,7.424721296,Polysemy,N,False,nuoxoyemfp,173,50
tape,M2_a_M1_a,tape_M2,He used the interview tape.,http://id.loc.gov/authorities/subjects/sh85079753,Magnetic tapes,tape_M1,He used the scotch tape.,http://id.loc.gov/authorities/subjects/sh85000864,Adhesive tape,False,inf,0,0.31596171855926514,,0.198552668,0.066827834,1186,True,7.07834158,7.424721296,Polysemy,N,False,lt0kapj5fz,227,50
tape,M1_b_M2_a,tape_M1,He used the double-sided tape.,http://id.loc.gov/authorities/subjects/sh85000864,Adhesive tape,tape_M2,He used the interview tape.,http://id.loc.gov/authorities/subjects/sh85079753,Magnetic tapes,False,inf,0,0.31596171855926514,,0.485456288,0.132503986,1813,True,7.502738211,7.562514055,Polysemy,N,False,69bk8m4fc2,103,50
tape,M2_a_M2_b,tape_M2,He used the interview tape.,http://id.loc.gov/authorities/subjects/sh85079753,Magnetic tapes,tape_M2,He used the video tape.,http://id.loc.gov/authorities/subjects/sh85079753,Magnetic tapes,True,0.0,1,0.03130215406417847,,0.063471198,0.039654732,1029,True,6.936342736,7.358461501,Polysemy,N,True,m3g5101vta,157,50
tape,M2_a_M2_b,tape_M2,He used the interview tape.,http://id.loc.gov/authorities/subjects/sh85079753,Magnetic tapes,tape_M2,He used the video tape.,http://id.loc.gov/authorities/subjects/sh85079753,Magnetic tapes,True,0.0,1,0.03130215406417847,,0.063471198,0.039654732,1073,True,6.978213743,7.358461501,Polysemy,N,True,p5fm86046c,75,50
tape,M1_b_M1_a,tape_M1,He used the double-sided tape.,http://id.loc.gov/authorities/subjects/sh85000864,Adhesive tape,tape_M1,He used the scotch tape.,http://id.loc.gov/authorities/subjects/sh85000864,Adhesive tape,True,0.0,1,0.025271594524383545,,0.505158365,0.088222742,1155,True,7.051855623,7.424721296,Polysemy,N,True,y4puhchaf9,223,50
tape,M2_b_M1_a,tape_M2,He used the video tape.,http://id.loc.gov/authorities/subjects/sh85079753,Magnetic tapes,tape_M1,He used the scotch tape.,http://id.loc.gov/authorities/subjects/sh85000864,Adhesive tape,False,inf,0,0.31596171855926514,,0.173618793,0.050383449,976,True,6.883462586,7.424721296,Polysemy,N,False,kd178dnoub,45,50
tape,M1_a_M2_a,tape_M1,He used the scotch tape.,http://id.loc.gov/authorities/subjects/sh85000864,Adhesive tape,tape_M2,He used the interview tape.,http://id.loc.gov/authorities/subjects/sh85079753,Magnetic tapes,False,inf,0,0.31596171855926514,,0.198552668,0.066827834,1128,False,7.028201432,7.562514055,Polysemy,N,False,z02r2dprrd,43,50
tape,M2_b_M1_a,tape_M2,He used the video tape.,http://id.loc.gov/authorities/subjects/sh85079753,Magnetic tapes,tape_M1,He used the scotch tape.,http://id.loc.gov/authorities/subjects/sh85000864,Adhesive tape,False,inf,0,0.31596171855926514,,0.173618793,0.050383449,848,True,6.742880636,7.424721296,Polysemy,N,False,w7t2pcpr1z,111,50
tape,M2_b_M1_b,tape_M2,He used the video tape.,http://id.loc.gov/authorities/subjects/sh85079753,Magnetic tapes,tape_M1,He used the double-sided tape.,http://id.loc.gov/authorities/subjects/sh85000864,Adhesive tape,False,inf,0,0.31596171855926514,,0.510699838,0.092749536,1903,True,7.551186867,7.441413554,Polysemy,N,False,qtxcwuzoo4,75,50
tape,M2_b_M2_a,tape_M2,He used the video tape.,http://id.loc.gov/authorities/subjects/sh85079753,Magnetic tapes,tape_M2,He used the interview tape.,http://id.loc.gov/authorities/subjects/sh85079753,Magnetic tapes,True,0.0,1,0.03130215406417847,,0.063471198,0.039654732,2969,True,7.995980475,7.562514055,Polysemy,N,True,zjgl4twyhs,133,50
tape,M1_a_M2_a,tape_M1,He used the scotch tape.,http://id.loc.gov/authorities/subjects/sh85000864,Adhesive tape,tape_M2,He used the interview tape.,http://id.loc.gov/authorities/subjects/sh85079753,Magnetic tapes,False,inf,0,0.31596171855926514,,0.198552668,0.066827834,1318,True,7.183870715,7.562514055,Polysemy,N,False,somzvrxnz4,141,50
tape,M2_b_M2_a,tape_M2,He used the video tape.,http://id.loc.gov/authorities/subjects/sh85079753,Magnetic tapes,tape_M2,He used the interview tape.,http://id.loc.gov/authorities/subjects/sh85079753,Magnetic tapes,True,0.0,1,0.03130215406417847,,0.063471198,0.039654732,1737,False,7.459914766,7.562514055,Polysemy,N,True,hs560646yd,51,50
tape,M1_b_M1_a,tape_M1,He used the double-sided tape.,http://id.loc.gov/authorities/subjects/sh85000864,Adhesive tape,tape_M1,He used the scotch tape.,http://id.loc.gov/authorities/subjects/sh85000864,Adhesive tape,True,0.0,1,0.025271594524383545,,0.505158365,0.088222742,775,True,6.652863029,7.424721296,Polysemy,N,True,uy86my9o9s,161,50
tape,M1_a_M2_a,tape_M1,He used the scotch tape.,http://id.loc.gov/authorities/subjects/sh85000864,Adhesive tape,tape_M2,He used the interview tape.,http://id.loc.gov/authorities/subjects/sh85079753,Magnetic tapes,False,inf,0,0.31596171855926514,,0.198552668,0.066827834,1301,True,7.170888479,7.562514055,Polysemy,N,False,7hhbw0w7y1,183,50
tape,M2_b_M1_b,tape_M2,He used the video tape.,http://id.loc.gov/authorities/subjects/sh85079753,Magnetic tapes,tape_M1,He used the double-sided tape.,http://id.loc.gov/authorities/subjects/sh85000864,Adhesive tape,False,inf,0,0.31596171855926514,,0.510699838,0.092749536,1218,True,7.104965448,7.441413554,Polysemy,N,False,yoo60pl9o6,131,50
tape,M1_a_M1_b,tape_M1,He used the scotch tape.,http://id.loc.gov/authorities/subjects/sh85000864,Adhesive tape,tape_M1,He used the double-sided tape.,http://id.loc.gov/authorities/subjects/sh85000864,Adhesive tape,True,0.0,1,0.025271594524383545,,0.505158365,0.088222742,1055,True,6.961296046,7.441413554,Polysemy,N,True,prlu1sa9my,207,50
tape,M1_a_M2_a,tape_M1,He used the scotch tape.,http://id.loc.gov/authorities/subjects/sh85000864,Adhesive tape,tape_M2,He used the interview tape.,http://id.loc.gov/authorities/subjects/sh85079753,Magnetic tapes,False,inf,0,0.31596171855926514,,0.198552668,0.066827834,1339,True,7.199678346,7.562514055,Polysemy,N,False,luke3ctol0,145,50
tape,M1_b_M2_b,tape_M1,He used the double-sided tape.,http://id.loc.gov/authorities/subjects/sh85000864,Adhesive tape,tape_M2,He used the video tape.,http://id.loc.gov/authorities/subjects/sh85079753,Magnetic tapes,False,inf,0,0.31596171855926514,,0.510699838,0.092749536,797,True,6.680854679,7.358461501,Polysemy,N,False,79d4rp4wbh,131,50
tape,M2_a_M2_b,tape_M2,He used the interview tape.,http://id.loc.gov/authorities/subjects/sh85079753,Magnetic tapes,tape_M2,He used the video tape.,http://id.loc.gov/authorities/subjects/sh85079753,Magnetic tapes,True,0.0,1,0.03130215406417847,,0.063471198,0.039654732,744,True,6.612041035,7.358461501,Polysemy,N,True,2usccf4uxc,179,50
tape,M2_b_M2_a,tape_M2,He used the video tape.,http://id.loc.gov/authorities/subjects/sh85079753,Magnetic tapes,tape_M2,He used the interview tape.,http://id.loc.gov/authorities/subjects/sh85079753,Magnetic tapes,True,0.0,1,0.03130215406417847,,0.063471198,0.039654732,2538,False,7.839131648,7.562514055,Polysemy,N,True,vm3yk3su0e,243,50
tape,M2_a_M2_b,tape_M2,He used the interview tape.,http://id.loc.gov/authorities/subjects/sh85079753,Magnetic tapes,tape_M2,He used the video tape.,http://id.loc.gov/authorities/subjects/sh85079753,Magnetic tapes,True,0.0,1,0.03130215406417847,,0.063471198,0.039654732,845,False,6.739336627,7.358461501,Polysemy,N,True,l4avquduxt,239,50
tape,M2_a_M2_b,tape_M2,He used the interview tape.,http://id.loc.gov/authorities/subjects/sh85079753,Magnetic tapes,tape_M2,He used the video tape.,http://id.loc.gov/authorities/subjects/sh85079753,Magnetic tapes,True,0.0,1,0.03130215406417847,,0.063471198,0.039654732,1025,True,6.932447892,7.358461501,Polysemy,N,True,dthp9ekqaq,107,50
tape,M2_b_M2_a,tape_M2,He used the video tape.,http://id.loc.gov/authorities/subjects/sh85079753,Magnetic tapes,tape_M2,He used the interview tape.,http://id.loc.gov/authorities/subjects/sh85079753,Magnetic tapes,True,0.0,1,0.03130215406417847,,0.063471198,0.039654732,1025,True,6.932447892,7.562514055,Polysemy,N,True,3focjo2q2y,141,50
tape,M1_a_M1_b,tape_M1,He used the scotch tape.,http://id.loc.gov/authorities/subjects/sh85000864,Adhesive tape,tape_M1,He used the double-sided tape.,http://id.loc.gov/authorities/subjects/sh85000864,Adhesive tape,True,0.0,1,0.025271594524383545,,0.505158365,0.088222742,1958,True,7.579678823,7.441413554,Polysemy,N,True,1qywoodmd2,227,50
tape,M2_b_M1_b,tape_M2,He used the video tape.,http://id.loc.gov/authorities/subjects/sh85079753,Magnetic tapes,tape_M1,He used the double-sided tape.,http://id.loc.gov/authorities/subjects/sh85000864,Adhesive tape,False,inf,0,0.31596171855926514,,0.510699838,0.092749536,1104,True,7.006695227,7.441413554,Polysemy,N,False,rrf38z917v,239,50
tape,M2_b_M1_a,tape_M2,He used the video tape.,http://id.loc.gov/authorities/subjects/sh85079753,Magnetic tapes,tape_M1,He used the scotch tape.,http://id.loc.gov/authorities/subjects/sh85000864,Adhesive tape,False,inf,0,0.31596171855926514,,0.173618793,0.050383449,1501,True,7.313886832,7.424721296,Polysemy,N,False,dcy113hjjm,123,50
tape,M2_a_M2_b,tape_M2,He used the interview tape.,http://id.loc.gov/authorities/subjects/sh85079753,Magnetic tapes,tape_M2,He used the video tape.,http://id.loc.gov/authorities/subjects/sh85079753,Magnetic tapes,True,0.0,1,0.03130215406417847,,0.063471198,0.039654732,548,True,6.306275287,7.358461501,Polysemy,N,True,xesfu0h98k,193,50
tape,M2_a_M1_a,tape_M2,He used the interview tape.,http://id.loc.gov/authorities/subjects/sh85079753,Magnetic tapes,tape_M1,He used the scotch tape.,http://id.loc.gov/authorities/subjects/sh85000864,Adhesive tape,False,inf,0,0.31596171855926514,,0.198552668,0.066827834,718,True,6.576469569,7.424721296,Polysemy,N,False,h0th05ppt7,251,50
tape,M2_b_M1_b,tape_M2,He used the video tape.,http://id.loc.gov/authorities/subjects/sh85079753,Magnetic tapes,tape_M1,He used the double-sided tape.,http://id.loc.gov/authorities/subjects/sh85000864,Adhesive tape,False,inf,0,0.31596171855926514,,0.510699838,0.092749536,1745,True,7.464509835,7.441413554,Polysemy,N,False,5jdbzv6v5c,247,50
tape,M2_a_M2_b,tape_M2,He used the interview tape.,http://id.loc.gov/authorities/subjects/sh85079753,Magnetic tapes,tape_M2,He used the video tape.,http://id.loc.gov/authorities/subjects/sh85079753,Magnetic tapes,True,0.0,1,0.03130215406417847,,0.063471198,0.039654732,1102,True,7.00488199,7.358461501,Polysemy,N,True,g3flm4j14z,85,50
tape,M1_b_M2_b,tape_M1,He used the double-sided tape.,http://id.loc.gov/authorities/subjects/sh85000864,Adhesive tape,tape_M2,He used the video tape.,http://id.loc.gov/authorities/subjects/sh85079753,Magnetic tapes,False,inf,0,0.31596171855926514,,0.510699838,0.092749536,737,True,6.602587892,7.358461501,Polysemy,N,False,864zg5t8jb,133,50
tape,M2_b_M1_a,tape_M2,He used the video tape.,http://id.loc.gov/authorities/subjects/sh85079753,Magnetic tapes,tape_M1,He used the scotch tape.,http://id.loc.gov/authorities/subjects/sh85000864,Adhesive tape,False,inf,0,0.31596171855926514,,0.173618793,0.050383449,1577,True,7.363279587,7.424721296,Polysemy,N,False,kcv5v2zj80,131,50
tape,M2_a_M1_a,tape_M2,He used the interview tape.,http://id.loc.gov/authorities/subjects/sh85079753,Magnetic tapes,tape_M1,He used the scotch tape.,http://id.loc.gov/authorities/subjects/sh85000864,Adhesive tape,False,inf,0,0.31596171855926514,,0.198552668,0.066827834,1149,True,7.046647278,7.424721296,Polysemy,N,False,246unkcyak,179,50
tape,M1_a_M1_b,tape_M1,He used the scotch tape.,http://id.loc.gov/authorities/subjects/sh85000864,Adhesive tape,tape_M1,He used the double-sided tape.,http://id.loc.gov/authorities/subjects/sh85000864,Adhesive tape,True,0.0,1,0.025271594524383545,,0.505158365,0.088222742,1992,True,7.596894438,7.441413554,Polysemy,N,True,34628l2rmq,45,50
tape,M1_a_M2_a,tape_M1,He used the scotch tape.,http://id.loc.gov/authorities/subjects/sh85000864,Adhesive tape,tape_M2,He used the interview tape.,http://id.loc.gov/authorities/subjects/sh85079753,Magnetic tapes,False,inf,0,0.31596171855926514,,0.198552668,0.066827834,1627,False,7.394493107,7.562514055,Polysemy,N,False,02cpp7rcbk,155,50
tape,M2_b_M1_a,tape_M2,He used the video tape.,http://id.loc.gov/authorities/subjects/sh85079753,Magnetic tapes,tape_M1,He used the scotch tape.,http://id.loc.gov/authorities/subjects/sh85000864,Adhesive tape,False,inf,0,0.31596171855926514,,0.173618793,0.050383449,758,True,6.630683386,7.424721296,Polysemy,N,False,a0u2yg5j7e,223,50
tape,M1_b_M2_b,tape_M1,He used the double-sided tape.,http://id.loc.gov/authorities/subjects/sh85000864,Adhesive tape,tape_M2,He used the video tape.,http://id.loc.gov/authorities/subjects/sh85079753,Magnetic tapes,False,inf,0,0.31596171855926514,,0.510699838,0.092749536,903,True,6.805722553,7.358461501,Polysemy,N,False,tzstmyxntu,207,50
tape,M1_b_M2_b,tape_M1,He used the double-sided tape.,http://id.loc.gov/authorities/subjects/sh85000864,Adhesive tape,tape_M2,He used the video tape.,http://id.loc.gov/authorities/subjects/sh85079753,Magnetic tapes,False,inf,0,0.31596171855926514,,0.510699838,0.092749536,1118,True,7.019296654,7.358461501,Polysemy,N,False,du57z90equ,91,50
tape,M2_a_M2_b,tape_M2,He used the interview tape.,http://id.loc.gov/authorities/subjects/sh85079753,Magnetic tapes,tape_M2,He used the video tape.,http://id.loc.gov/authorities/subjects/sh85079753,Magnetic tapes,True,0.0,1,0.03130215406417847,,0.063471198,0.039654732,1749,True,7.466799475,7.358461501,Polysemy,N,True,jwcxuk91x6,143,50
tape,M2_a_M1_b,tape_M2,He used the interview tape.,http://id.loc.gov/authorities/subjects/sh85079753,Magnetic tapes,tape_M1,He used the double-sided tape.,http://id.loc.gov/authorities/subjects/sh85000864,Adhesive tape,False,inf,0,0.31596171855926514,,0.485456288,0.132503986,998,True,6.905753276,7.441413554,Polysemy,N,False,aq8lxy7f2y,47,50
tape,M1_b_M2_a,tape_M1,He used the double-sided tape.,http://id.loc.gov/authorities/subjects/sh85000864,Adhesive tape,tape_M2,He used the interview tape.,http://id.loc.gov/authorities/subjects/sh85079753,Magnetic tapes,False,inf,0,0.31596171855926514,,0.485456288,0.132503986,738,True,6.603943825,7.562514055,Polysemy,N,False,o40xglp55j,163,50
tape,M1_a_M2_b,tape_M1,He used the scotch tape.,http://id.loc.gov/authorities/subjects/sh85000864,Adhesive tape,tape_M2,He used the video tape.,http://id.loc.gov/authorities/subjects/sh85079753,Magnetic tapes,False,inf,0,0.31596171855926514,,0.173618793,0.050383449,827,True,6.717804695,7.358461501,Polysemy,N,False,y52zt9vjyf,209,50
tape,M2_b_M2_a,tape_M2,He used the video tape.,http://id.loc.gov/authorities/subjects/sh85079753,Magnetic tapes,tape_M2,He used the interview tape.,http://id.loc.gov/authorities/subjects/sh85079753,Magnetic tapes,True,0.0,1,0.03130215406417847,,0.063471198,0.039654732,681,True,6.523562306,7.562514055,Polysemy,N,True,ctcq5oob70,109,50
tape,M1_b_M2_b,tape_M1,He used the double-sided tape.,http://id.loc.gov/authorities/subjects/sh85000864,Adhesive tape,tape_M2,He used the video tape.,http://id.loc.gov/authorities/subjects/sh85079753,Magnetic tapes,False,inf,0,0.31596171855926514,,0.510699838,0.092749536,3264,True,8.090708716,7.358461501,Polysemy,N,False,rrded0u35m,137,50
tape,M1_b_M2_a,tape_M1,He used the double-sided tape.,http://id.loc.gov/authorities/subjects/sh85000864,Adhesive tape,tape_M2,He used the interview tape.,http://id.loc.gov/authorities/subjects/sh85079753,Magnetic tapes,False,inf,0,0.31596171855926514,,0.485456288,0.132503986,752,True,6.622736324,7.562514055,Polysemy,N,False,phcg9go4je,117,50
tape,M1_b_M2_b,tape_M1,He used the double-sided tape.,http://id.loc.gov/authorities/subjects/sh85000864,Adhesive tape,tape_M2,He used the video tape.,http://id.loc.gov/authorities/subjects/sh85079753,Magnetic tapes,False,inf,0,0.31596171855926514,,0.510699838,0.092749536,994,True,6.901737207,7.358461501,Polysemy,N,False,z2n4w2lvuj,161,50
tape,M1_a_M2_a,tape_M1,He used the scotch tape.,http://id.loc.gov/authorities/subjects/sh85000864,Adhesive tape,tape_M2,He used the interview tape.,http://id.loc.gov/authorities/subjects/sh85079753,Magnetic tapes,False,inf,0,0.31596171855926514,,0.198552668,0.066827834,561,True,6.329720906,7.562514055,Polysemy,N,False,rgkj29k85f,211,50
tape,M2_a_M1_a,tape_M2,He used the interview tape.,http://id.loc.gov/authorities/subjects/sh85079753,Magnetic tapes,tape_M1,He used the scotch tape.,http://id.loc.gov/authorities/subjects/sh85000864,Adhesive tape,False,inf,0,0.31596171855926514,,0.198552668,0.066827834,1221,True,7.107425474,7.424721296,Polysemy,N,False,kzat707d4c,39,50
tape,M2_b_M1_a,tape_M2,He used the video tape.,http://id.loc.gov/authorities/subjects/sh85079753,Magnetic tapes,tape_M1,He used the scotch tape.,http://id.loc.gov/authorities/subjects/sh85000864,Adhesive tape,False,inf,0,0.31596171855926514,,0.173618793,0.050383449,970,True,6.877296071,7.424721296,Polysemy,N,False,11s3zyvhm4,129,50
tape,M2_b_M2_a,tape_M2,He used the video tape.,http://id.loc.gov/authorities/subjects/sh85079753,Magnetic tapes,tape_M2,He used the interview tape.,http://id.loc.gov/authorities/subjects/sh85079753,Magnetic tapes,True,0.0,1,0.03130215406417847,,0.063471198,0.039654732,2594,True,7.860956365,7.562514055,Polysemy,N,True,abcwwk8j44,99,50
tape,M1_b_M2_b,tape_M1,He used the double-sided tape.,http://id.loc.gov/authorities/subjects/sh85000864,Adhesive tape,tape_M2,He used the video tape.,http://id.loc.gov/authorities/subjects/sh85079753,Magnetic tapes,False,inf,0,0.31596171855926514,,0.510699838,0.092749536,750,True,6.620073207,7.358461501,Polysemy,N,False,4ntjz706ef,149,50
tape,M1_b_M2_b,tape_M1,He used the double-sided tape.,http://id.loc.gov/authorities/subjects/sh85000864,Adhesive tape,tape_M2,He used the video tape.,http://id.loc.gov/authorities/subjects/sh85079753,Magnetic tapes,False,inf,0,0.31596171855926514,,0.510699838,0.092749536,948,True,6.854354502,7.358461501,Polysemy,N,False,ppv7uctwr1,123,50
tape,M1_a_M2_a,tape_M1,He used the scotch tape.,http://id.loc.gov/authorities/subjects/sh85000864,Adhesive tape,tape_M2,He used the interview tape.,http://id.loc.gov/authorities/subjects/sh85079753,Magnetic tapes,False,inf,0,0.31596171855926514,,0.198552668,0.066827834,3445,True,8.144679183,7.562514055,Polysemy,N,False,awnat83w0r,133,50
tape,M1_a_M2_a,tape_M1,He used the scotch tape.,http://id.loc.gov/authorities/subjects/sh85000864,Adhesive tape,tape_M2,He used the interview tape.,http://id.loc.gov/authorities/subjects/sh85079753,Magnetic tapes,False,inf,0,0.31596171855926514,,0.198552668,0.066827834,1040,False,6.946975992,7.562514055,Polysemy,N,False,s4hekwenop,195,50
tape,M1_b_M1_a,tape_M1,He used the double-sided tape.,http://id.loc.gov/authorities/subjects/sh85000864,Adhesive tape,tape_M1,He used the scotch tape.,http://id.loc.gov/authorities/subjects/sh85000864,Adhesive tape,True,0.0,1,0.025271594524383545,,0.505158365,0.088222742,1047,True,6.953684211,7.424721296,Polysemy,N,True,6lbv5uhykm,99,50
tape,M1_b_M2_a,tape_M1,He used the double-sided tape.,http://id.loc.gov/authorities/subjects/sh85000864,Adhesive tape,tape_M2,He used the interview tape.,http://id.loc.gov/authorities/subjects/sh85079753,Magnetic tapes,False,inf,0,0.31596171855926514,,0.485456288,0.132503986,1264,True,7.142036575,7.562514055,Polysemy,N,False,68a6hn4uvz,49,50
tape,M2_a_M1_a,tape_M2,He used the interview tape.,http://id.loc.gov/authorities/subjects/sh85079753,Magnetic tapes,tape_M1,He used the scotch tape.,http://id.loc.gov/authorities/subjects/sh85000864,Adhesive tape,False,inf,0,0.31596171855926514,,0.198552668,0.066827834,1175,True,7.069023427,7.424721296,Polysemy,N,False,vxyw6621ka,179,50
tape,M2_a_M1_a,tape_M2,He used the interview tape.,http://id.loc.gov/authorities/subjects/sh85079753,Magnetic tapes,tape_M1,He used the scotch tape.,http://id.loc.gov/authorities/subjects/sh85000864,Adhesive tape,False,inf,0,0.31596171855926514,,0.198552668,0.066827834,915,True,6.818924065,7.424721296,Polysemy,N,False,xxh77u2udt,57,50
tape,M2_b_M1_a,tape_M2,He used the video tape.,http://id.loc.gov/authorities/subjects/sh85079753,Magnetic tapes,tape_M1,He used the scotch tape.,http://id.loc.gov/authorities/subjects/sh85000864,Adhesive tape,False,inf,0,0.31596171855926514,,0.173618793,0.050383449,887,True,6.787844982,7.424721296,Polysemy,N,False,jls43v8rj0,179,50
tape,M1_b_M1_a,tape_M1,He used the double-sided tape.,http://id.loc.gov/authorities/subjects/sh85000864,Adhesive tape,tape_M1,He used the scotch tape.,http://id.loc.gov/authorities/subjects/sh85000864,Adhesive tape,True,0.0,1,0.025271594524383545,,0.505158365,0.088222742,899,True,6.801283034,7.424721296,Polysemy,N,True,ne1wq8w4qw,239,50
tape,M1_a_M2_a,tape_M1,He used the scotch tape.,http://id.loc.gov/authorities/subjects/sh85000864,Adhesive tape,tape_M2,He used the interview tape.,http://id.loc.gov/authorities/subjects/sh85079753,Magnetic tapes,False,inf,0,0.31596171855926514,,0.198552668,0.066827834,839,True,6.732210706,7.562514055,Polysemy,N,False,kdxs9d2gww,83,50
tape,M2_a_M1_b,tape_M2,He used the interview tape.,http://id.loc.gov/authorities/subjects/sh85079753,Magnetic tapes,tape_M1,He used the double-sided tape.,http://id.loc.gov/authorities/subjects/sh85000864,Adhesive tape,False,inf,0,0.31596171855926514,,0.485456288,0.132503986,1813,True,7.502738211,7.441413554,Polysemy,N,False,kgyhdlaomp,131,50
tape,M1_a_M2_a,tape_M1,He used the scotch tape.,http://id.loc.gov/authorities/subjects/sh85000864,Adhesive tape,tape_M2,He used the interview tape.,http://id.loc.gov/authorities/subjects/sh85079753,Magnetic tapes,False,inf,0,0.31596171855926514,,0.198552668,0.066827834,1893,False,7.545918151,7.562514055,Polysemy,N,False,lpduruhrnk,43,50
tape,M2_a_M2_b,tape_M2,He used the interview tape.,http://id.loc.gov/authorities/subjects/sh85079753,Magnetic tapes,tape_M2,He used the video tape.,http://id.loc.gov/authorities/subjects/sh85079753,Magnetic tapes,True,0.0,1,0.03130215406417847,,0.063471198,0.039654732,812,True,6.69950034,7.358461501,Polysemy,N,True,etthd39jyc,67,50
tape,M1_a_M2_a,tape_M1,He used the scotch tape.,http://id.loc.gov/authorities/subjects/sh85000864,Adhesive tape,tape_M2,He used the interview tape.,http://id.loc.gov/authorities/subjects/sh85079753,Magnetic tapes,False,inf,0,0.31596171855926514,,0.198552668,0.066827834,787,True,6.668228248,7.562514055,Polysemy,N,False,uaydq1djrs,93,50
tape,M2_a_M1_a,tape_M2,He used the interview tape.,http://id.loc.gov/authorities/subjects/sh85079753,Magnetic tapes,tape_M1,He used the scotch tape.,http://id.loc.gov/authorities/subjects/sh85000864,Adhesive tape,False,inf,0,0.31596171855926514,,0.198552668,0.066827834,1179,True,7.072421901,7.424721296,Polysemy,N,False,m7n1h07aw2,49,50
tape,M2_b_M1_b,tape_M2,He used the video tape.,http://id.loc.gov/authorities/subjects/sh85079753,Magnetic tapes,tape_M1,He used the double-sided tape.,http://id.loc.gov/authorities/subjects/sh85000864,Adhesive tape,False,inf,0,0.31596171855926514,,0.510699838,0.092749536,743,True,6.610696045,7.441413554,Polysemy,N,False,auc5fln1ss,163,50
tape,M1_a_M2_a,tape_M1,He used the scotch tape.,http://id.loc.gov/authorities/subjects/sh85000864,Adhesive tape,tape_M2,He used the interview tape.,http://id.loc.gov/authorities/subjects/sh85079753,Magnetic tapes,False,inf,0,0.31596171855926514,,0.198552668,0.066827834,2905,True,7.974188669,7.562514055,Polysemy,N,False,4zpuq8ud9x,245,50
tape,M1_b_M1_a,tape_M1,He used the double-sided tape.,http://id.loc.gov/authorities/subjects/sh85000864,Adhesive tape,tape_M1,He used the scotch tape.,http://id.loc.gov/authorities/subjects/sh85000864,Adhesive tape,True,0.0,1,0.025271594524383545,,0.505158365,0.088222742,962,True,6.869014451,7.424721296,Polysemy,N,True,sufdrtgf9g,63,50
ground,M1_a_M2_b,ground_M1,He was on the firm ground.,http://id.loc.gov/authorities/subjects/sh85040450,Earth (Planet)--Surface,ground_M2,He was on the parade ground.,http://id.loc.gov/authorities/subjects/sh85111955,Recreation areas,False,inf,0,0.5377330780029297,,0.33117944,0.072730541,1967,True,7.584264818,7.50734256,Polysemy,N,False,78f1p4m7t2,169,24
ground,M1_b_M2_a,ground_M1,He was on the frozen ground.,http://id.loc.gov/authorities/subjects/sh85040450,Earth (Planet)--Surface,ground_M2,He was on the camp ground.,http://id.loc.gov/authorities/subjects/sh85111955,Recreation areas,False,inf,0,0.5377330780029297,,0.238362193,0.047380745,933,True,6.838405201,7.387193601,Polysemy,N,False,urq6h944hm,55,24
ground,M1_b_M2_a,ground_M1,He was on the frozen ground.,http://id.loc.gov/authorities/subjects/sh85040450,Earth (Planet)--Surface,ground_M2,He was on the camp ground.,http://id.loc.gov/authorities/subjects/sh85111955,Recreation areas,False,inf,0,0.5377330780029297,,0.238362193,0.047380745,904,True,6.80682936,7.387193601,Polysemy,N,False,1vz3fdcvtw,121,24
ground,M2_a_M1_a,ground_M2,He was on the camp ground.,http://id.loc.gov/authorities/subjects/sh85111955,Recreation areas,ground_M1,He was on the firm ground.,http://id.loc.gov/authorities/subjects/sh85040450,Earth (Planet)--Surface,False,inf,0,0.5377330780029297,,0.308426082,0.066148043,777,True,6.65544035,7.48346209,Polysemy,N,False,mwacu22792,173,24
ground,M2_b_M1_a,ground_M2,He was on the parade ground.,http://id.loc.gov/authorities/subjects/sh85111955,Recreation areas,ground_M1,He was on the firm ground.,http://id.loc.gov/authorities/subjects/sh85040450,Earth (Planet)--Surface,False,inf,0,0.5377330780029297,,0.33117944,0.072730541,809,True,6.695798917,7.48346209,Polysemy,N,False,v75fv9pagb,213,24
ground,M2_b_M1_b,ground_M2,He was on the parade ground.,http://id.loc.gov/authorities/subjects/sh85111955,Recreation areas,ground_M1,He was on the frozen ground.,http://id.loc.gov/authorities/subjects/sh85040450,Earth (Planet)--Surface,False,inf,0,0.5377330780029297,,0.350116193,0.06280309,1525,True,7.329749689,7.50726008,Polysemy,N,False,9fkbaxk3zu,245,24
ground,M2_a_M2_b,ground_M2,He was on the camp ground.,http://id.loc.gov/authorities/subjects/sh85111955,Recreation areas,ground_M2,He was on the parade ground.,http://id.loc.gov/authorities/subjects/sh85111955,Recreation areas,True,0.0,1,0.04999995231628418,,0.222591102,0.027148664,1238,True,7.121252453,7.50734256,Polysemy,N,True,np8fheoehh,151,24
ground,M1_b_M1_a,ground_M1,He was on the frozen ground.,http://id.loc.gov/authorities/subjects/sh85040450,Earth (Planet)--Surface,ground_M1,He was on the firm ground.,http://id.loc.gov/authorities/subjects/sh85040450,Earth (Planet)--Surface,True,0.0,1,0.014838039875030518,,0.268796027,0.078346133,821,True,6.710523109,7.48346209,Polysemy,N,True,xyokc18f4l,227,24
ground,M1_a_M2_b,ground_M1,He was on the firm ground.,http://id.loc.gov/authorities/subjects/sh85040450,Earth (Planet)--Surface,ground_M2,He was on the parade ground.,http://id.loc.gov/authorities/subjects/sh85111955,Recreation areas,False,inf,0,0.5377330780029297,,0.33117944,0.072730541,1425,False,7.261927093,7.50734256,Polysemy,N,False,ael4gl3t9n,159,24
ground,M1_a_M2_b,ground_M1,He was on the firm ground.,http://id.loc.gov/authorities/subjects/sh85040450,Earth (Planet)--Surface,ground_M2,He was on the parade ground.,http://id.loc.gov/authorities/subjects/sh85111955,Recreation areas,False,inf,0,0.5377330780029297,,0.33117944,0.072730541,1479,False,7.299121463,7.50734256,Polysemy,N,False,op2dnqu0a7,95,24
ground,M2_b_M1_a,ground_M2,He was on the parade ground.,http://id.loc.gov/authorities/subjects/sh85111955,Recreation areas,ground_M1,He was on the firm ground.,http://id.loc.gov/authorities/subjects/sh85040450,Earth (Planet)--Surface,False,inf,0,0.5377330780029297,,0.33117944,0.072730541,2553,True,7.845024417,7.48346209,Polysemy,N,False,sn1yu7vsxd,119,24
ground,M1_b_M1_a,ground_M1,He was on the frozen ground.,http://id.loc.gov/authorities/subjects/sh85040450,Earth (Planet)--Surface,ground_M1,He was on the firm ground.,http://id.loc.gov/authorities/subjects/sh85040450,Earth (Planet)--Surface,True,0.0,1,0.014838039875030518,,0.268796027,0.078346133,972,True,6.879355804,7.48346209,Polysemy,N,True,4c5xx9azr7,199,24
ground,M2_b_M1_a,ground_M2,He was on the parade ground.,http://id.loc.gov/authorities/subjects/sh85111955,Recreation areas,ground_M1,He was on the firm ground.,http://id.loc.gov/authorities/subjects/sh85040450,Earth (Planet)--Surface,False,inf,0,0.5377330780029297,,0.33117944,0.072730541,767,True,6.642486801,7.48346209,Polysemy,N,False,h6swhj4mme,133,24
ground,M1_b_M1_a,ground_M1,He was on the frozen ground.,http://id.loc.gov/authorities/subjects/sh85040450,Earth (Planet)--Surface,ground_M1,He was on the firm ground.,http://id.loc.gov/authorities/subjects/sh85040450,Earth (Planet)--Surface,True,0.0,1,0.014838039875030518,,0.268796027,0.078346133,829,True,6.720220155,7.48346209,Polysemy,N,True,dbd0l1933k,111,24
ground,M1_b_M1_a,ground_M1,He was on the frozen ground.,http://id.loc.gov/authorities/subjects/sh85040450,Earth (Planet)--Surface,ground_M1,He was on the firm ground.,http://id.loc.gov/authorities/subjects/sh85040450,Earth (Planet)--Surface,True,0.0,1,0.014838039875030518,,0.268796027,0.078346133,3560,True,8.177515824,7.48346209,Polysemy,N,True,epkefl89q5,115,24
ground,M2_a_M1_a,ground_M2,He was on the camp ground.,http://id.loc.gov/authorities/subjects/sh85111955,Recreation areas,ground_M1,He was on the firm ground.,http://id.loc.gov/authorities/subjects/sh85040450,Earth (Planet)--Surface,False,inf,0,0.5377330780029297,,0.308426082,0.066148043,990,True,6.897704943,7.48346209,Polysemy,N,False,hdquts93lv,197,24
ground,M2_a_M1_b,ground_M2,He was on the camp ground.,http://id.loc.gov/authorities/subjects/sh85111955,Recreation areas,ground_M1,He was on the frozen ground.,http://id.loc.gov/authorities/subjects/sh85040450,Earth (Planet)--Surface,False,inf,0,0.5377330780029297,,0.238362193,0.047380745,765,True,6.639875834,7.50726008,Polysemy,N,False,kha24hryvm,75,24
ground,M1_b_M2_b,ground_M1,He was on the frozen ground.,http://id.loc.gov/authorities/subjects/sh85040450,Earth (Planet)--Surface,ground_M2,He was on the parade ground.,http://id.loc.gov/authorities/subjects/sh85111955,Recreation areas,False,inf,0,0.5377330780029297,,0.350116193,0.06280309,1278,False,7.153051635,7.50734256,Polysemy,N,False,wdgq8cekjp,209,24
ground,M2_b_M1_a,ground_M2,He was on the parade ground.,http://id.loc.gov/authorities/subjects/sh85111955,Recreation areas,ground_M1,He was on the firm ground.,http://id.loc.gov/authorities/subjects/sh85040450,Earth (Planet)--Surface,False,inf,0,0.5377330780029297,,0.33117944,0.072730541,1236,True,7.119635638,7.48346209,Polysemy,N,False,se4vr7yp8v,121,24
ground,M2_b_M1_a,ground_M2,He was on the parade ground.,http://id.loc.gov/authorities/subjects/sh85111955,Recreation areas,ground_M1,He was on the firm ground.,http://id.loc.gov/authorities/subjects/sh85040450,Earth (Planet)--Surface,False,inf,0,0.5377330780029297,,0.33117944,0.072730541,6146,False,8.723556743,7.48346209,Polysemy,N,False,ezjkm10dx5,141,24
ground,M2_b_M1_a,ground_M2,He was on the parade ground.,http://id.loc.gov/authorities/subjects/sh85111955,Recreation areas,ground_M1,He was on the firm ground.,http://id.loc.gov/authorities/subjects/sh85040450,Earth (Planet)--Surface,False,inf,0,0.5377330780029297,,0.33117944,0.072730541,1623,True,7.392031568,7.48346209,Polysemy,N,False,ra0zaqlxos,33,24
ground,M1_a_M2_a,ground_M1,He was on the firm ground.,http://id.loc.gov/authorities/subjects/sh85040450,Earth (Planet)--Surface,ground_M2,He was on the camp ground.,http://id.loc.gov/authorities/subjects/sh85111955,Recreation areas,False,inf,0,0.5377330780029297,,0.308426082,0.066148043,817,True,6.705639095,7.387193601,Polysemy,N,False,evdgzy3cvj,215,24
ground,M1_a_M1_b,ground_M1,He was on the firm ground.,http://id.loc.gov/authorities/subjects/sh85040450,Earth (Planet)--Surface,ground_M1,He was on the frozen ground.,http://id.loc.gov/authorities/subjects/sh85040450,Earth (Planet)--Surface,True,0.0,1,0.014838039875030518,,0.268796027,0.078346133,1119,True,7.020190708,7.50726008,Polysemy,N,True,meoc92246n,177,24
ground,M1_b_M2_a,ground_M1,He was on the frozen ground.,http://id.loc.gov/authorities/subjects/sh85040450,Earth (Planet)--Surface,ground_M2,He was on the camp ground.,http://id.loc.gov/authorities/subjects/sh85111955,Recreation areas,False,inf,0,0.5377330780029297,,0.238362193,0.047380745,897,True,6.799055862,7.387193601,Polysemy,N,False,0jrp4p98ro,203,24
ground,M2_b_M2_a,ground_M2,He was on the parade ground.,http://id.loc.gov/authorities/subjects/sh85111955,Recreation areas,ground_M2,He was on the camp ground.,http://id.loc.gov/authorities/subjects/sh85111955,Recreation areas,True,0.0,1,0.04999995231628418,,0.222591102,0.027148664,1148,True,7.045776577,7.387193601,Polysemy,N,True,tfq4ylwp1x,199,24
ground,M1_a_M2_b,ground_M1,He was on the firm ground.,http://id.loc.gov/authorities/subjects/sh85040450,Earth (Planet)--Surface,ground_M2,He was on the parade ground.,http://id.loc.gov/authorities/subjects/sh85111955,Recreation areas,False,inf,0,0.5377330780029297,,0.33117944,0.072730541,1713,False,7.446001498,7.50734256,Polysemy,N,False,lt0kapj5fz,73,24
ground,M2_b_M2_a,ground_M2,He was on the parade ground.,http://id.loc.gov/authorities/subjects/sh85111955,Recreation areas,ground_M2,He was on the camp ground.,http://id.loc.gov/authorities/subjects/sh85111955,Recreation areas,True,0.0,1,0.04999995231628418,,0.222591102,0.027148664,912,True,6.81563999,7.387193601,Polysemy,N,True,j9vhr9vzec,123,24
ground,M2_a_M1_a,ground_M2,He was on the camp ground.,http://id.loc.gov/authorities/subjects/sh85111955,Recreation areas,ground_M1,He was on the firm ground.,http://id.loc.gov/authorities/subjects/sh85040450,Earth (Planet)--Surface,False,inf,0,0.5377330780029297,,0.308426082,0.066148043,2177,True,7.685703061,7.48346209,Polysemy,N,False,m3g5101vta,71,24
ground,M2_a_M1_b,ground_M2,He was on the camp ground.,http://id.loc.gov/authorities/subjects/sh85111955,Recreation areas,ground_M1,He was on the frozen ground.,http://id.loc.gov/authorities/subjects/sh85040450,Earth (Planet)--Surface,False,inf,0,0.5377330780029297,,0.238362193,0.047380745,1487,True,7.304515946,7.50726008,Polysemy,N,False,y4puhchaf9,115,24
ground,M2_b_M2_a,ground_M2,He was on the parade ground.,http://id.loc.gov/authorities/subjects/sh85111955,Recreation areas,ground_M2,He was on the camp ground.,http://id.loc.gov/authorities/subjects/sh85111955,Recreation areas,True,0.0,1,0.04999995231628418,,0.222591102,0.027148664,862,True,6.759255271,7.387193601,Polysemy,N,True,1lzneddpkq,185,24
ground,M2_a_M1_a,ground_M2,He was on the camp ground.,http://id.loc.gov/authorities/subjects/sh85111955,Recreation areas,ground_M1,He was on the firm ground.,http://id.loc.gov/authorities/subjects/sh85040450,Earth (Planet)--Surface,False,inf,0,0.5377330780029297,,0.308426082,0.066148043,1145,True,7.043159916,7.48346209,Polysemy,N,False,92yp2w9v56,129,24
ground,M1_a_M2_a,ground_M1,He was on the firm ground.,http://id.loc.gov/authorities/subjects/sh85040450,Earth (Planet)--Surface,ground_M2,He was on the camp ground.,http://id.loc.gov/authorities/subjects/sh85111955,Recreation areas,False,inf,0,0.5377330780029297,,0.308426082,0.066148043,1008,True,6.915723449,7.387193601,Polysemy,N,False,gdwec44k4r,145,24
ground,M1_a_M2_a,ground_M1,He was on the firm ground.,http://id.loc.gov/authorities/subjects/sh85040450,Earth (Planet)--Surface,ground_M2,He was on the camp ground.,http://id.loc.gov/authorities/subjects/sh85111955,Recreation areas,False,inf,0,0.5377330780029297,,0.308426082,0.066148043,614,True,6.419994928,7.387193601,Polysemy,N,False,z02r2dprrd,185,24
ground,M1_b_M2_b,ground_M1,He was on the frozen ground.,http://id.loc.gov/authorities/subjects/sh85040450,Earth (Planet)--Surface,ground_M2,He was on the parade ground.,http://id.loc.gov/authorities/subjects/sh85111955,Recreation areas,False,inf,0,0.5377330780029297,,0.350116193,0.06280309,1101,True,7.003974137,7.50734256,Polysemy,N,False,tra6y98mle,109,24
ground,M2_b_M2_a,ground_M2,He was on the parade ground.,http://id.loc.gov/authorities/subjects/sh85111955,Recreation areas,ground_M2,He was on the camp ground.,http://id.loc.gov/authorities/subjects/sh85111955,Recreation areas,True,0.0,1,0.04999995231628418,,0.222591102,0.027148664,753,True,6.624065228,7.387193601,Polysemy,N,True,w7t2pcpr1z,139,24
ground,M2_b_M1_a,ground_M2,He was on the parade ground.,http://id.loc.gov/authorities/subjects/sh85111955,Recreation areas,ground_M1,He was on the firm ground.,http://id.loc.gov/authorities/subjects/sh85040450,Earth (Planet)--Surface,False,inf,0,0.5377330780029297,,0.33117944,0.072730541,1085,True,6.989335266,7.48346209,Polysemy,N,False,0l5gfo1s81,207,24
ground,M2_a_M2_b,ground_M2,He was on the camp ground.,http://id.loc.gov/authorities/subjects/sh85111955,Recreation areas,ground_M2,He was on the parade ground.,http://id.loc.gov/authorities/subjects/sh85111955,Recreation areas,True,0.0,1,0.04999995231628418,,0.222591102,0.027148664,1073,False,6.978213743,7.50734256,Polysemy,N,True,emcqel00x3,45,24
ground,M1_a_M1_b,ground_M1,He was on the firm ground.,http://id.loc.gov/authorities/subjects/sh85040450,Earth (Planet)--Surface,ground_M1,He was on the frozen ground.,http://id.loc.gov/authorities/subjects/sh85040450,Earth (Planet)--Surface,True,0.0,1,0.014838039875030518,,0.268796027,0.078346133,914,True,6.817830571,7.50726008,Polysemy,N,True,uy86my9o9s,35,24
ground,M2_b_M2_a,ground_M2,He was on the parade ground.,http://id.loc.gov/authorities/subjects/sh85111955,Recreation areas,ground_M2,He was on the camp ground.,http://id.loc.gov/authorities/subjects/sh85111955,Recreation areas,True,0.0,1,0.04999995231628418,,0.222591102,0.027148664,958,True,6.864847778,7.387193601,Polysemy,N,True,mketfayzl8,129,24
ground,M2_b_M1_a,ground_M2,He was on the parade ground.,http://id.loc.gov/authorities/subjects/sh85111955,Recreation areas,ground_M1,He was on the firm ground.,http://id.loc.gov/authorities/subjects/sh85040450,Earth (Planet)--Surface,False,inf,0,0.5377330780029297,,0.33117944,0.072730541,1611,False,7.384610383,7.48346209,Polysemy,N,False,unzj7yx25l,113,24
ground,M2_a_M1_b,ground_M2,He was on the camp ground.,http://id.loc.gov/authorities/subjects/sh85111955,Recreation areas,ground_M1,He was on the frozen ground.,http://id.loc.gov/authorities/subjects/sh85040450,Earth (Planet)--Surface,False,inf,0,0.5377330780029297,,0.238362193,0.047380745,819,True,6.708084084,7.50726008,Polysemy,N,False,gdlhwqulft,239,24
ground,M1_a_M2_b,ground_M1,He was on the firm ground.,http://id.loc.gov/authorities/subjects/sh85040450,Earth (Planet)--Surface,ground_M2,He was on the parade ground.,http://id.loc.gov/authorities/subjects/sh85111955,Recreation areas,False,inf,0,0.5377330780029297,,0.33117944,0.072730541,1443,True,7.274479559,7.50734256,Polysemy,N,False,4q5dxb7nhf,223,24
ground,M2_a_M1_b,ground_M2,He was on the camp ground.,http://id.loc.gov/authorities/subjects/sh85111955,Recreation areas,ground_M1,He was on the frozen ground.,http://id.loc.gov/authorities/subjects/sh85040450,Earth (Planet)--Surface,False,inf,0,0.5377330780029297,,0.238362193,0.047380745,798,True,6.682108597,7.50726008,Polysemy,N,False,zglqpt5fh7,217,24
ground,M1_b_M2_b,ground_M1,He was on the frozen ground.,http://id.loc.gov/authorities/subjects/sh85040450,Earth (Planet)--Surface,ground_M2,He was on the parade ground.,http://id.loc.gov/authorities/subjects/sh85111955,Recreation areas,False,inf,0,0.5377330780029297,,0.350116193,0.06280309,2140,False,7.668561108,7.50734256,Polysemy,N,False,prlu1sa9my,97,24
ground,M2_b_M1_b,ground_M2,He was on the parade ground.,http://id.loc.gov/authorities/subjects/sh85111955,Recreation areas,ground_M1,He was on the frozen ground.,http://id.loc.gov/authorities/subjects/sh85040450,Earth (Planet)--Surface,False,inf,0,0.5377330780029297,,0.350116193,0.06280309,1167,True,7.062191632,7.50726008,Polysemy,N,False,luke3ctol0,121,24
ground,M2_a_M1_b,ground_M2,He was on the camp ground.,http://id.loc.gov/authorities/subjects/sh85111955,Recreation areas,ground_M1,He was on the frozen ground.,http://id.loc.gov/authorities/subjects/sh85040450,Earth (Planet)--Surface,False,inf,0,0.5377330780029297,,0.238362193,0.047380745,1255,True,7.134890852,7.50726008,Polysemy,N,False,79d4rp4wbh,103,24
ground,M2_a_M1_b,ground_M2,He was on the camp ground.,http://id.loc.gov/authorities/subjects/sh85111955,Recreation areas,ground_M1,He was on the frozen ground.,http://id.loc.gov/authorities/subjects/sh85040450,Earth (Planet)--Surface,False,inf,0,0.5377330780029297,,0.238362193,0.047380745,849,True,6.744059186,7.50726008,Polysemy,N,False,2usccf4uxc,157,24
ground,M1_b_M1_a,ground_M1,He was on the frozen ground.,http://id.loc.gov/authorities/subjects/sh85040450,Earth (Planet)--Surface,ground_M1,He was on the firm ground.,http://id.loc.gov/authorities/subjects/sh85040450,Earth (Planet)--Surface,True,0.0,1,0.014838039875030518,,0.268796027,0.078346133,683,True,6.52649486,7.48346209,Polysemy,N,True,w18v804q9v,177,24
ground,M2_a_M1_a,ground_M2,He was on the camp ground.,http://id.loc.gov/authorities/subjects/sh85111955,Recreation areas,ground_M1,He was on the firm ground.,http://id.loc.gov/authorities/subjects/sh85040450,Earth (Planet)--Surface,False,inf,0,0.5377330780029297,,0.308426082,0.066148043,980,True,6.887552572,7.48346209,Polysemy,N,False,50rd5uu19e,59,24
ground,M1_a_M1_b,ground_M1,He was on the firm ground.,http://id.loc.gov/authorities/subjects/sh85040450,Earth (Planet)--Surface,ground_M1,He was on the frozen ground.,http://id.loc.gov/authorities/subjects/sh85040450,Earth (Planet)--Surface,True,0.0,1,0.014838039875030518,,0.268796027,0.078346133,842,True,6.735780014,7.50726008,Polysemy,N,True,l4avquduxt,155,24
ground,M2_b_M1_a,ground_M2,He was on the parade ground.,http://id.loc.gov/authorities/subjects/sh85111955,Recreation areas,ground_M1,He was on the firm ground.,http://id.loc.gov/authorities/subjects/sh85040450,Earth (Planet)--Surface,False,inf,0,0.5377330780029297,,0.33117944,0.072730541,1317,True,7.183111702,7.48346209,Polysemy,N,False,1qywoodmd2,131,24
ground,M1_a_M2_a,ground_M1,He was on the firm ground.,http://id.loc.gov/authorities/subjects/sh85040450,Earth (Planet)--Surface,ground_M2,He was on the camp ground.,http://id.loc.gov/authorities/subjects/sh85111955,Recreation areas,False,inf,0,0.5377330780029297,,0.308426082,0.066148043,1079,True,6.983789965,7.387193601,Polysemy,N,False,rrf38z917v,53,24
ground,M2_b_M1_b,ground_M2,He was on the parade ground.,http://id.loc.gov/authorities/subjects/sh85111955,Recreation areas,ground_M1,He was on the frozen ground.,http://id.loc.gov/authorities/subjects/sh85040450,Earth (Planet)--Surface,False,inf,0,0.5377330780029297,,0.350116193,0.06280309,3396,True,8.130353547,7.50726008,Polysemy,N,False,1wzodbsf7y,111,24
ground,M2_a_M2_b,ground_M2,He was on the camp ground.,http://id.loc.gov/authorities/subjects/sh85111955,Recreation areas,ground_M2,He was on the parade ground.,http://id.loc.gov/authorities/subjects/sh85111955,Recreation areas,True,0.0,1,0.04999995231628418,,0.222591102,0.027148664,1210,True,7.098375639,7.50734256,Polysemy,N,True,bacqef0gje,233,24
ground,M2_b_M2_a,ground_M2,He was on the parade ground.,http://id.loc.gov/authorities/subjects/sh85111955,Recreation areas,ground_M2,He was on the camp ground.,http://id.loc.gov/authorities/subjects/sh85111955,Recreation areas,True,0.0,1,0.04999995231628418,,0.222591102,0.027148664,701,True,6.552507887,7.387193601,Polysemy,N,True,mhz82a74k9,219,24
ground,M2_a_M2_b,ground_M2,He was on the camp ground.,http://id.loc.gov/authorities/subjects/sh85111955,Recreation areas,ground_M2,He was on the parade ground.,http://id.loc.gov/authorities/subjects/sh85111955,Recreation areas,True,0.0,1,0.04999995231628418,,0.222591102,0.027148664,942,False,6.848005275,7.50734256,Polysemy,N,True,p7h7xsjj50,205,24
ground,M2_a_M1_b,ground_M2,He was on the camp ground.,http://id.loc.gov/authorities/subjects/sh85111955,Recreation areas,ground_M1,He was on the frozen ground.,http://id.loc.gov/authorities/subjects/sh85040450,Earth (Planet)--Surface,False,inf,0,0.5377330780029297,,0.238362193,0.047380745,1016,True,6.923628628,7.50726008,Polysemy,N,False,7poq0nl7yt,191,24
ground,M2_b_M1_a,ground_M2,He was on the parade ground.,http://id.loc.gov/authorities/subjects/sh85111955,Recreation areas,ground_M1,He was on the firm ground.,http://id.loc.gov/authorities/subjects/sh85040450,Earth (Planet)--Surface,False,inf,0,0.5377330780029297,,0.33117944,0.072730541,925,True,6.829793738,7.48346209,Polysemy,N,False,kcv5v2zj80,81,24
ground,M1_a_M1_b,ground_M1,He was on the firm ground.,http://id.loc.gov/authorities/subjects/sh85040450,Earth (Planet)--Surface,ground_M1,He was on the frozen ground.,http://id.loc.gov/authorities/subjects/sh85040450,Earth (Planet)--Surface,True,0.0,1,0.014838039875030518,,0.268796027,0.078346133,1300,True,7.170119543,7.50726008,Polysemy,N,True,34628l2rmq,203,24
ground,M1_a_M2_a,ground_M1,He was on the firm ground.,http://id.loc.gov/authorities/subjects/sh85040450,Earth (Planet)--Surface,ground_M2,He was on the camp ground.,http://id.loc.gov/authorities/subjects/sh85111955,Recreation areas,False,inf,0,0.5377330780029297,,0.308426082,0.066148043,1298,True,7.168579897,7.387193601,Polysemy,N,False,02cpp7rcbk,89,24
ground,M1_a_M1_b,ground_M1,He was on the firm ground.,http://id.loc.gov/authorities/subjects/sh85040450,Earth (Planet)--Surface,ground_M1,He was on the frozen ground.,http://id.loc.gov/authorities/subjects/sh85040450,Earth (Planet)--Surface,True,0.0,1,0.014838039875030518,,0.268796027,0.078346133,912,True,6.81563999,7.50726008,Polysemy,N,True,a0u2yg5j7e,221,24
ground,M1_b_M2_a,ground_M1,He was on the frozen ground.,http://id.loc.gov/authorities/subjects/sh85040450,Earth (Planet)--Surface,ground_M2,He was on the camp ground.,http://id.loc.gov/authorities/subjects/sh85111955,Recreation areas,False,inf,0,0.5377330780029297,,0.238362193,0.047380745,1037,True,6.944087208,7.387193601,Polysemy,N,False,11pz67y2jv,251,24
ground,M1_b_M2_b,ground_M1,He was on the frozen ground.,http://id.loc.gov/authorities/subjects/sh85040450,Earth (Planet)--Surface,ground_M2,He was on the parade ground.,http://id.loc.gov/authorities/subjects/sh85111955,Recreation areas,False,inf,0,0.5377330780029297,,0.350116193,0.06280309,1724,True,7.452402451,7.50734256,Polysemy,N,False,jwcxuk91x6,63,24
ground,M1_a_M2_a,ground_M1,He was on the firm ground.,http://id.loc.gov/authorities/subjects/sh85040450,Earth (Planet)--Surface,ground_M2,He was on the camp ground.,http://id.loc.gov/authorities/subjects/sh85111955,Recreation areas,False,inf,0,0.5377330780029297,,0.308426082,0.066148043,835,True,6.727431725,7.387193601,Polysemy,N,False,k9k5bl7bsa,163,24
ground,M1_b_M1_a,ground_M1,He was on the frozen ground.,http://id.loc.gov/authorities/subjects/sh85040450,Earth (Planet)--Surface,ground_M1,He was on the firm ground.,http://id.loc.gov/authorities/subjects/sh85040450,Earth (Planet)--Surface,True,0.0,1,0.014838039875030518,,0.268796027,0.078346133,1115,True,7.016609684,7.48346209,Polysemy,N,True,o40xglp55j,105,24
ground,M2_b_M2_a,ground_M2,He was on the parade ground.,http://id.loc.gov/authorities/subjects/sh85111955,Recreation areas,ground_M2,He was on the camp ground.,http://id.loc.gov/authorities/subjects/sh85111955,Recreation areas,True,0.0,1,0.04999995231628418,,0.222591102,0.027148664,848,True,6.742880636,7.387193601,Polysemy,N,True,y52zt9vjyf,135,24
ground,M1_a_M1_b,ground_M1,He was on the firm ground.,http://id.loc.gov/authorities/subjects/sh85040450,Earth (Planet)--Surface,ground_M1,He was on the frozen ground.,http://id.loc.gov/authorities/subjects/sh85040450,Earth (Planet)--Surface,True,0.0,1,0.014838039875030518,,0.268796027,0.078346133,813,True,6.70073111,7.50726008,Polysemy,N,True,va3hb1mkox,61,24
ground,M2_a_M1_a,ground_M2,He was on the camp ground.,http://id.loc.gov/authorities/subjects/sh85111955,Recreation areas,ground_M1,He was on the firm ground.,http://id.loc.gov/authorities/subjects/sh85040450,Earth (Planet)--Surface,False,inf,0,0.5377330780029297,,0.308426082,0.066148043,917,True,6.821107472,7.48346209,Polysemy,N,False,ctcq5oob70,29,24
ground,M2_a_M1_a,ground_M2,He was on the camp ground.,http://id.loc.gov/authorities/subjects/sh85111955,Recreation areas,ground_M1,He was on the firm ground.,http://id.loc.gov/authorities/subjects/sh85040450,Earth (Planet)--Surface,False,inf,0,0.5377330780029297,,0.308426082,0.066148043,1914,True,7.556950572,7.48346209,Polysemy,N,False,xdomj2pout,183,24
ground,M1_a_M2_a,ground_M1,He was on the firm ground.,http://id.loc.gov/authorities/subjects/sh85040450,Earth (Planet)--Surface,ground_M2,He was on the camp ground.,http://id.loc.gov/authorities/subjects/sh85111955,Recreation areas,False,inf,0,0.5377330780029297,,0.308426082,0.066148043,575,True,6.354370041,7.387193601,Polysemy,N,False,kzt7mhlhq0,187,24
ground,M1_b_M2_b,ground_M1,He was on the frozen ground.,http://id.loc.gov/authorities/subjects/sh85040450,Earth (Planet)--Surface,ground_M2,He was on the parade ground.,http://id.loc.gov/authorities/subjects/sh85111955,Recreation areas,False,inf,0,0.5377330780029297,,0.350116193,0.06280309,986,False,6.893656355,7.50734256,Polysemy,N,False,3mb5qrf7ny,37,24
ground,M1_a_M2_a,ground_M1,He was on the firm ground.,http://id.loc.gov/authorities/subjects/sh85040450,Earth (Planet)--Surface,ground_M2,He was on the camp ground.,http://id.loc.gov/authorities/subjects/sh85111955,Recreation areas,False,inf,0,0.5377330780029297,,0.308426082,0.066148043,1362,True,7.216709487,7.387193601,Polysemy,N,False,z2n4w2lvuj,65,24
ground,M2_b_M1_b,ground_M2,He was on the parade ground.,http://id.loc.gov/authorities/subjects/sh85111955,Recreation areas,ground_M1,He was on the frozen ground.,http://id.loc.gov/authorities/subjects/sh85040450,Earth (Planet)--Surface,False,inf,0,0.5377330780029297,,0.350116193,0.06280309,1043,True,6.949856455,7.50726008,Polysemy,N,False,rgkj29k85f,61,24
ground,M1_a_M2_b,ground_M1,He was on the firm ground.,http://id.loc.gov/authorities/subjects/sh85040450,Earth (Planet)--Surface,ground_M2,He was on the parade ground.,http://id.loc.gov/authorities/subjects/sh85111955,Recreation areas,False,inf,0,0.5377330780029297,,0.33117944,0.072730541,2298,False,7.739794458,7.50734256,Polysemy,N,False,zc0tcyzalc,201,24
ground,M2_a_M1_a,ground_M2,He was on the camp ground.,http://id.loc.gov/authorities/subjects/sh85111955,Recreation areas,ground_M1,He was on the firm ground.,http://id.loc.gov/authorities/subjects/sh85040450,Earth (Planet)--Surface,False,inf,0,0.5377330780029297,,0.308426082,0.066148043,1165,False,7.060476366,7.48346209,Polysemy,N,False,11s3zyvhm4,137,24
ground,M1_a_M2_b,ground_M1,He was on the firm ground.,http://id.loc.gov/authorities/subjects/sh85040450,Earth (Planet)--Surface,ground_M2,He was on the parade ground.,http://id.loc.gov/authorities/subjects/sh85111955,Recreation areas,False,inf,0,0.5377330780029297,,0.33117944,0.072730541,792,True,6.674561392,7.50734256,Polysemy,N,False,ppv7uctwr1,115,24
ground,M2_a_M1_b,ground_M2,He was on the camp ground.,http://id.loc.gov/authorities/subjects/sh85111955,Recreation areas,ground_M1,He was on the frozen ground.,http://id.loc.gov/authorities/subjects/sh85040450,Earth (Planet)--Surface,False,inf,0,0.5377330780029297,,0.238362193,0.047380745,1376,True,7.226936018,7.50726008,Polysemy,N,False,s4hekwenop,149,24
ground,M2_b_M2_a,ground_M2,He was on the parade ground.,http://id.loc.gov/authorities/subjects/sh85111955,Recreation areas,ground_M2,He was on the camp ground.,http://id.loc.gov/authorities/subjects/sh85111955,Recreation areas,True,0.0,1,0.04999995231628418,,0.222591102,0.027148664,535,True,6.282266747,7.387193601,Polysemy,N,True,zsds20jhhb,33,24
ground,M1_b_M1_a,ground_M1,He was on the frozen ground.,http://id.loc.gov/authorities/subjects/sh85040450,Earth (Planet)--Surface,ground_M1,He was on the firm ground.,http://id.loc.gov/authorities/subjects/sh85040450,Earth (Planet)--Surface,True,0.0,1,0.014838039875030518,,0.268796027,0.078346133,1080,True,6.98471632,7.48346209,Polysemy,N,True,6lbv5uhykm,43,24
ground,M2_b_M1_b,ground_M2,He was on the parade ground.,http://id.loc.gov/authorities/subjects/sh85111955,Recreation areas,ground_M1,He was on the frozen ground.,http://id.loc.gov/authorities/subjects/sh85040450,Earth (Planet)--Surface,False,inf,0,0.5377330780029297,,0.350116193,0.06280309,2482,True,7.816819966,7.50726008,Polysemy,N,False,68a6hn4uvz,207,24
ground,M2_b_M1_a,ground_M2,He was on the parade ground.,http://id.loc.gov/authorities/subjects/sh85111955,Recreation areas,ground_M1,He was on the firm ground.,http://id.loc.gov/authorities/subjects/sh85040450,Earth (Planet)--Surface,False,inf,0,0.5377330780029297,,0.33117944,0.072730541,801,True,6.685860947,7.48346209,Polysemy,N,False,2r8jyhe7un,183,24
ground,M1_b_M2_b,ground_M1,He was on the frozen ground.,http://id.loc.gov/authorities/subjects/sh85040450,Earth (Planet)--Surface,ground_M2,He was on the parade ground.,http://id.loc.gov/authorities/subjects/sh85111955,Recreation areas,False,inf,0,0.5377330780029297,,0.350116193,0.06280309,3339,False,8.11342664,7.50734256,Polysemy,N,False,4e6rrg22h5,103,24
ground,M1_b_M2_a,ground_M1,He was on the frozen ground.,http://id.loc.gov/authorities/subjects/sh85040450,Earth (Planet)--Surface,ground_M2,He was on the camp ground.,http://id.loc.gov/authorities/subjects/sh85111955,Recreation areas,False,inf,0,0.5377330780029297,,0.238362193,0.047380745,742,True,6.609349243,7.387193601,Polysemy,N,False,vc2ac751cz,209,24
ground,M1_a_M2_a,ground_M1,He was on the firm ground.,http://id.loc.gov/authorities/subjects/sh85040450,Earth (Planet)--Surface,ground_M2,He was on the camp ground.,http://id.loc.gov/authorities/subjects/sh85111955,Recreation areas,False,inf,0,0.5377330780029297,,0.308426082,0.066148043,1206,True,7.095064377,7.387193601,Polysemy,N,False,4suqxr8zom,175,24
ground,M1_a_M1_b,ground_M1,He was on the firm ground.,http://id.loc.gov/authorities/subjects/sh85040450,Earth (Planet)--Surface,ground_M1,He was on the frozen ground.,http://id.loc.gov/authorities/subjects/sh85040450,Earth (Planet)--Surface,True,0.0,1,0.014838039875030518,,0.268796027,0.078346133,1173,True,7.067319849,7.50726008,Polysemy,N,True,xxh77u2udt,109,24
ground,M2_b_M2_a,ground_M2,He was on the parade ground.,http://id.loc.gov/authorities/subjects/sh85111955,Recreation areas,ground_M2,He was on the camp ground.,http://id.loc.gov/authorities/subjects/sh85111955,Recreation areas,True,0.0,1,0.04999995231628418,,0.222591102,0.027148664,711,True,6.56667243,7.387193601,Polysemy,N,True,xdapyucpqa,185,24
ground,M1_b_M2_a,ground_M1,He was on the frozen ground.,http://id.loc.gov/authorities/subjects/sh85040450,Earth (Planet)--Surface,ground_M2,He was on the camp ground.,http://id.loc.gov/authorities/subjects/sh85111955,Recreation areas,False,inf,0,0.5377330780029297,,0.238362193,0.047380745,930,True,6.835184586,7.387193601,Polysemy,N,False,kdxs9d2gww,109,24
ground,M1_b_M2_a,ground_M1,He was on the frozen ground.,http://id.loc.gov/authorities/subjects/sh85040450,Earth (Planet)--Surface,ground_M2,He was on the camp ground.,http://id.loc.gov/authorities/subjects/sh85111955,Recreation areas,False,inf,0,0.5377330780029297,,0.238362193,0.047380745,837,True,6.72982407,7.387193601,Polysemy,N,False,6g6ama8qck,111,24
ground,M1_b_M2_a,ground_M1,He was on the frozen ground.,http://id.loc.gov/authorities/subjects/sh85040450,Earth (Planet)--Surface,ground_M2,He was on the camp ground.,http://id.loc.gov/authorities/subjects/sh85111955,Recreation areas,False,inf,0,0.5377330780029297,,0.238362193,0.047380745,882,True,6.782192056,7.387193601,Polysemy,N,False,jrnkr73qqa,75,24
ground,M2_a_M2_b,ground_M2,He was on the camp ground.,http://id.loc.gov/authorities/subjects/sh85111955,Recreation areas,ground_M2,He was on the parade ground.,http://id.loc.gov/authorities/subjects/sh85111955,Recreation areas,True,0.0,1,0.04999995231628418,,0.222591102,0.027148664,1395,True,7.240649694,7.50734256,Polysemy,N,True,lpduruhrnk,185,24
ground,M1_b_M1_a,ground_M1,He was on the frozen ground.,http://id.loc.gov/authorities/subjects/sh85040450,Earth (Planet)--Surface,ground_M1,He was on the firm ground.,http://id.loc.gov/authorities/subjects/sh85040450,Earth (Planet)--Surface,True,0.0,1,0.014838039875030518,,0.268796027,0.078346133,730,True,6.593044534,7.48346209,Polysemy,N,True,etthd39jyc,55,24
ground,M2_a_M1_a,ground_M2,He was on the camp ground.,http://id.loc.gov/authorities/subjects/sh85111955,Recreation areas,ground_M1,He was on the firm ground.,http://id.loc.gov/authorities/subjects/sh85040450,Earth (Planet)--Surface,False,inf,0,0.5377330780029297,,0.308426082,0.066148043,1249,True,7.13009851,7.48346209,Polysemy,N,False,uaydq1djrs,171,24
ground,M1_b_M2_a,ground_M1,He was on the frozen ground.,http://id.loc.gov/authorities/subjects/sh85040450,Earth (Planet)--Surface,ground_M2,He was on the camp ground.,http://id.loc.gov/authorities/subjects/sh85111955,Recreation areas,False,inf,0,0.5377330780029297,,0.238362193,0.047380745,830,True,6.721425701,7.387193601,Polysemy,N,False,m7n1h07aw2,143,24
ground,M1_a_M2_b,ground_M1,He was on the firm ground.,http://id.loc.gov/authorities/subjects/sh85040450,Earth (Planet)--Surface,ground_M2,He was on the parade ground.,http://id.loc.gov/authorities/subjects/sh85111955,Recreation areas,False,inf,0,0.5377330780029297,,0.33117944,0.072730541,1964,True,7.582738489,7.50734256,Polysemy,N,False,4zpuq8ud9x,139,24
ground,M2_a_M2_b,ground_M2,He was on the camp ground.,http://id.loc.gov/authorities/subjects/sh85111955,Recreation areas,ground_M2,He was on the parade ground.,http://id.loc.gov/authorities/subjects/sh85111955,Recreation areas,True,0.0,1,0.04999995231628418,,0.222591102,0.027148664,1105,True,7.007600614,7.50734256,Polysemy,N,True,nh9sg3fncc,159,24
ground,M2_a_M1_b,ground_M2,He was on the camp ground.,http://id.loc.gov/authorities/subjects/sh85111955,Recreation areas,ground_M1,He was on the frozen ground.,http://id.loc.gov/authorities/subjects/sh85040450,Earth (Planet)--Surface,False,inf,0,0.5377330780029297,,0.238362193,0.047380745,975,True,6.882437471,7.50726008,Polysemy,N,False,x784e4lcbj,57,24
fan,M1_a_M1_b,fan_M1,They had an electric fan.,http://id.loc.gov/authorities/subjects/sh85047105,Fans (Machinery),fan_M1,They had a ceiling fan.,http://id.loc.gov/authorities/subjects/sh85047105,Fans (Machinery),True,0.0,1,0.011595368385314941,,0.076492667,0.080676556,1109,True,7.011213987,7.269267639,Homonymy,N,True,qck08emfde,51,63
fan,M1_b_M2_a,fan_M1,They had a ceiling fan.,http://id.loc.gov/authorities/subjects/sh85047105,Fans (Machinery),fan_M2,They had a zealous fan.,http://id.loc.gov/authorities/subjects/sh85047108,Fans (Persons),False,inf,0,0.22544807195663452,,0.475281417,0.176194489,983,True,6.89060912,7.428073294,Homonymy,N,False,u6tgegpyj0,85,63
fan,M2_b_M2_a,fan_M2,They had an enthusiastic fan.,http://id.loc.gov/authorities/subjects/sh85047108,Fans (Persons),fan_M2,They had a zealous fan.,http://id.loc.gov/authorities/subjects/sh85047108,Fans (Persons),True,0.0,1,0.010429024696350098,,0.106026471,0.060933888,902,True,6.80461452,7.428073294,Homonymy,N,True,satgb3rqke,29,63
fan,M2_b_M2_a,fan_M2,They had an enthusiastic fan.,http://id.loc.gov/authorities/subjects/sh85047108,Fans (Persons),fan_M2,They had a zealous fan.,http://id.loc.gov/authorities/subjects/sh85047108,Fans (Persons),True,0.0,1,0.010429024696350098,,0.106026471,0.060933888,716,True,6.573680167,7.428073294,Homonymy,N,True,78f1p4m7t2,237,63
fan,M1_a_M1_b,fan_M1,They had an electric fan.,http://id.loc.gov/authorities/subjects/sh85047105,Fans (Machinery),fan_M1,They had a ceiling fan.,http://id.loc.gov/authorities/subjects/sh85047105,Fans (Machinery),True,0.0,1,0.011595368385314941,,0.076492667,0.080676556,1038,True,6.945051064,7.269267639,Homonymy,N,True,urq6h944hm,33,63
fan,M1_a_M2_b,fan_M1,They had an electric fan.,http://id.loc.gov/authorities/subjects/sh85047105,Fans (Machinery),fan_M2,They had an enthusiastic fan.,http://id.loc.gov/authorities/subjects/sh85047108,Fans (Persons),False,inf,0,0.22544807195663452,,0.426824152,0.194414139,2174,True,7.684324068,7.531247014,Homonymy,N,False,1vz3fdcvtw,219,63
fan,M2_a_M2_b,fan_M2,They had a zealous fan.,http://id.loc.gov/authorities/subjects/sh85047108,Fans (Persons),fan_M2,They had an enthusiastic fan.,http://id.loc.gov/authorities/subjects/sh85047108,Fans (Persons),True,0.0,1,0.010429024696350098,,0.106026471,0.060933888,1038,True,6.945051064,7.531247014,Homonymy,N,True,mwacu22792,33,63
fan,M2_a_M1_b,fan_M2,They had a zealous fan.,http://id.loc.gov/authorities/subjects/sh85047108,Fans (Persons),fan_M1,They had a ceiling fan.,http://id.loc.gov/authorities/subjects/sh85047105,Fans (Machinery),False,inf,0,0.22544807195663452,,0.475281417,0.176194489,840,True,6.733401892,7.269267639,Homonymy,N,False,wsf5xp226q,193,63
fan,M2_b_M2_a,fan_M2,They had an enthusiastic fan.,http://id.loc.gov/authorities/subjects/sh85047108,Fans (Persons),fan_M2,They had a zealous fan.,http://id.loc.gov/authorities/subjects/sh85047108,Fans (Persons),True,0.0,1,0.010429024696350098,,0.106026471,0.060933888,1163,True,7.058758153,7.428073294,Homonymy,N,True,9fkbaxk3zu,221,63
fan,M2_b_M1_b,fan_M2,They had an enthusiastic fan.,http://id.loc.gov/authorities/subjects/sh85047108,Fans (Persons),fan_M1,They had a ceiling fan.,http://id.loc.gov/authorities/subjects/sh85047105,Fans (Machinery),False,inf,0,0.22544807195663452,,0.498543441,0.21644938,779,True,6.658011046,7.269267639,Homonymy,N,False,np8fheoehh,37,63
fan,M2_b_M1_a,fan_M2,They had an enthusiastic fan.,http://id.loc.gov/authorities/subjects/sh85047108,Fans (Persons),fan_M1,They had an electric fan.,http://id.loc.gov/authorities/subjects/sh85047105,Fans (Machinery),False,inf,0,0.22544807195663452,,0.426824152,0.194414139,1938,True,7.569411792,7.236250483,Homonymy,N,False,jjpm6guwej,251,63
fan,M1_b_M2_a,fan_M1,They had a ceiling fan.,http://id.loc.gov/authorities/subjects/sh85047105,Fans (Machinery),fan_M2,They had a zealous fan.,http://id.loc.gov/authorities/subjects/sh85047108,Fans (Persons),False,inf,0,0.22544807195663452,,0.475281417,0.176194489,1439,True,7.271703707,7.428073294,Homonymy,N,False,hdblro1e9q,189,63
fan,M1_a_M2_a,fan_M1,They had an electric fan.,http://id.loc.gov/authorities/subjects/sh85047105,Fans (Machinery),fan_M2,They had a zealous fan.,http://id.loc.gov/authorities/subjects/sh85047108,Fans (Persons),False,inf,0,0.22544807195663452,,0.402846813,0.177222013,1025,False,6.932447892,7.428073294,Homonymy,N,False,nkwr4ou2vr,131,63
fan,M1_b_M2_b,fan_M1,They had a ceiling fan.,http://id.loc.gov/authorities/subjects/sh85047105,Fans (Machinery),fan_M2,They had an enthusiastic fan.,http://id.loc.gov/authorities/subjects/sh85047108,Fans (Persons),False,inf,0,0.22544807195663452,,0.498543441,0.21644938,1256,False,7.135687347,7.531247014,Homonymy,N,False,bjdam1cm56,71,63
fan,M1_b_M2_a,fan_M1,They had a ceiling fan.,http://id.loc.gov/authorities/subjects/sh85047105,Fans (Machinery),fan_M2,They had a zealous fan.,http://id.loc.gov/authorities/subjects/sh85047108,Fans (Persons),False,inf,0,0.22544807195663452,,0.475281417,0.176194489,871,True,6.769641977,7.428073294,Homonymy,N,False,op2dnqu0a7,85,63
fan,M1_a_M1_b,fan_M1,They had an electric fan.,http://id.loc.gov/authorities/subjects/sh85047105,Fans (Machinery),fan_M1,They had a ceiling fan.,http://id.loc.gov/authorities/subjects/sh85047105,Fans (Machinery),True,0.0,1,0.011595368385314941,,0.076492667,0.080676556,990,True,6.897704943,7.269267639,Homonymy,N,True,b3kl0cgv2r,43,63
fan,M1_a_M2_b,fan_M1,They had an electric fan.,http://id.loc.gov/authorities/subjects/sh85047105,Fans (Machinery),fan_M2,They had an enthusiastic fan.,http://id.loc.gov/authorities/subjects/sh85047108,Fans (Persons),False,inf,0,0.22544807195663452,,0.426824152,0.194414139,2465,False,7.809947086,7.531247014,Homonymy,N,False,ze8q4rklbg,29,63
fan,M1_a_M2_a,fan_M1,They had an electric fan.,http://id.loc.gov/authorities/subjects/sh85047105,Fans (Machinery),fan_M2,They had a zealous fan.,http://id.loc.gov/authorities/subjects/sh85047108,Fans (Persons),False,inf,0,0.22544807195663452,,0.402846813,0.177222013,883,False,6.783325201,7.428073294,Homonymy,N,False,sn1yu7vsxd,129,63
fan,M1_a_M2_a,fan_M1,They had an electric fan.,http://id.loc.gov/authorities/subjects/sh85047105,Fans (Machinery),fan_M2,They had a zealous fan.,http://id.loc.gov/authorities/subjects/sh85047108,Fans (Persons),False,inf,0,0.22544807195663452,,0.402846813,0.177222013,1879,True,7.538494999,7.428073294,Homonymy,N,False,h6swhj4mme,57,63
fan,M2_a_M2_b,fan_M2,They had a zealous fan.,http://id.loc.gov/authorities/subjects/sh85047108,Fans (Persons),fan_M2,They had an enthusiastic fan.,http://id.loc.gov/authorities/subjects/sh85047108,Fans (Persons),True,0.0,1,0.010429024696350098,,0.106026471,0.060933888,771,True,6.647688374,7.531247014,Homonymy,N,True,dbd0l1933k,55,63
fan,M2_b_M1_b,fan_M2,They had an enthusiastic fan.,http://id.loc.gov/authorities/subjects/sh85047108,Fans (Persons),fan_M1,They had a ceiling fan.,http://id.loc.gov/authorities/subjects/sh85047105,Fans (Machinery),False,inf,0,0.22544807195663452,,0.498543441,0.21644938,1165,True,7.060476366,7.269267639,Homonymy,N,False,spkx08cwjj,155,63
fan,M1_b_M1_a,fan_M1,They had a ceiling fan.,http://id.loc.gov/authorities/subjects/sh85047105,Fans (Machinery),fan_M1,They had an electric fan.,http://id.loc.gov/authorities/subjects/sh85047105,Fans (Machinery),True,0.0,1,0.011595368385314941,,0.076492667,0.080676556,833,True,6.725033642,7.236250483,Homonymy,N,True,epkefl89q5,89,63
fan,M2_b_M2_a,fan_M2,They had an enthusiastic fan.,http://id.loc.gov/authorities/subjects/sh85047108,Fans (Persons),fan_M2,They had a zealous fan.,http://id.loc.gov/authorities/subjects/sh85047108,Fans (Persons),True,0.0,1,0.010429024696350098,,0.106026471,0.060933888,1122,True,7.022868086,7.428073294,Homonymy,N,True,36hk5eeq3x,147,63
fan,M2_a_M1_a,fan_M2,They had a zealous fan.,http://id.loc.gov/authorities/subjects/sh85047108,Fans (Persons),fan_M1,They had an electric fan.,http://id.loc.gov/authorities/subjects/sh85047105,Fans (Machinery),False,inf,0,0.22544807195663452,,0.402846813,0.177222013,1051,True,6.957497371,7.236250483,Homonymy,N,False,hdquts93lv,71,63
fan,M2_b_M1_a,fan_M2,They had an enthusiastic fan.,http://id.loc.gov/authorities/subjects/sh85047108,Fans (Persons),fan_M1,They had an electric fan.,http://id.loc.gov/authorities/subjects/sh85047105,Fans (Machinery),False,inf,0,0.22544807195663452,,0.426824152,0.194414139,1048,True,6.954638865,7.236250483,Homonymy,N,False,nrxcy3jh2z,223,63
fan,M2_b_M2_a,fan_M2,They had an enthusiastic fan.,http://id.loc.gov/authorities/subjects/sh85047108,Fans (Persons),fan_M2,They had a zealous fan.,http://id.loc.gov/authorities/subjects/sh85047108,Fans (Persons),True,0.0,1,0.010429024696350098,,0.106026471,0.060933888,2045,False,7.623153068,7.428073294,Homonymy,N,True,3lr2j29be7,97,63
fan,M2_b_M2_a,fan_M2,They had an enthusiastic fan.,http://id.loc.gov/authorities/subjects/sh85047108,Fans (Persons),fan_M2,They had a zealous fan.,http://id.loc.gov/authorities/subjects/sh85047108,Fans (Persons),True,0.0,1,0.010429024696350098,,0.106026471,0.060933888,869,True,6.767343125,7.428073294,Homonymy,N,True,se4vr7yp8v,177,63
fan,M1_a_M1_b,fan_M1,They had an electric fan.,http://id.loc.gov/authorities/subjects/sh85047105,Fans (Machinery),fan_M1,They had a ceiling fan.,http://id.loc.gov/authorities/subjects/sh85047105,Fans (Machinery),True,0.0,1,0.011595368385314941,,0.076492667,0.080676556,706,True,6.559615237,7.269267639,Homonymy,N,True,ezjkm10dx5,133,63
fan,M2_b_M1_a,fan_M2,They had an enthusiastic fan.,http://id.loc.gov/authorities/subjects/sh85047108,Fans (Persons),fan_M1,They had an electric fan.,http://id.loc.gov/authorities/subjects/sh85047105,Fans (Machinery),False,inf,0,0.22544807195663452,,0.426824152,0.194414139,1008,True,6.915723449,7.236250483,Homonymy,N,False,ra0zaqlxos,121,63
fan,M1_b_M2_a,fan_M1,They had a ceiling fan.,http://id.loc.gov/authorities/subjects/sh85047105,Fans (Machinery),fan_M2,They had a zealous fan.,http://id.loc.gov/authorities/subjects/sh85047108,Fans (Persons),False,inf,0,0.22544807195663452,,0.475281417,0.176194489,791,False,6.673297968,7.428073294,Homonymy,N,False,961ytz4h4r,59,63
fan,M2_b_M1_a,fan_M2,They had an enthusiastic fan.,http://id.loc.gov/authorities/subjects/sh85047108,Fans (Persons),fan_M1,They had an electric fan.,http://id.loc.gov/authorities/subjects/sh85047105,Fans (Machinery),False,inf,0,0.22544807195663452,,0.426824152,0.194414139,697,True,6.546785411,7.236250483,Homonymy,N,False,evdgzy3cvj,47,63
fan,M1_b_M1_a,fan_M1,They had a ceiling fan.,http://id.loc.gov/authorities/subjects/sh85047105,Fans (Machinery),fan_M1,They had an electric fan.,http://id.loc.gov/authorities/subjects/sh85047105,Fans (Machinery),True,0.0,1,0.011595368385314941,,0.076492667,0.080676556,948,True,6.854354502,7.236250483,Homonymy,N,True,0jrp4p98ro,213,63
fan,M2_a_M1_a,fan_M2,They had a zealous fan.,http://id.loc.gov/authorities/subjects/sh85047108,Fans (Persons),fan_M1,They had an electric fan.,http://id.loc.gov/authorities/subjects/sh85047105,Fans (Machinery),False,inf,0,0.22544807195663452,,0.402846813,0.177222013,835,True,6.727431725,7.236250483,Homonymy,N,False,nuoxoyemfp,187,63
fan,M1_a_M1_b,fan_M1,They had an electric fan.,http://id.loc.gov/authorities/subjects/sh85047105,Fans (Machinery),fan_M1,They had a ceiling fan.,http://id.loc.gov/authorities/subjects/sh85047105,Fans (Machinery),True,0.0,1,0.011595368385314941,,0.076492667,0.080676556,1488,True,7.305188215,7.269267639,Homonymy,N,True,lt0kapj5fz,87,63
fan,M1_b_M2_a,fan_M1,They had a ceiling fan.,http://id.loc.gov/authorities/subjects/sh85047105,Fans (Machinery),fan_M2,They had a zealous fan.,http://id.loc.gov/authorities/subjects/sh85047108,Fans (Persons),False,inf,0,0.22544807195663452,,0.475281417,0.176194489,1053,False,6.959398512,7.428073294,Homonymy,N,False,j9vhr9vzec,129,63
fan,M2_a_M1_b,fan_M2,They had a zealous fan.,http://id.loc.gov/authorities/subjects/sh85047108,Fans (Persons),fan_M1,They had a ceiling fan.,http://id.loc.gov/authorities/subjects/sh85047105,Fans (Machinery),False,inf,0,0.22544807195663452,,0.475281417,0.176194489,2704,True,7.902487437,7.269267639,Homonymy,N,False,kfp2rkd57s,87,63
fan,M2_a_M2_b,fan_M2,They had a zealous fan.,http://id.loc.gov/authorities/subjects/sh85047108,Fans (Persons),fan_M2,They had an enthusiastic fan.,http://id.loc.gov/authorities/subjects/sh85047108,Fans (Persons),True,0.0,1,0.010429024696350098,,0.106026471,0.060933888,29527,True,10.29306038,7.531247014,Homonymy,N,True,m3g5101vta,29,63
fan,M2_a_M1_b,fan_M2,They had a zealous fan.,http://id.loc.gov/authorities/subjects/sh85047108,Fans (Persons),fan_M1,They had a ceiling fan.,http://id.loc.gov/authorities/subjects/sh85047105,Fans (Machinery),False,inf,0,0.22544807195663452,,0.475281417,0.176194489,839,True,6.732210706,7.269267639,Homonymy,N,False,p5fm86046c,225,63
fan,M2_b_M1_b,fan_M2,They had an enthusiastic fan.,http://id.loc.gov/authorities/subjects/sh85047108,Fans (Persons),fan_M1,They had a ceiling fan.,http://id.loc.gov/authorities/subjects/sh85047105,Fans (Machinery),False,inf,0,0.22544807195663452,,0.498543441,0.21644938,898,True,6.800170068,7.269267639,Homonymy,N,False,kd178dnoub,171,63
fan,M1_a_M2_b,fan_M1,They had an electric fan.,http://id.loc.gov/authorities/subjects/sh85047105,Fans (Machinery),fan_M2,They had an enthusiastic fan.,http://id.loc.gov/authorities/subjects/sh85047108,Fans (Persons),False,inf,0,0.22544807195663452,,0.426824152,0.194414139,1472,True,7.294377299,7.531247014,Homonymy,N,False,92yp2w9v56,35,63
fan,M2_a_M1_b,fan_M2,They had a zealous fan.,http://id.loc.gov/authorities/subjects/sh85047108,Fans (Persons),fan_M1,They had a ceiling fan.,http://id.loc.gov/authorities/subjects/sh85047105,Fans (Machinery),False,inf,0,0.22544807195663452,,0.475281417,0.176194489,843,True,6.736966958,7.269267639,Homonymy,N,False,tra6y98mle,179,63
fan,M1_a_M2_a,fan_M1,They had an electric fan.,http://id.loc.gov/authorities/subjects/sh85047105,Fans (Machinery),fan_M2,They had a zealous fan.,http://id.loc.gov/authorities/subjects/sh85047108,Fans (Persons),False,inf,0,0.22544807195663452,,0.402846813,0.177222013,1601,True,7.378383713,7.428073294,Homonymy,N,False,0l5gfo1s81,129,63
fan,M2_a_M1_a,fan_M2,They had a zealous fan.,http://id.loc.gov/authorities/subjects/sh85047108,Fans (Persons),fan_M1,They had an electric fan.,http://id.loc.gov/authorities/subjects/sh85047105,Fans (Machinery),False,inf,0,0.22544807195663452,,0.402846813,0.177222013,697,True,6.546785411,7.236250483,Homonymy,N,False,emcqel00x3,75,63
fan,M1_a_M2_a,fan_M1,They had an electric fan.,http://id.loc.gov/authorities/subjects/sh85047105,Fans (Machinery),fan_M2,They had a zealous fan.,http://id.loc.gov/authorities/subjects/sh85047108,Fans (Persons),False,inf,0,0.22544807195663452,,0.402846813,0.177222013,1843,True,7.519149958,7.428073294,Homonymy,N,False,hs560646yd,225,63
fan,M2_a_M2_b,fan_M2,They had a zealous fan.,http://id.loc.gov/authorities/subjects/sh85047108,Fans (Persons),fan_M2,They had an enthusiastic fan.,http://id.loc.gov/authorities/subjects/sh85047108,Fans (Persons),True,0.0,1,0.010429024696350098,,0.106026471,0.060933888,714,True,6.570882962,7.531247014,Homonymy,N,True,mketfayzl8,161,63
fan,M1_b_M2_a,fan_M1,They had a ceiling fan.,http://id.loc.gov/authorities/subjects/sh85047105,Fans (Machinery),fan_M2,They had a zealous fan.,http://id.loc.gov/authorities/subjects/sh85047108,Fans (Persons),False,inf,0,0.22544807195663452,,0.475281417,0.176194489,951,True,6.857514063,7.428073294,Homonymy,N,False,ygz7kz72u2,169,63
fan,M1_b_M2_b,fan_M1,They had a ceiling fan.,http://id.loc.gov/authorities/subjects/sh85047105,Fans (Machinery),fan_M2,They had an enthusiastic fan.,http://id.loc.gov/authorities/subjects/sh85047108,Fans (Persons),False,inf,0,0.22544807195663452,,0.498543441,0.21644938,1156,True,7.052721049,7.531247014,Homonymy,N,False,unzj7yx25l,175,63
fan,M1_b_M2_a,fan_M1,They had a ceiling fan.,http://id.loc.gov/authorities/subjects/sh85047105,Fans (Machinery),fan_M2,They had a zealous fan.,http://id.loc.gov/authorities/subjects/sh85047108,Fans (Persons),False,inf,0,0.22544807195663452,,0.475281417,0.176194489,1015,False,6.922643891,7.428073294,Homonymy,N,False,bcycp1bevl,187,63
fan,M2_b_M2_a,fan_M2,They had an enthusiastic fan.,http://id.loc.gov/authorities/subjects/sh85047108,Fans (Persons),fan_M2,They had a zealous fan.,http://id.loc.gov/authorities/subjects/sh85047108,Fans (Persons),True,0.0,1,0.010429024696350098,,0.106026471,0.060933888,870,True,6.768493212,7.428073294,Homonymy,N,True,gdlhwqulft,183,63
fan,M1_b_M1_a,fan_M1,They had a ceiling fan.,http://id.loc.gov/authorities/subjects/sh85047105,Fans (Machinery),fan_M1,They had an electric fan.,http://id.loc.gov/authorities/subjects/sh85047105,Fans (Machinery),True,0.0,1,0.011595368385314941,,0.076492667,0.080676556,897,True,6.799055862,7.236250483,Homonymy,N,True,luke3ctol0,87,63
fan,M2_b_M2_a,fan_M2,They had an enthusiastic fan.,http://id.loc.gov/authorities/subjects/sh85047108,Fans (Persons),fan_M2,They had a zealous fan.,http://id.loc.gov/authorities/subjects/sh85047108,Fans (Persons),True,0.0,1,0.010429024696350098,,0.106026471,0.060933888,881,False,6.781057626,7.428073294,Homonymy,N,True,2usccf4uxc,201,63
fan,M2_a_M1_b,fan_M2,They had a zealous fan.,http://id.loc.gov/authorities/subjects/sh85047108,Fans (Persons),fan_M1,They had a ceiling fan.,http://id.loc.gov/authorities/subjects/sh85047105,Fans (Machinery),False,inf,0,0.22544807195663452,,0.475281417,0.176194489,859,True,6.755768922,7.269267639,Homonymy,N,False,w18v804q9v,185,63
fan,M1_b_M2_b,fan_M1,They had a ceiling fan.,http://id.loc.gov/authorities/subjects/sh85047105,Fans (Machinery),fan_M2,They had an enthusiastic fan.,http://id.loc.gov/authorities/subjects/sh85047108,Fans (Persons),False,inf,0,0.22544807195663452,,0.498543441,0.21644938,1686,True,7.430114139,7.531247014,Homonymy,N,False,bqho6xb6vp,235,63
fan,M1_b_M2_a,fan_M1,They had a ceiling fan.,http://id.loc.gov/authorities/subjects/sh85047105,Fans (Machinery),fan_M2,They had a zealous fan.,http://id.loc.gov/authorities/subjects/sh85047108,Fans (Persons),False,inf,0,0.22544807195663452,,0.475281417,0.176194489,700,False,6.551080335,7.428073294,Homonymy,N,False,50rd5uu19e,207,63
fan,M1_b_M2_a,fan_M1,They had a ceiling fan.,http://id.loc.gov/authorities/subjects/sh85047105,Fans (Machinery),fan_M2,They had a zealous fan.,http://id.loc.gov/authorities/subjects/sh85047108,Fans (Persons),False,inf,0,0.22544807195663452,,0.475281417,0.176194489,1672,False,7.421775794,7.428073294,Homonymy,N,False,frqx6vw2d1,87,63
fan,M2_b_M1_b,fan_M2,They had an enthusiastic fan.,http://id.loc.gov/authorities/subjects/sh85047108,Fans (Persons),fan_M1,They had a ceiling fan.,http://id.loc.gov/authorities/subjects/sh85047105,Fans (Machinery),False,inf,0,0.22544807195663452,,0.498543441,0.21644938,2182,True,7.687997166,7.269267639,Homonymy,N,False,vm3yk3su0e,191,63
fan,M2_b_M1_a,fan_M2,They had an enthusiastic fan.,http://id.loc.gov/authorities/subjects/sh85047108,Fans (Persons),fan_M1,They had an electric fan.,http://id.loc.gov/authorities/subjects/sh85047105,Fans (Machinery),False,inf,0,0.22544807195663452,,0.426824152,0.194414139,1020,True,6.927557906,7.236250483,Homonymy,N,False,l4avquduxt,41,63
fan,M2_a_M2_b,fan_M2,They had a zealous fan.,http://id.loc.gov/authorities/subjects/sh85047108,Fans (Persons),fan_M2,They had an enthusiastic fan.,http://id.loc.gov/authorities/subjects/sh85047108,Fans (Persons),True,0.0,1,0.010429024696350098,,0.106026471,0.060933888,2589,False,7.85902698,7.531247014,Homonymy,N,True,dthp9ekqaq,59,63
fan,M1_a_M2_b,fan_M1,They had an electric fan.,http://id.loc.gov/authorities/subjects/sh85047105,Fans (Machinery),fan_M2,They had an enthusiastic fan.,http://id.loc.gov/authorities/subjects/sh85047108,Fans (Persons),False,inf,0,0.22544807195663452,,0.426824152,0.194414139,936,True,6.841615476,7.531247014,Homonymy,N,False,3focjo2q2y,237,63
fan,M1_a_M1_b,fan_M1,They had an electric fan.,http://id.loc.gov/authorities/subjects/sh85047105,Fans (Machinery),fan_M1,They had a ceiling fan.,http://id.loc.gov/authorities/subjects/sh85047105,Fans (Machinery),True,0.0,1,0.011595368385314941,,0.076492667,0.080676556,774,True,6.651571874,7.269267639,Homonymy,N,True,dol693zfl0,229,63
fan,M2_b_M1_a,fan_M2,They had an enthusiastic fan.,http://id.loc.gov/authorities/subjects/sh85047108,Fans (Persons),fan_M1,They had an electric fan.,http://id.loc.gov/authorities/subjects/sh85047105,Fans (Machinery),False,inf,0,0.22544807195663452,,0.426824152,0.194414139,2069,True,7.634820678,7.236250483,Homonymy,N,False,8tl61v5cpb,189,63
fan,M1_a_M1_b,fan_M1,They had an electric fan.,http://id.loc.gov/authorities/subjects/sh85047105,Fans (Machinery),fan_M1,They had a ceiling fan.,http://id.loc.gov/authorities/subjects/sh85047105,Fans (Machinery),True,0.0,1,0.011595368385314941,,0.076492667,0.080676556,1114,True,7.01571242,7.269267639,Homonymy,N,True,rrf38z917v,195,63
fan,M2_a_M2_b,fan_M2,They had a zealous fan.,http://id.loc.gov/authorities/subjects/sh85047108,Fans (Persons),fan_M2,They had an enthusiastic fan.,http://id.loc.gov/authorities/subjects/sh85047108,Fans (Persons),True,0.0,1,0.010429024696350098,,0.106026471,0.060933888,879,True,6.778784898,7.531247014,Homonymy,N,True,qpgf6y0h0r,55,63
fan,M1_a_M2_b,fan_M1,They had an electric fan.,http://id.loc.gov/authorities/subjects/sh85047105,Fans (Machinery),fan_M2,They had an enthusiastic fan.,http://id.loc.gov/authorities/subjects/sh85047108,Fans (Persons),False,inf,0,0.22544807195663452,,0.426824152,0.194414139,1784,False,7.486613313,7.531247014,Homonymy,N,False,dcy113hjjm,75,63
fan,M2_b_M2_a,fan_M2,They had an enthusiastic fan.,http://id.loc.gov/authorities/subjects/sh85047108,Fans (Persons),fan_M2,They had a zealous fan.,http://id.loc.gov/authorities/subjects/sh85047108,Fans (Persons),True,0.0,1,0.010429024696350098,,0.106026471,0.060933888,736,True,6.601230119,7.428073294,Homonymy,N,True,xesfu0h98k,133,63
fan,M1_a_M2_a,fan_M1,They had an electric fan.,http://id.loc.gov/authorities/subjects/sh85047105,Fans (Machinery),fan_M2,They had a zealous fan.,http://id.loc.gov/authorities/subjects/sh85047108,Fans (Persons),False,inf,0,0.22544807195663452,,0.402846813,0.177222013,2108,True,7.65349491,7.428073294,Homonymy,N,False,mhz82a74k9,105,63
fan,M1_a_M2_a,fan_M1,They had an electric fan.,http://id.loc.gov/authorities/subjects/sh85047105,Fans (Machinery),fan_M2,They had a zealous fan.,http://id.loc.gov/authorities/subjects/sh85047108,Fans (Persons),False,inf,0,0.22544807195663452,,0.402846813,0.177222013,777,False,6.65544035,7.428073294,Homonymy,N,False,864zg5t8jb,103,63
fan,M1_b_M2_a,fan_M1,They had a ceiling fan.,http://id.loc.gov/authorities/subjects/sh85047105,Fans (Machinery),fan_M2,They had a zealous fan.,http://id.loc.gov/authorities/subjects/sh85047108,Fans (Persons),False,inf,0,0.22544807195663452,,0.475281417,0.176194489,1803,False,7.497207223,7.428073294,Homonymy,N,False,7poq0nl7yt,241,63
fan,M1_a_M1_b,fan_M1,They had an electric fan.,http://id.loc.gov/authorities/subjects/sh85047105,Fans (Machinery),fan_M1,They had a ceiling fan.,http://id.loc.gov/authorities/subjects/sh85047105,Fans (Machinery),True,0.0,1,0.011595368385314941,,0.076492667,0.080676556,642,True,6.464588304,7.269267639,Homonymy,N,True,21s95lnz0l,57,63
fan,M2_b_M1_a,fan_M2,They had an enthusiastic fan.,http://id.loc.gov/authorities/subjects/sh85047108,Fans (Persons),fan_M1,They had an electric fan.,http://id.loc.gov/authorities/subjects/sh85047105,Fans (Machinery),False,inf,0,0.22544807195663452,,0.426824152,0.194414139,965,True,6.872128101,7.236250483,Homonymy,N,False,kcv5v2zj80,221,63
fan,M2_b_M2_a,fan_M2,They had an enthusiastic fan.,http://id.loc.gov/authorities/subjects/sh85047108,Fans (Persons),fan_M2,They had a zealous fan.,http://id.loc.gov/authorities/subjects/sh85047108,Fans (Persons),True,0.0,1,0.010429024696350098,,0.106026471,0.060933888,1255,True,7.134890852,7.428073294,Homonymy,N,True,skb4uv2kf9,165,63
fan,M2_a_M1_a,fan_M2,They had a zealous fan.,http://id.loc.gov/authorities/subjects/sh85047108,Fans (Persons),fan_M1,They had an electric fan.,http://id.loc.gov/authorities/subjects/sh85047105,Fans (Machinery),False,inf,0,0.22544807195663452,,0.402846813,0.177222013,1207,True,7.095893221,7.236250483,Homonymy,N,False,246unkcyak,189,63
fan,M2_a_M1_a,fan_M2,They had a zealous fan.,http://id.loc.gov/authorities/subjects/sh85047108,Fans (Persons),fan_M1,They had an electric fan.,http://id.loc.gov/authorities/subjects/sh85047105,Fans (Machinery),False,inf,0,0.22544807195663452,,0.402846813,0.177222013,945,True,6.851184927,7.236250483,Homonymy,N,False,34628l2rmq,159,63
fan,M1_a_M1_b,fan_M1,They had an electric fan.,http://id.loc.gov/authorities/subjects/sh85047105,Fans (Machinery),fan_M1,They had a ceiling fan.,http://id.loc.gov/authorities/subjects/sh85047105,Fans (Machinery),True,0.0,1,0.011595368385314941,,0.076492667,0.080676556,943,True,6.849066283,7.269267639,Homonymy,N,True,a0u2yg5j7e,89,63
fan,M1_b_M1_a,fan_M1,They had a ceiling fan.,http://id.loc.gov/authorities/subjects/sh85047105,Fans (Machinery),fan_M1,They had an electric fan.,http://id.loc.gov/authorities/subjects/sh85047105,Fans (Machinery),True,0.0,1,0.011595368385314941,,0.076492667,0.080676556,1070,True,6.975413927,7.236250483,Homonymy,N,True,11pz67y2jv,197,63
fan,M2_a_M2_b,fan_M2,They had a zealous fan.,http://id.loc.gov/authorities/subjects/sh85047108,Fans (Persons),fan_M2,They had an enthusiastic fan.,http://id.loc.gov/authorities/subjects/sh85047108,Fans (Persons),True,0.0,1,0.010429024696350098,,0.106026471,0.060933888,1800,True,7.495541944,7.531247014,Homonymy,N,True,3uxmxe02py,51,63
fan,M2_b_M1_a,fan_M2,They had an enthusiastic fan.,http://id.loc.gov/authorities/subjects/sh85047108,Fans (Persons),fan_M1,They had an electric fan.,http://id.loc.gov/authorities/subjects/sh85047105,Fans (Machinery),False,inf,0,0.22544807195663452,,0.426824152,0.194414139,1025,True,6.932447892,7.236250483,Homonymy,N,False,cpjzep1zv0,191,63
fan,M1_a_M2_b,fan_M1,They had an electric fan.,http://id.loc.gov/authorities/subjects/sh85047105,Fans (Machinery),fan_M2,They had an enthusiastic fan.,http://id.loc.gov/authorities/subjects/sh85047108,Fans (Persons),False,inf,0,0.22544807195663452,,0.426824152,0.194414139,1232,False,7.116394144,7.531247014,Homonymy,N,False,guqltyqrjz,221,63
fan,M1_b_M2_b,fan_M1,They had a ceiling fan.,http://id.loc.gov/authorities/subjects/sh85047105,Fans (Machinery),fan_M2,They had an enthusiastic fan.,http://id.loc.gov/authorities/subjects/sh85047108,Fans (Persons),False,inf,0,0.22544807195663452,,0.498543441,0.21644938,3131,True,8.049107721,7.531247014,Homonymy,N,False,jwcxuk91x6,31,63
fan,M2_a_M1_a,fan_M2,They had a zealous fan.,http://id.loc.gov/authorities/subjects/sh85047108,Fans (Persons),fan_M1,They had an electric fan.,http://id.loc.gov/authorities/subjects/sh85047105,Fans (Machinery),False,inf,0,0.22544807195663452,,0.402846813,0.177222013,1032,False,6.939253946,7.236250483,Homonymy,N,False,6mgqfqnfnt,99,63
fan,M1_a_M2_a,fan_M1,They had an electric fan.,http://id.loc.gov/authorities/subjects/sh85047105,Fans (Machinery),fan_M2,They had a zealous fan.,http://id.loc.gov/authorities/subjects/sh85047108,Fans (Persons),False,inf,0,0.22544807195663452,,0.402846813,0.177222013,1236,True,7.119635638,7.428073294,Homonymy,N,False,o40xglp55j,133,63
fan,M2_a_M1_a,fan_M2,They had a zealous fan.,http://id.loc.gov/authorities/subjects/sh85047108,Fans (Persons),fan_M1,They had an electric fan.,http://id.loc.gov/authorities/subjects/sh85047105,Fans (Machinery),False,inf,0,0.22544807195663452,,0.402846813,0.177222013,909,True,6.812345094,7.236250483,Homonymy,N,False,y52zt9vjyf,185,63
fan,M1_a_M2_a,fan_M1,They had an electric fan.,http://id.loc.gov/authorities/subjects/sh85047105,Fans (Machinery),fan_M2,They had a zealous fan.,http://id.loc.gov/authorities/subjects/sh85047108,Fans (Persons),False,inf,0,0.22544807195663452,,0.402846813,0.177222013,946,False,6.852242569,7.428073294,Homonymy,N,False,va3hb1mkox,221,63
fan,M2_a_M1_a,fan_M2,They had a zealous fan.,http://id.loc.gov/authorities/subjects/sh85047108,Fans (Persons),fan_M1,They had an electric fan.,http://id.loc.gov/authorities/subjects/sh85047105,Fans (Machinery),False,inf,0,0.22544807195663452,,0.402846813,0.177222013,1058,True,6.964135612,7.236250483,Homonymy,N,False,rln6tvgsn6,161,63
fan,M2_b_M1_a,fan_M2,They had an enthusiastic fan.,http://id.loc.gov/authorities/subjects/sh85047108,Fans (Persons),fan_M1,They had an electric fan.,http://id.loc.gov/authorities/subjects/sh85047105,Fans (Machinery),False,inf,0,0.22544807195663452,,0.426824152,0.194414139,775,True,6.652863029,7.236250483,Homonymy,N,False,meaaxoxjw2,213,63
fan,M1_b_M2_a,fan_M1,They had a ceiling fan.,http://id.loc.gov/authorities/subjects/sh85047105,Fans (Machinery),fan_M2,They had a zealous fan.,http://id.loc.gov/authorities/subjects/sh85047108,Fans (Persons),False,inf,0,0.22544807195663452,,0.475281417,0.176194489,1144,False,7.042286172,7.428073294,Homonymy,N,False,rrded0u35m,69,63
fan,M1_b_M2_b,fan_M1,They had a ceiling fan.,http://id.loc.gov/authorities/subjects/sh85047105,Fans (Machinery),fan_M2,They had an enthusiastic fan.,http://id.loc.gov/authorities/subjects/sh85047108,Fans (Persons),False,inf,0,0.22544807195663452,,0.498543441,0.21644938,1007,True,6.914730893,7.531247014,Homonymy,N,False,kzt7mhlhq0,73,63
fan,M1_a_M2_a,fan_M1,They had an electric fan.,http://id.loc.gov/authorities/subjects/sh85047105,Fans (Machinery),fan_M2,They had a zealous fan.,http://id.loc.gov/authorities/subjects/sh85047108,Fans (Persons),False,inf,0,0.22544807195663452,,0.402846813,0.177222013,979,False,6.886531643,7.428073294,Homonymy,N,False,3mb5qrf7ny,57,63
fan,M1_b_M2_a,fan_M1,They had a ceiling fan.,http://id.loc.gov/authorities/subjects/sh85047105,Fans (Machinery),fan_M2,They had a zealous fan.,http://id.loc.gov/authorities/subjects/sh85047108,Fans (Persons),False,inf,0,0.22544807195663452,,0.475281417,0.176194489,929,False,6.834108739,7.428073294,Homonymy,N,False,phcg9go4je,71,63
fan,M2_b_M1_a,fan_M2,They had an enthusiastic fan.,http://id.loc.gov/authorities/subjects/sh85047108,Fans (Persons),fan_M1,They had an electric fan.,http://id.loc.gov/authorities/subjects/sh85047105,Fans (Machinery),False,inf,0,0.22544807195663452,,0.426824152,0.194414139,1054,True,6.960347729,7.236250483,Homonymy,N,False,14y9ru14du,231,63
fan,M2_b_M1_a,fan_M2,They had an enthusiastic fan.,http://id.loc.gov/authorities/subjects/sh85047108,Fans (Persons),fan_M1,They had an electric fan.,http://id.loc.gov/authorities/subjects/sh85047105,Fans (Machinery),False,inf,0,0.22544807195663452,,0.426824152,0.194414139,873,True,6.771935556,7.236250483,Homonymy,N,False,z2n4w2lvuj,201,63
fan,M2_a_M2_b,fan_M2,They had a zealous fan.,http://id.loc.gov/authorities/subjects/sh85047108,Fans (Persons),fan_M2,They had an enthusiastic fan.,http://id.loc.gov/authorities/subjects/sh85047108,Fans (Persons),True,0.0,1,0.010429024696350098,,0.106026471,0.060933888,858,True,6.754604099,7.531247014,Homonymy,N,True,kzat707d4c,85,63
fan,M1_b_M1_a,fan_M1,They had a ceiling fan.,http://id.loc.gov/authorities/subjects/sh85047105,Fans (Machinery),fan_M1,They had an electric fan.,http://id.loc.gov/authorities/subjects/sh85047105,Fans (Machinery),True,0.0,1,0.011595368385314941,,0.076492667,0.080676556,1118,True,7.019296654,7.236250483,Homonymy,N,True,zc0tcyzalc,55,63
fan,M2_a_M2_b,fan_M2,They had a zealous fan.,http://id.loc.gov/authorities/subjects/sh85047108,Fans (Persons),fan_M2,They had an enthusiastic fan.,http://id.loc.gov/authorities/subjects/sh85047108,Fans (Persons),True,0.0,1,0.010429024696350098,,0.106026471,0.060933888,825,True,6.715383386,7.531247014,Homonymy,N,True,11s3zyvhm4,53,63
fan,M1_a_M2_b,fan_M1,They had an electric fan.,http://id.loc.gov/authorities/subjects/sh85047105,Fans (Machinery),fan_M2,They had an enthusiastic fan.,http://id.loc.gov/authorities/subjects/sh85047108,Fans (Persons),False,inf,0,0.22544807195663452,,0.426824152,0.194414139,838,False,6.7310181,7.531247014,Homonymy,N,False,4ntjz706ef,187,63
fan,M2_a_M1_b,fan_M2,They had a zealous fan.,http://id.loc.gov/authorities/subjects/sh85047108,Fans (Persons),fan_M1,They had a ceiling fan.,http://id.loc.gov/authorities/subjects/sh85047105,Fans (Machinery),False,inf,0,0.22544807195663452,,0.475281417,0.176194489,623,True,6.434546519,7.269267639,Homonymy,N,False,ppv7uctwr1,47,63
fan,M2_b_M2_a,fan_M2,They had an enthusiastic fan.,http://id.loc.gov/authorities/subjects/sh85047108,Fans (Persons),fan_M2,They had a zealous fan.,http://id.loc.gov/authorities/subjects/sh85047108,Fans (Persons),True,0.0,1,0.010429024696350098,,0.106026471,0.060933888,983,True,6.89060912,7.428073294,Homonymy,N,True,m6aw5veqof,123,63
fan,M1_b_M2_b,fan_M1,They had a ceiling fan.,http://id.loc.gov/authorities/subjects/sh85047105,Fans (Machinery),fan_M2,They had an enthusiastic fan.,http://id.loc.gov/authorities/subjects/sh85047108,Fans (Persons),False,inf,0,0.22544807195663452,,0.498543441,0.21644938,1147,False,7.044905117,7.531247014,Homonymy,N,False,6lbv5uhykm,153,63
fan,M2_a_M1_b,fan_M2,They had a zealous fan.,http://id.loc.gov/authorities/subjects/sh85047108,Fans (Persons),fan_M1,They had a ceiling fan.,http://id.loc.gov/authorities/subjects/sh85047105,Fans (Machinery),False,inf,0,0.22544807195663452,,0.475281417,0.176194489,680,True,6.522092798,7.269267639,Homonymy,N,False,9xyz8zlap8,203,63
fan,M1_a_M2_a,fan_M1,They had an electric fan.,http://id.loc.gov/authorities/subjects/sh85047105,Fans (Machinery),fan_M2,They had a zealous fan.,http://id.loc.gov/authorities/subjects/sh85047108,Fans (Persons),False,inf,0,0.22544807195663452,,0.402846813,0.177222013,882,False,6.782192056,7.428073294,Homonymy,N,False,4e6rrg22h5,151,63
fan,M1_a_M1_b,fan_M1,They had an electric fan.,http://id.loc.gov/authorities/subjects/sh85047105,Fans (Machinery),fan_M1,They had a ceiling fan.,http://id.loc.gov/authorities/subjects/sh85047105,Fans (Machinery),True,0.0,1,0.011595368385314941,,0.076492667,0.080676556,910,True,6.8134446,7.269267639,Homonymy,N,True,vc2ac751cz,175,63
fan,M2_b_M1_a,fan_M2,They had an enthusiastic fan.,http://id.loc.gov/authorities/subjects/sh85047108,Fans (Persons),fan_M1,They had an electric fan.,http://id.loc.gov/authorities/subjects/sh85047105,Fans (Machinery),False,inf,0,0.22544807195663452,,0.426824152,0.194414139,2255,True,7.720905252,7.236250483,Homonymy,N,False,vxyw6621ka,43,63
fan,M2_b_M2_a,fan_M2,They had an enthusiastic fan.,http://id.loc.gov/authorities/subjects/sh85047108,Fans (Persons),fan_M2,They had a zealous fan.,http://id.loc.gov/authorities/subjects/sh85047108,Fans (Persons),True,0.0,1,0.010429024696350098,,0.106026471,0.060933888,1569,True,7.358193753,7.428073294,Homonymy,N,True,xxh77u2udt,199,63
fan,M1_a_M2_a,fan_M1,They had an electric fan.,http://id.loc.gov/authorities/subjects/sh85047105,Fans (Machinery),fan_M2,They had a zealous fan.,http://id.loc.gov/authorities/subjects/sh85047108,Fans (Persons),False,inf,0,0.22544807195663452,,0.402846813,0.177222013,1305,True,7.17395832,7.428073294,Homonymy,N,False,ne1wq8w4qw,135,63
fan,M2_b_M2_a,fan_M2,They had an enthusiastic fan.,http://id.loc.gov/authorities/subjects/sh85047108,Fans (Persons),fan_M2,They had a zealous fan.,http://id.loc.gov/authorities/subjects/sh85047108,Fans (Persons),True,0.0,1,0.010429024696350098,,0.106026471,0.060933888,1253,False,7.133295955,7.428073294,Homonymy,N,True,6g6ama8qck,53,63
fan,M2_b_M1_a,fan_M2,They had an enthusiastic fan.,http://id.loc.gov/authorities/subjects/sh85047108,Fans (Persons),fan_M1,They had an electric fan.,http://id.loc.gov/authorities/subjects/sh85047105,Fans (Machinery),False,inf,0,0.22544807195663452,,0.426824152,0.194414139,2285,True,7.734121303,7.236250483,Homonymy,N,False,lpduruhrnk,145,63
fan,M1_a_M2_a,fan_M1,They had an electric fan.,http://id.loc.gov/authorities/subjects/sh85047105,Fans (Machinery),fan_M2,They had a zealous fan.,http://id.loc.gov/authorities/subjects/sh85047108,Fans (Persons),False,inf,0,0.22544807195663452,,0.402846813,0.177222013,998,False,6.905753276,7.428073294,Homonymy,N,False,pm85lle7oc,101,63
fan,M1_a_M2_b,fan_M1,They had an electric fan.,http://id.loc.gov/authorities/subjects/sh85047105,Fans (Machinery),fan_M2,They had an enthusiastic fan.,http://id.loc.gov/authorities/subjects/sh85047108,Fans (Persons),False,inf,0,0.22544807195663452,,0.426824152,0.194414139,1112,True,7.013915475,7.531247014,Homonymy,N,False,m7n1h07aw2,183,63
fan,M2_b_M1_a,fan_M2,They had an enthusiastic fan.,http://id.loc.gov/authorities/subjects/sh85047108,Fans (Persons),fan_M1,They had an electric fan.,http://id.loc.gov/authorities/subjects/sh85047105,Fans (Machinery),False,inf,0,0.22544807195663452,,0.426824152,0.194414139,1869,True,7.533158807,7.236250483,Homonymy,N,False,nh9sg3fncc,39,63
fan,M2_b_M2_a,fan_M2,They had an enthusiastic fan.,http://id.loc.gov/authorities/subjects/sh85047108,Fans (Persons),fan_M2,They had a zealous fan.,http://id.loc.gov/authorities/subjects/sh85047108,Fans (Persons),True,0.0,1,0.010429024696350098,,0.106026471,0.060933888,1015,True,6.922643891,7.428073294,Homonymy,N,True,x784e4lcbj,105,63
fan,M2_b_M2_a,fan_M2,They had an enthusiastic fan.,http://id.loc.gov/authorities/subjects/sh85047108,Fans (Persons),fan_M2,They had a zealous fan.,http://id.loc.gov/authorities/subjects/sh85047108,Fans (Persons),True,0.0,1,0.010429024696350098,,0.106026471,0.060933888,1176,True,7.069874128,7.428073294,Homonymy,N,True,sufdrtgf9g,47,63
film,M1_a_M1_b,film_M1,It was an action film.,http://id.loc.gov/authorities/subjects/sh85088084,Motion pictures,film_M1,It was a censored film.,http://id.loc.gov/authorities/subjects/sh85088084,Motion pictures,True,0.0,1,0.08167582750320435,,0.148115993,0.059191465,983,True,6.89060912,7.280833165,Polysemy,N,True,u6tgegpyj0,233,23
film,M1_a_M1_b,film_M1,It was an action film.,http://id.loc.gov/authorities/subjects/sh85088084,Motion pictures,film_M1,It was a censored film.,http://id.loc.gov/authorities/subjects/sh85088084,Motion pictures,True,0.0,1,0.08167582750320435,,0.148115993,0.059191465,939,True,6.844815479,7.280833165,Polysemy,N,True,78f1p4m7t2,183,23
film,M2_a_M1_a,film_M2,It was a transparent film.,http://id.loc.gov/authorities/subjects/sh85103132,Plastic films,film_M1,It was an action film.,http://id.loc.gov/authorities/subjects/sh85088084,Motion pictures,False,8.0,0,0.4271450638771057,,0.494718134,0.061695457,803,True,6.688354714,7.09160741,Polysemy,N,False,urq6h944hm,31,23
film,M2_a_M1_a,film_M2,It was a transparent film.,http://id.loc.gov/authorities/subjects/sh85103132,Plastic films,film_M1,It was an action film.,http://id.loc.gov/authorities/subjects/sh85088084,Motion pictures,False,8.0,0,0.4271450638771057,,0.494718134,0.061695457,1025,True,6.932447892,7.09160741,Polysemy,N,False,1vz3fdcvtw,243,23
film,M2_a_M1_b,film_M2,It was a transparent film.,http://id.loc.gov/authorities/subjects/sh85103132,Plastic films,film_M1,It was a censored film.,http://id.loc.gov/authorities/subjects/sh85088084,Motion pictures,False,8.0,0,0.4271450638771057,,0.440122902,0.045653105,1281,True,7.155396302,7.280833165,Polysemy,N,False,mwacu22792,107,23
film,M1_b_M2_a,film_M1,It was a censored film.,http://id.loc.gov/authorities/subjects/sh85088084,Motion pictures,film_M2,It was a transparent film.,http://id.loc.gov/authorities/subjects/sh85103132,Plastic films,False,8.0,0,0.4271450638771057,,0.440122902,0.045653105,2240,True,7.714231145,7.347721296,Polysemy,N,False,wsf5xp226q,153,23
film,M1_a_M1_b,film_M1,It was an action film.,http://id.loc.gov/authorities/subjects/sh85088084,Motion pictures,film_M1,It was a censored film.,http://id.loc.gov/authorities/subjects/sh85088084,Motion pictures,True,0.0,1,0.08167582750320435,,0.148115993,0.059191465,1057,True,6.963189986,7.280833165,Polysemy,N,True,9fkbaxk3zu,137,23
film,M2_b_M2_a,film_M2,It was a plastic film.,http://id.loc.gov/authorities/subjects/sh85103132,Plastic films,film_M2,It was a transparent film.,http://id.loc.gov/authorities/subjects/sh85103132,Plastic films,True,0.0,1,0.05046248435974121,,0.065887511,0.102606654,746,True,6.6147256,7.347721296,Polysemy,N,True,xyokc18f4l,131,23
film,M1_b_M2_b,film_M1,It was a censored film.,http://id.loc.gov/authorities/subjects/sh85088084,Motion pictures,film_M2,It was a plastic film.,http://id.loc.gov/authorities/subjects/sh85103132,Plastic films,False,8.0,0,0.4271450638771057,,0.447441041,0.128340244,971,False,6.878326468,7.481343289,Polysemy,N,False,so1m7krwy9,167,23
film,M1_b_M1_a,film_M1,It was a censored film.,http://id.loc.gov/authorities/subjects/sh85088084,Motion pictures,film_M1,It was an action film.,http://id.loc.gov/authorities/subjects/sh85088084,Motion pictures,True,0.0,1,0.08167582750320435,,0.148115993,0.059191465,1127,True,7.027314514,7.09160741,Polysemy,N,True,nkwr4ou2vr,133,23
film,M2_b_M2_a,film_M2,It was a plastic film.,http://id.loc.gov/authorities/subjects/sh85103132,Plastic films,film_M2,It was a transparent film.,http://id.loc.gov/authorities/subjects/sh85103132,Plastic films,True,0.0,1,0.05046248435974121,,0.065887511,0.102606654,712,True,6.568077911,7.347721296,Polysemy,N,True,bjdam1cm56,147,23
film,M2_b_M1_a,film_M2,It was a plastic film.,http://id.loc.gov/authorities/subjects/sh85103132,Plastic films,film_M1,It was an action film.,http://id.loc.gov/authorities/subjects/sh85088084,Motion pictures,False,8.0,0,0.4271450638771057,,0.486100733,0.123729765,665,True,6.499787041,7.09160741,Polysemy,N,False,op2dnqu0a7,239,23
film,M2_b_M2_a,film_M2,It was a plastic film.,http://id.loc.gov/authorities/subjects/sh85103132,Plastic films,film_M2,It was a transparent film.,http://id.loc.gov/authorities/subjects/sh85103132,Plastic films,True,0.0,1,0.05046248435974121,,0.065887511,0.102606654,932,True,6.837332815,7.347721296,Polysemy,N,True,b3kl0cgv2r,53,23
film,M2_a_M1_a,film_M2,It was a transparent film.,http://id.loc.gov/authorities/subjects/sh85103132,Plastic films,film_M1,It was an action film.,http://id.loc.gov/authorities/subjects/sh85088084,Motion pictures,False,8.0,0,0.4271450638771057,,0.494718134,0.061695457,1106,True,7.008505182,7.09160741,Polysemy,N,False,ze8q4rklbg,49,23
film,M1_a_M2_b,film_M1,It was an action film.,http://id.loc.gov/authorities/subjects/sh85088084,Motion pictures,film_M2,It was a plastic film.,http://id.loc.gov/authorities/subjects/sh85103132,Plastic films,False,8.0,0,0.4271450638771057,,0.486100733,0.123729765,1548,True,7.344719054,7.481343289,Polysemy,N,False,sn1yu7vsxd,235,23
film,M1_b_M2_b,film_M1,It was a censored film.,http://id.loc.gov/authorities/subjects/sh85088084,Motion pictures,film_M2,It was a plastic film.,http://id.loc.gov/authorities/subjects/sh85103132,Plastic films,False,8.0,0,0.4271450638771057,,0.447441041,0.128340244,976,False,6.883462586,7.481343289,Polysemy,N,False,xqssc38w0c,221,23
film,M2_a_M2_b,film_M2,It was a transparent film.,http://id.loc.gov/authorities/subjects/sh85103132,Plastic films,film_M2,It was a plastic film.,http://id.loc.gov/authorities/subjects/sh85103132,Plastic films,True,0.0,1,0.05046248435974121,,0.065887511,0.102606654,971,False,6.878326468,7.481343289,Polysemy,N,True,4c5xx9azr7,109,23
film,M2_b_M1_b,film_M2,It was a plastic film.,http://id.loc.gov/authorities/subjects/sh85103132,Plastic films,film_M1,It was a censored film.,http://id.loc.gov/authorities/subjects/sh85088084,Motion pictures,False,8.0,0,0.4271450638771057,,0.447441041,0.128340244,1557,True,7.350516172,7.280833165,Polysemy,N,False,p5fnydw94c,133,23
film,M2_b_M2_a,film_M2,It was a plastic film.,http://id.loc.gov/authorities/subjects/sh85103132,Plastic films,film_M2,It was a transparent film.,http://id.loc.gov/authorities/subjects/sh85103132,Plastic films,True,0.0,1,0.05046248435974121,,0.065887511,0.102606654,998,True,6.905753276,7.347721296,Polysemy,N,True,spkx08cwjj,119,23
film,M2_a_M1_b,film_M2,It was a transparent film.,http://id.loc.gov/authorities/subjects/sh85103132,Plastic films,film_M1,It was a censored film.,http://id.loc.gov/authorities/subjects/sh85088084,Motion pictures,False,8.0,0,0.4271450638771057,,0.440122902,0.045653105,887,False,6.787844982,7.280833165,Polysemy,N,False,epkefl89q5,165,23
film,M1_a_M2_a,film_M1,It was an action film.,http://id.loc.gov/authorities/subjects/sh85088084,Motion pictures,film_M2,It was a transparent film.,http://id.loc.gov/authorities/subjects/sh85103132,Plastic films,False,8.0,0,0.4271450638771057,,0.494718134,0.061695457,1048,False,6.954638865,7.347721296,Polysemy,N,False,36hk5eeq3x,167,23
film,M2_b_M1_b,film_M2,It was a plastic film.,http://id.loc.gov/authorities/subjects/sh85103132,Plastic films,film_M1,It was a censored film.,http://id.loc.gov/authorities/subjects/sh85088084,Motion pictures,False,8.0,0,0.4271450638771057,,0.447441041,0.128340244,842,True,6.735780014,7.280833165,Polysemy,N,False,hdquts93lv,77,23
film,M1_a_M1_b,film_M1,It was an action film.,http://id.loc.gov/authorities/subjects/sh85088084,Motion pictures,film_M1,It was a censored film.,http://id.loc.gov/authorities/subjects/sh85088084,Motion pictures,True,0.0,1,0.08167582750320435,,0.148115993,0.059191465,796,True,6.679599186,7.280833165,Polysemy,N,True,flr5bk7hm2,163,23
film,M2_a_M1_a,film_M2,It was a transparent film.,http://id.loc.gov/authorities/subjects/sh85103132,Plastic films,film_M1,It was an action film.,http://id.loc.gov/authorities/subjects/sh85088084,Motion pictures,False,8.0,0,0.4271450638771057,,0.494718134,0.061695457,862,True,6.759255271,7.09160741,Polysemy,N,False,y8z6hxvply,223,23
film,M1_b_M1_a,film_M1,It was a censored film.,http://id.loc.gov/authorities/subjects/sh85088084,Motion pictures,film_M1,It was an action film.,http://id.loc.gov/authorities/subjects/sh85088084,Motion pictures,True,0.0,1,0.08167582750320435,,0.148115993,0.059191465,767,True,6.642486801,7.09160741,Polysemy,N,True,wdgq8cekjp,189,23
film,M2_b_M1_b,film_M2,It was a plastic film.,http://id.loc.gov/authorities/subjects/sh85103132,Plastic films,film_M1,It was a censored film.,http://id.loc.gov/authorities/subjects/sh85088084,Motion pictures,False,8.0,0,0.4271450638771057,,0.447441041,0.128340244,1444,True,7.275172319,7.280833165,Polysemy,N,False,se4vr7yp8v,101,23
film,M2_b_M1_a,film_M2,It was a plastic film.,http://id.loc.gov/authorities/subjects/sh85103132,Plastic films,film_M1,It was an action film.,http://id.loc.gov/authorities/subjects/sh85088084,Motion pictures,False,8.0,0,0.4271450638771057,,0.486100733,0.123729765,895,True,6.796823718,7.09160741,Polysemy,N,False,5zu5xn1fq8,63,23
film,M1_a_M1_b,film_M1,It was an action film.,http://id.loc.gov/authorities/subjects/sh85088084,Motion pictures,film_M1,It was a censored film.,http://id.loc.gov/authorities/subjects/sh85088084,Motion pictures,True,0.0,1,0.08167582750320435,,0.148115993,0.059191465,1419,False,7.257707677,7.280833165,Polysemy,N,True,ezjkm10dx5,197,23
film,M1_a_M2_b,film_M1,It was an action film.,http://id.loc.gov/authorities/subjects/sh85088084,Motion pictures,film_M2,It was a plastic film.,http://id.loc.gov/authorities/subjects/sh85103132,Plastic films,False,8.0,0,0.4271450638771057,,0.486100733,0.123729765,1262,True,7.140453043,7.481343289,Polysemy,N,False,ra0zaqlxos,169,23
film,M2_b_M1_a,film_M2,It was a plastic film.,http://id.loc.gov/authorities/subjects/sh85103132,Plastic films,film_M1,It was an action film.,http://id.loc.gov/authorities/subjects/sh85088084,Motion pictures,False,8.0,0,0.4271450638771057,,0.486100733,0.123729765,646,True,6.470799504,7.09160741,Polysemy,N,False,koccaak1qr,55,23
film,M2_a_M1_a,film_M2,It was a transparent film.,http://id.loc.gov/authorities/subjects/sh85103132,Plastic films,film_M1,It was an action film.,http://id.loc.gov/authorities/subjects/sh85088084,Motion pictures,False,8.0,0,0.4271450638771057,,0.494718134,0.061695457,1899,True,7.549082711,7.09160741,Polysemy,N,False,tfq4ylwp1x,39,23
film,M1_b_M2_b,film_M1,It was a censored film.,http://id.loc.gov/authorities/subjects/sh85088084,Motion pictures,film_M2,It was a plastic film.,http://id.loc.gov/authorities/subjects/sh85103132,Plastic films,False,8.0,0,0.4271450638771057,,0.447441041,0.128340244,2653,False,7.883446354,7.481343289,Polysemy,N,False,nuoxoyemfp,49,23
film,M2_a_M1_b,film_M2,It was a transparent film.,http://id.loc.gov/authorities/subjects/sh85103132,Plastic films,film_M1,It was a censored film.,http://id.loc.gov/authorities/subjects/sh85088084,Motion pictures,False,8.0,0,0.4271450638771057,,0.440122902,0.045653105,1253,True,7.133295955,7.280833165,Polysemy,N,False,lt0kapj5fz,183,23
film,M1_b_M1_a,film_M1,It was a censored film.,http://id.loc.gov/authorities/subjects/sh85088084,Motion pictures,film_M1,It was an action film.,http://id.loc.gov/authorities/subjects/sh85088084,Motion pictures,True,0.0,1,0.08167582750320435,,0.148115993,0.059191465,1879,True,7.538494999,7.09160741,Polysemy,N,True,69bk8m4fc2,107,23
film,M2_b_M1_b,film_M2,It was a plastic film.,http://id.loc.gov/authorities/subjects/sh85103132,Plastic films,film_M1,It was a censored film.,http://id.loc.gov/authorities/subjects/sh85088084,Motion pictures,False,8.0,0,0.4271450638771057,,0.447441041,0.128340244,682,True,6.525029658,7.280833165,Polysemy,N,False,m3g5101vta,239,23
film,M1_b_M2_b,film_M1,It was a censored film.,http://id.loc.gov/authorities/subjects/sh85088084,Motion pictures,film_M2,It was a plastic film.,http://id.loc.gov/authorities/subjects/sh85103132,Plastic films,False,8.0,0,0.4271450638771057,,0.447441041,0.128340244,692,True,6.539585956,7.481343289,Polysemy,N,False,1lzneddpkq,109,23
film,M1_a_M1_b,film_M1,It was an action film.,http://id.loc.gov/authorities/subjects/sh85088084,Motion pictures,film_M1,It was a censored film.,http://id.loc.gov/authorities/subjects/sh85088084,Motion pictures,True,0.0,1,0.08167582750320435,,0.148115993,0.059191465,800,True,6.684611728,7.280833165,Polysemy,N,True,z02r2dprrd,131,23
film,M2_a_M1_b,film_M2,It was a transparent film.,http://id.loc.gov/authorities/subjects/sh85103132,Plastic films,film_M1,It was a censored film.,http://id.loc.gov/authorities/subjects/sh85088084,Motion pictures,False,8.0,0,0.4271450638771057,,0.440122902,0.045653105,933,True,6.838405201,7.280833165,Polysemy,N,False,tra6y98mle,197,23
film,M1_a_M2_a,film_M1,It was an action film.,http://id.loc.gov/authorities/subjects/sh85088084,Motion pictures,film_M2,It was a transparent film.,http://id.loc.gov/authorities/subjects/sh85103132,Plastic films,False,8.0,0,0.4271450638771057,,0.494718134,0.061695457,1179,False,7.072421901,7.347721296,Polysemy,N,False,w7t2pcpr1z,51,23
film,M2_a_M2_b,film_M2,It was a transparent film.,http://id.loc.gov/authorities/subjects/sh85103132,Plastic films,film_M2,It was a plastic film.,http://id.loc.gov/authorities/subjects/sh85103132,Plastic films,True,0.0,1,0.05046248435974121,,0.065887511,0.102606654,1406,True,7.248504072,7.481343289,Polysemy,N,True,qtxcwuzoo4,157,23
film,M2_b_M2_a,film_M2,It was a plastic film.,http://id.loc.gov/authorities/subjects/sh85103132,Plastic films,film_M2,It was a transparent film.,http://id.loc.gov/authorities/subjects/sh85103132,Plastic films,True,0.0,1,0.05046248435974121,,0.065887511,0.102606654,716,True,6.573680167,7.347721296,Polysemy,N,True,emcqel00x3,117,23
film,M2_b_M1_a,film_M2,It was a plastic film.,http://id.loc.gov/authorities/subjects/sh85103132,Plastic films,film_M1,It was an action film.,http://id.loc.gov/authorities/subjects/sh85088084,Motion pictures,False,8.0,0,0.4271450638771057,,0.486100733,0.123729765,1082,True,6.986566459,7.09160741,Polysemy,N,False,ja9zqgwnkl,37,23
film,M2_a_M1_a,film_M2,It was a transparent film.,http://id.loc.gov/authorities/subjects/sh85103132,Plastic films,film_M1,It was an action film.,http://id.loc.gov/authorities/subjects/sh85088084,Motion pictures,False,8.0,0,0.4271450638771057,,0.494718134,0.061695457,852,True,6.747586527,7.09160741,Polysemy,N,False,zjgl4twyhs,247,23
film,M1_b_M2_a,film_M1,It was a censored film.,http://id.loc.gov/authorities/subjects/sh85088084,Motion pictures,film_M2,It was a transparent film.,http://id.loc.gov/authorities/subjects/sh85103132,Plastic films,False,8.0,0,0.4271450638771057,,0.440122902,0.045653105,835,True,6.727431725,7.347721296,Polysemy,N,False,hs560646yd,127,23
film,M1_b_M1_a,film_M1,It was a censored film.,http://id.loc.gov/authorities/subjects/sh85088084,Motion pictures,film_M1,It was an action film.,http://id.loc.gov/authorities/subjects/sh85088084,Motion pictures,True,0.0,1,0.08167582750320435,,0.148115993,0.059191465,575,True,6.354370041,7.09160741,Polysemy,N,True,mketfayzl8,37,23
film,M2_a_M2_b,film_M2,It was a transparent film.,http://id.loc.gov/authorities/subjects/sh85103132,Plastic films,film_M2,It was a plastic film.,http://id.loc.gov/authorities/subjects/sh85103132,Plastic films,True,0.0,1,0.05046248435974121,,0.065887511,0.102606654,652,True,6.480044562,7.481343289,Polysemy,N,True,7hhbw0w7y1,53,23
film,M2_b_M1_b,film_M2,It was a plastic film.,http://id.loc.gov/authorities/subjects/sh85103132,Plastic films,film_M1,It was a censored film.,http://id.loc.gov/authorities/subjects/sh85088084,Motion pictures,False,8.0,0,0.4271450638771057,,0.447441041,0.128340244,1843,True,7.519149958,7.280833165,Polysemy,N,False,bcycp1bevl,59,23
film,M2_a_M2_b,film_M2,It was a transparent film.,http://id.loc.gov/authorities/subjects/sh85103132,Plastic films,film_M2,It was a plastic film.,http://id.loc.gov/authorities/subjects/sh85103132,Plastic films,True,0.0,1,0.05046248435974121,,0.065887511,0.102606654,1569,True,7.358193753,7.481343289,Polysemy,N,True,aekg0u74jn,71,23
film,M2_b_M1_b,film_M2,It was a plastic film.,http://id.loc.gov/authorities/subjects/sh85103132,Plastic films,film_M1,It was a censored film.,http://id.loc.gov/authorities/subjects/sh85088084,Motion pictures,False,8.0,0,0.4271450638771057,,0.447441041,0.128340244,1532,True,7.33432935,7.280833165,Polysemy,N,False,4q5dxb7nhf,207,23
film,M2_b_M1_b,film_M2,It was a plastic film.,http://id.loc.gov/authorities/subjects/sh85103132,Plastic films,film_M1,It was a censored film.,http://id.loc.gov/authorities/subjects/sh85088084,Motion pictures,False,8.0,0,0.4271450638771057,,0.447441041,0.128340244,1006,True,6.913737351,7.280833165,Polysemy,N,False,luke3ctol0,143,23
film,M1_a_M1_b,film_M1,It was an action film.,http://id.loc.gov/authorities/subjects/sh85088084,Motion pictures,film_M1,It was a censored film.,http://id.loc.gov/authorities/subjects/sh85088084,Motion pictures,True,0.0,1,0.08167582750320435,,0.148115993,0.059191465,833,True,6.725033642,7.280833165,Polysemy,N,True,2usccf4uxc,105,23
film,M2_b_M1_b,film_M2,It was a plastic film.,http://id.loc.gov/authorities/subjects/sh85103132,Plastic films,film_M1,It was a censored film.,http://id.loc.gov/authorities/subjects/sh85088084,Motion pictures,False,8.0,0,0.4271450638771057,,0.447441041,0.128340244,1016,True,6.923628628,7.280833165,Polysemy,N,False,w18v804q9v,91,23
film,M1_b_M1_a,film_M1,It was a censored film.,http://id.loc.gov/authorities/subjects/sh85088084,Motion pictures,film_M1,It was an action film.,http://id.loc.gov/authorities/subjects/sh85088084,Motion pictures,True,0.0,1,0.08167582750320435,,0.148115993,0.059191465,1034,True,6.941190055,7.09160741,Polysemy,N,True,bqho6xb6vp,155,23
film,M2_a_M1_b,film_M2,It was a transparent film.,http://id.loc.gov/authorities/subjects/sh85103132,Plastic films,film_M1,It was a censored film.,http://id.loc.gov/authorities/subjects/sh85088084,Motion pictures,False,8.0,0,0.4271450638771057,,0.440122902,0.045653105,833,True,6.725033642,7.280833165,Polysemy,N,False,50rd5uu19e,209,23
film,M1_b_M1_a,film_M1,It was a censored film.,http://id.loc.gov/authorities/subjects/sh85088084,Motion pictures,film_M1,It was an action film.,http://id.loc.gov/authorities/subjects/sh85088084,Motion pictures,True,0.0,1,0.08167582750320435,,0.148115993,0.059191465,1182,True,7.074963198,7.09160741,Polysemy,N,True,dthp9ekqaq,91,23
film,M2_a_M1_a,film_M2,It was a transparent film.,http://id.loc.gov/authorities/subjects/sh85103132,Plastic films,film_M1,It was an action film.,http://id.loc.gov/authorities/subjects/sh85088084,Motion pictures,False,8.0,0,0.4271450638771057,,0.494718134,0.061695457,589,True,6.378426184,7.09160741,Polysemy,N,False,dol693zfl0,105,23
film,M2_b_M2_a,film_M2,It was a plastic film.,http://id.loc.gov/authorities/subjects/sh85103132,Plastic films,film_M2,It was a transparent film.,http://id.loc.gov/authorities/subjects/sh85103132,Plastic films,True,0.0,1,0.05046248435974121,,0.065887511,0.102606654,3490,False,8.157657015,7.347721296,Polysemy,N,True,8tl61v5cpb,73,23
film,M2_b_M1_b,film_M2,It was a plastic film.,http://id.loc.gov/authorities/subjects/sh85103132,Plastic films,film_M1,It was a censored film.,http://id.loc.gov/authorities/subjects/sh85088084,Motion pictures,False,8.0,0,0.4271450638771057,,0.447441041,0.128340244,817,True,6.705639095,7.280833165,Polysemy,N,False,1qywoodmd2,137,23
film,M2_b_M1_b,film_M2,It was a plastic film.,http://id.loc.gov/authorities/subjects/sh85103132,Plastic films,film_M1,It was a censored film.,http://id.loc.gov/authorities/subjects/sh85088084,Motion pictures,False,8.0,0,0.4271450638771057,,0.447441041,0.128340244,1883,True,7.540621529,7.280833165,Polysemy,N,False,1wzodbsf7y,229,23
film,M1_b_M2_b,film_M1,It was a censored film.,http://id.loc.gov/authorities/subjects/sh85088084,Motion pictures,film_M2,It was a plastic film.,http://id.loc.gov/authorities/subjects/sh85103132,Plastic films,False,8.0,0,0.4271450638771057,,0.447441041,0.128340244,1072,False,6.977281342,7.481343289,Polysemy,N,False,qpgf6y0h0r,29,23
film,M2_b_M1_b,film_M2,It was a plastic film.,http://id.loc.gov/authorities/subjects/sh85103132,Plastic films,film_M1,It was a censored film.,http://id.loc.gov/authorities/subjects/sh85088084,Motion pictures,False,8.0,0,0.4271450638771057,,0.447441041,0.128340244,1224,True,7.109879463,7.280833165,Polysemy,N,False,d4b99ue0tu,241,23
film,M2_b_M2_a,film_M2,It was a plastic film.,http://id.loc.gov/authorities/subjects/sh85103132,Plastic films,film_M2,It was a transparent film.,http://id.loc.gov/authorities/subjects/sh85103132,Plastic films,True,0.0,1,0.05046248435974121,,0.065887511,0.102606654,763,True,6.637258031,7.347721296,Polysemy,N,True,h0th05ppt7,105,23
film,M2_b_M1_b,film_M2,It was a plastic film.,http://id.loc.gov/authorities/subjects/sh85103132,Plastic films,film_M1,It was a censored film.,http://id.loc.gov/authorities/subjects/sh85088084,Motion pictures,False,8.0,0,0.4271450638771057,,0.447441041,0.128340244,964,True,6.871091295,7.280833165,Polysemy,N,False,bacqef0gje,195,23
film,M1_a_M2_b,film_M1,It was an action film.,http://id.loc.gov/authorities/subjects/sh85088084,Motion pictures,film_M2,It was a plastic film.,http://id.loc.gov/authorities/subjects/sh85103132,Plastic films,False,8.0,0,0.4271450638771057,,0.486100733,0.123729765,2050,False,7.625595072,7.481343289,Polysemy,N,False,ea54kkhdyv,77,23
film,M2_a_M1_b,film_M2,It was a transparent film.,http://id.loc.gov/authorities/subjects/sh85103132,Plastic films,film_M1,It was a censored film.,http://id.loc.gov/authorities/subjects/sh85088084,Motion pictures,False,8.0,0,0.4271450638771057,,0.440122902,0.045653105,918,True,6.822197391,7.280833165,Polysemy,N,False,mhz82a74k9,97,23
film,M2_a_M1_b,film_M2,It was a transparent film.,http://id.loc.gov/authorities/subjects/sh85103132,Plastic films,film_M1,It was a censored film.,http://id.loc.gov/authorities/subjects/sh85088084,Motion pictures,False,8.0,0,0.4271450638771057,,0.440122902,0.045653105,742,True,6.609349243,7.280833165,Polysemy,N,False,p7h7xsjj50,151,23
film,M1_b_M2_a,film_M1,It was a censored film.,http://id.loc.gov/authorities/subjects/sh85088084,Motion pictures,film_M2,It was a transparent film.,http://id.loc.gov/authorities/subjects/sh85103132,Plastic films,False,8.0,0,0.4271450638771057,,0.440122902,0.045653105,812,True,6.69950034,7.347721296,Polysemy,N,False,21s95lnz0l,65,23
film,M2_b_M2_a,film_M2,It was a plastic film.,http://id.loc.gov/authorities/subjects/sh85103132,Plastic films,film_M2,It was a transparent film.,http://id.loc.gov/authorities/subjects/sh85103132,Plastic films,True,0.0,1,0.05046248435974121,,0.065887511,0.102606654,907,True,6.81014245,7.347721296,Polysemy,N,True,skb4uv2kf9,231,23
film,M2_a_M2_b,film_M2,It was a transparent film.,http://id.loc.gov/authorities/subjects/sh85103132,Plastic films,film_M2,It was a plastic film.,http://id.loc.gov/authorities/subjects/sh85103132,Plastic films,True,0.0,1,0.05046248435974121,,0.065887511,0.102606654,906,True,6.809039306,7.481343289,Polysemy,N,True,a0u2yg5j7e,239,23
film,M2_b_M1_a,film_M2,It was a plastic film.,http://id.loc.gov/authorities/subjects/sh85103132,Plastic films,film_M1,It was an action film.,http://id.loc.gov/authorities/subjects/sh85088084,Motion pictures,False,8.0,0,0.4271450638771057,,0.486100733,0.123729765,1516,True,7.323830566,7.09160741,Polysemy,N,False,11pz67y2jv,61,23
film,M2_a_M1_b,film_M2,It was a transparent film.,http://id.loc.gov/authorities/subjects/sh85103132,Plastic films,film_M1,It was a censored film.,http://id.loc.gov/authorities/subjects/sh85088084,Motion pictures,False,8.0,0,0.4271450638771057,,0.440122902,0.045653105,1043,True,6.949856455,7.280833165,Polysemy,N,False,guqltyqrjz,113,23
film,M1_a_M2_a,film_M1,It was an action film.,http://id.loc.gov/authorities/subjects/sh85088084,Motion pictures,film_M2,It was a transparent film.,http://id.loc.gov/authorities/subjects/sh85103132,Plastic films,False,8.0,0,0.4271450638771057,,0.494718134,0.061695457,1157,False,7.053585727,7.347721296,Polysemy,N,False,k9k5bl7bsa,111,23
film,M2_a_M2_b,film_M2,It was a transparent film.,http://id.loc.gov/authorities/subjects/sh85103132,Plastic films,film_M2,It was a plastic film.,http://id.loc.gov/authorities/subjects/sh85103132,Plastic films,True,0.0,1,0.05046248435974121,,0.065887511,0.102606654,773,True,6.650279049,7.481343289,Polysemy,N,True,o40xglp55j,43,23
film,M1_a_M2_b,film_M1,It was an action film.,http://id.loc.gov/authorities/subjects/sh85088084,Motion pictures,film_M2,It was a plastic film.,http://id.loc.gov/authorities/subjects/sh85103132,Plastic films,False,8.0,0,0.4271450638771057,,0.486100733,0.123729765,2014,False,7.607878073,7.481343289,Polysemy,N,False,y52zt9vjyf,189,23
film,M1_b_M2_a,film_M1,It was a censored film.,http://id.loc.gov/authorities/subjects/sh85088084,Motion pictures,film_M2,It was a transparent film.,http://id.loc.gov/authorities/subjects/sh85103132,Plastic films,False,8.0,0,0.4271450638771057,,0.440122902,0.045653105,1071,False,6.97634807,7.347721296,Polysemy,N,False,va3hb1mkox,125,23
film,M1_b_M2_b,film_M1,It was a censored film.,http://id.loc.gov/authorities/subjects/sh85088084,Motion pictures,film_M2,It was a plastic film.,http://id.loc.gov/authorities/subjects/sh85103132,Plastic films,False,8.0,0,0.4271450638771057,,0.447441041,0.128340244,1094,True,6.997595983,7.481343289,Polysemy,N,False,xdomj2pout,213,23
film,M1_b_M1_a,film_M1,It was a censored film.,http://id.loc.gov/authorities/subjects/sh85088084,Motion pictures,film_M1,It was an action film.,http://id.loc.gov/authorities/subjects/sh85088084,Motion pictures,True,0.0,1,0.08167582750320435,,0.148115993,0.059191465,567,True,6.340359304,7.09160741,Polysemy,N,True,kzt7mhlhq0,221,23
film,M2_a_M1_b,film_M2,It was a transparent film.,http://id.loc.gov/authorities/subjects/sh85103132,Plastic films,film_M1,It was a censored film.,http://id.loc.gov/authorities/subjects/sh85088084,Motion pictures,False,8.0,0,0.4271450638771057,,0.440122902,0.045653105,769,True,6.64509097,7.280833165,Polysemy,N,False,z2n4w2lvuj,251,23
film,M1_a_M2_b,film_M1,It was an action film.,http://id.loc.gov/authorities/subjects/sh85088084,Motion pictures,film_M2,It was a plastic film.,http://id.loc.gov/authorities/subjects/sh85103132,Plastic films,False,8.0,0,0.4271450638771057,,0.486100733,0.123729765,1226,True,7.111512116,7.481343289,Polysemy,N,False,rgkj29k85f,179,23
film,M1_a_M2_a,film_M1,It was an action film.,http://id.loc.gov/authorities/subjects/sh85088084,Motion pictures,film_M2,It was a transparent film.,http://id.loc.gov/authorities/subjects/sh85103132,Plastic films,False,8.0,0,0.4271450638771057,,0.494718134,0.061695457,1260,False,7.138867,7.347721296,Polysemy,N,False,ylr2c47dx9,177,23
film,M1_b_M2_a,film_M1,It was a censored film.,http://id.loc.gov/authorities/subjects/sh85088084,Motion pictures,film_M2,It was a transparent film.,http://id.loc.gov/authorities/subjects/sh85103132,Plastic films,False,8.0,0,0.4271450638771057,,0.440122902,0.045653105,1228,True,7.113142109,7.347721296,Polysemy,N,False,zc0tcyzalc,123,23
film,M2_a_M1_a,film_M2,It was a transparent film.,http://id.loc.gov/authorities/subjects/sh85103132,Plastic films,film_M1,It was an action film.,http://id.loc.gov/authorities/subjects/sh85088084,Motion pictures,False,8.0,0,0.4271450638771057,,0.494718134,0.061695457,846,True,6.74051936,7.09160741,Polysemy,N,False,abcwwk8j44,63,23
film,M2_a_M2_b,film_M2,It was a transparent film.,http://id.loc.gov/authorities/subjects/sh85103132,Plastic films,film_M2,It was a plastic film.,http://id.loc.gov/authorities/subjects/sh85103132,Plastic films,True,0.0,1,0.05046248435974121,,0.065887511,0.102606654,671,True,6.508769137,7.481343289,Polysemy,N,True,ppv7uctwr1,147,23
film,M1_a_M2_b,film_M1,It was an action film.,http://id.loc.gov/authorities/subjects/sh85088084,Motion pictures,film_M2,It was a plastic film.,http://id.loc.gov/authorities/subjects/sh85103132,Plastic films,False,8.0,0,0.4271450638771057,,0.486100733,0.123729765,1051,False,6.957497371,7.481343289,Polysemy,N,False,wo6c5zy1c7,251,23
film,M2_b_M1_b,film_M2,It was a plastic film.,http://id.loc.gov/authorities/subjects/sh85103132,Plastic films,film_M1,It was a censored film.,http://id.loc.gov/authorities/subjects/sh85088084,Motion pictures,False,8.0,0,0.4271450638771057,,0.447441041,0.128340244,751,True,6.621405652,7.280833165,Polysemy,N,False,m6aw5veqof,189,23
film,M2_b_M1_b,film_M2,It was a plastic film.,http://id.loc.gov/authorities/subjects/sh85103132,Plastic films,film_M1,It was a censored film.,http://id.loc.gov/authorities/subjects/sh85088084,Motion pictures,False,8.0,0,0.4271450638771057,,0.447441041,0.128340244,1446,True,7.276556403,7.280833165,Polysemy,N,False,6lbv5uhykm,209,23
film,M2_a_M1_b,film_M2,It was a transparent film.,http://id.loc.gov/authorities/subjects/sh85103132,Plastic films,film_M1,It was a censored film.,http://id.loc.gov/authorities/subjects/sh85088084,Motion pictures,False,8.0,0,0.4271450638771057,,0.440122902,0.045653105,807,True,6.693323668,7.280833165,Polysemy,N,False,68a6hn4uvz,77,23
film,M1_b_M2_b,film_M1,It was a censored film.,http://id.loc.gov/authorities/subjects/sh85088084,Motion pictures,film_M2,It was a plastic film.,http://id.loc.gov/authorities/subjects/sh85103132,Plastic films,False,8.0,0,0.4271450638771057,,0.447441041,0.128340244,714,True,6.570882962,7.481343289,Polysemy,N,False,2r8jyhe7un,83,23
film,M2_a_M1_b,film_M2,It was a transparent film.,http://id.loc.gov/authorities/subjects/sh85103132,Plastic films,film_M1,It was a censored film.,http://id.loc.gov/authorities/subjects/sh85088084,Motion pictures,False,8.0,0,0.4271450638771057,,0.440122902,0.045653105,1317,True,7.183111702,7.280833165,Polysemy,N,False,9xyz8zlap8,105,23
film,M1_b_M1_a,film_M1,It was a censored film.,http://id.loc.gov/authorities/subjects/sh85088084,Motion pictures,film_M1,It was an action film.,http://id.loc.gov/authorities/subjects/sh85088084,Motion pictures,True,0.0,1,0.08167582750320435,,0.148115993,0.059191465,843,True,6.736966958,7.09160741,Polysemy,N,True,r1c2epbxzl,105,23
film,M2_a_M1_b,film_M2,It was a transparent film.,http://id.loc.gov/authorities/subjects/sh85103132,Plastic films,film_M1,It was a censored film.,http://id.loc.gov/authorities/subjects/sh85088084,Motion pictures,False,8.0,0,0.4271450638771057,,0.440122902,0.045653105,940,True,6.845879875,7.280833165,Polysemy,N,False,4e6rrg22h5,63,23
film,M2_b_M1_b,film_M2,It was a plastic film.,http://id.loc.gov/authorities/subjects/sh85103132,Plastic films,film_M1,It was a censored film.,http://id.loc.gov/authorities/subjects/sh85088084,Motion pictures,False,8.0,0,0.4271450638771057,,0.447441041,0.128340244,741,True,6.608000625,7.280833165,Polysemy,N,False,vc2ac751cz,101,23
film,M1_a_M2_a,film_M1,It was an action film.,http://id.loc.gov/authorities/subjects/sh85088084,Motion pictures,film_M2,It was a transparent film.,http://id.loc.gov/authorities/subjects/sh85103132,Plastic films,False,8.0,0,0.4271450638771057,,0.494718134,0.061695457,1461,True,7.286876412,7.347721296,Polysemy,N,False,vxyw6621ka,141,23
film,M2_b_M2_a,film_M2,It was a plastic film.,http://id.loc.gov/authorities/subjects/sh85103132,Plastic films,film_M2,It was a transparent film.,http://id.loc.gov/authorities/subjects/sh85103132,Plastic films,True,0.0,1,0.05046248435974121,,0.065887511,0.102606654,1236,True,7.119635638,7.347721296,Polysemy,N,True,4suqxr8zom,75,23
film,M1_b_M1_a,film_M1,It was a censored film.,http://id.loc.gov/authorities/subjects/sh85088084,Motion pictures,film_M1,It was an action film.,http://id.loc.gov/authorities/subjects/sh85088084,Motion pictures,True,0.0,1,0.08167582750320435,,0.148115993,0.059191465,650,True,6.476972363,7.09160741,Polysemy,N,True,xdapyucpqa,107,23
film,M2_b_M2_a,film_M2,It was a plastic film.,http://id.loc.gov/authorities/subjects/sh85103132,Plastic films,film_M2,It was a transparent film.,http://id.loc.gov/authorities/subjects/sh85103132,Plastic films,True,0.0,1,0.05046248435974121,,0.065887511,0.102606654,755,True,6.626717749,7.347721296,Polysemy,N,True,jrnkr73qqa,105,23
film,M2_a_M2_b,film_M2,It was a transparent film.,http://id.loc.gov/authorities/subjects/sh85103132,Plastic films,film_M2,It was a plastic film.,http://id.loc.gov/authorities/subjects/sh85103132,Plastic films,True,0.0,1,0.05046248435974121,,0.065887511,0.102606654,1548,True,7.344719054,7.481343289,Polysemy,N,True,lpduruhrnk,251,23
film,M2_b_M1_a,film_M2,It was a plastic film.,http://id.loc.gov/authorities/subjects/sh85103132,Plastic films,film_M1,It was an action film.,http://id.loc.gov/authorities/subjects/sh85088084,Motion pictures,False,8.0,0,0.4271450638771057,,0.486100733,0.123729765,1492,True,7.307872781,7.09160741,Polysemy,N,False,pm85lle7oc,187,23
film,M2_b_M1_b,film_M2,It was a plastic film.,http://id.loc.gov/authorities/subjects/sh85103132,Plastic films,film_M1,It was a censored film.,http://id.loc.gov/authorities/subjects/sh85088084,Motion pictures,False,8.0,0,0.4271450638771057,,0.447441041,0.128340244,1840,True,7.517520851,7.280833165,Polysemy,N,False,uaydq1djrs,47,23
film,M2_b_M2_a,film_M2,It was a plastic film.,http://id.loc.gov/authorities/subjects/sh85103132,Plastic films,film_M2,It was a transparent film.,http://id.loc.gov/authorities/subjects/sh85103132,Plastic films,True,0.0,1,0.05046248435974121,,0.065887511,0.102606654,1077,True,6.981934677,7.347721296,Polysemy,N,True,m7n1h07aw2,41,23
film,M2_b_M1_b,film_M2,It was a plastic film.,http://id.loc.gov/authorities/subjects/sh85103132,Plastic films,film_M1,It was a censored film.,http://id.loc.gov/authorities/subjects/sh85088084,Motion pictures,False,8.0,0,0.4271450638771057,,0.447441041,0.128340244,950,True,6.856461985,7.280833165,Polysemy,N,False,auc5fln1ss,45,23
film,M1_a_M1_b,film_M1,It was an action film.,http://id.loc.gov/authorities/subjects/sh85088084,Motion pictures,film_M1,It was a censored film.,http://id.loc.gov/authorities/subjects/sh85088084,Motion pictures,True,0.0,1,0.08167582750320435,,0.148115993,0.059191465,1538,True,7.33823815,7.280833165,Polysemy,N,True,4zpuq8ud9x,207,23
film,M2_b_M1_b,film_M2,It was a plastic film.,http://id.loc.gov/authorities/subjects/sh85103132,Plastic films,film_M1,It was a censored film.,http://id.loc.gov/authorities/subjects/sh85088084,Motion pictures,False,8.0,0,0.4271450638771057,,0.447441041,0.128340244,1041,True,6.947937069,7.280833165,Polysemy,N,False,x784e4lcbj,73,23
film,M1_a_M1_b,film_M1,It was an action film.,http://id.loc.gov/authorities/subjects/sh85088084,Motion pictures,film_M1,It was a censored film.,http://id.loc.gov/authorities/subjects/sh85088084,Motion pictures,True,0.0,1,0.08167582750320435,,0.148115993,0.059191465,1016,True,6.923628628,7.280833165,Polysemy,N,True,sufdrtgf9g,35,23
sage,M1_b_M2_a,sage_M1,He saw the renowned sage.,http://id.loc.gov/authorities/subjects/sh85100836,Philosophers,sage_M2,He saw the fragrant sage.,http://id.loc.gov/authorities/subjects/sh85116476,Sage,False,inf,0,0.451962947845459,,0.376201749,0.072128057,2007,False,7.604396349,7.630218243,Homonymy,N,False,qck08emfde,139,64
sage,M2_a_M1_a,sage_M2,He saw the fragrant sage.,http://id.loc.gov/authorities/subjects/sh85116476,Sage,sage_M1,He saw the wise sage.,http://id.loc.gov/authorities/subjects/sh85100836,Philosophers,False,inf,0,0.451962947845459,,0.329650939,0.115150928,743,True,6.610696045,7.513105862,Homonymy,N,False,u6tgegpyj0,147,64
sage,M2_b_M1_b,sage_M2,He saw the bushy sage.,http://id.loc.gov/authorities/subjects/sh85116476,Sage,sage_M1,He saw the renowned sage.,http://id.loc.gov/authorities/subjects/sh85100836,Philosophers,False,inf,0,0.451962947845459,,0.394118071,0.083328903,2038,True,7.619724214,7.708466221,Homonymy,N,False,78f1p4m7t2,53,64
sage,M1_b_M2_a,sage_M1,He saw the renowned sage.,http://id.loc.gov/authorities/subjects/sh85100836,Philosophers,sage_M2,He saw the fragrant sage.,http://id.loc.gov/authorities/subjects/sh85116476,Sage,False,inf,0,0.451962947845459,,0.376201749,0.072128057,1243,True,7.125283092,7.630218243,Homonymy,N,False,1vz3fdcvtw,153,64
sage,M2_b_M1_a,sage_M2,He saw the bushy sage.,http://id.loc.gov/authorities/subjects/sh85116476,Sage,sage_M1,He saw the wise sage.,http://id.loc.gov/authorities/subjects/sh85100836,Philosophers,False,inf,0,0.451962947845459,,0.336821139,0.093836427,1164,False,7.059617628,7.513105862,Homonymy,N,False,wsf5xp226q,69,64
sage,M2_b_M2_a,sage_M2,He saw the bushy sage.,http://id.loc.gov/authorities/subjects/sh85116476,Sage,sage_M2,He saw the fragrant sage.,http://id.loc.gov/authorities/subjects/sh85116476,Sage,True,0.0,1,0.02673858404159546,,0.041147172,0.045371413,1446,False,7.276556403,7.630218243,Homonymy,N,True,9fkbaxk3zu,161,64
sage,M2_a_M2_b,sage_M2,He saw the fragrant sage.,http://id.loc.gov/authorities/subjects/sh85116476,Sage,sage_M2,He saw the bushy sage.,http://id.loc.gov/authorities/subjects/sh85116476,Sage,True,0.0,1,0.02673858404159546,,0.041147172,0.045371413,1812,True,7.502186487,7.582614889,Homonymy,N,True,jjpm6guwej,173,64
sage,M2_a_M1_a,sage_M2,He saw the fragrant sage.,http://id.loc.gov/authorities/subjects/sh85116476,Sage,sage_M1,He saw the wise sage.,http://id.loc.gov/authorities/subjects/sh85100836,Philosophers,False,inf,0,0.451962947845459,,0.329650939,0.115150928,1247,False,7.128495946,7.513105862,Homonymy,N,False,xyokc18f4l,243,64
sage,M2_a_M1_a,sage_M2,He saw the fragrant sage.,http://id.loc.gov/authorities/subjects/sh85116476,Sage,sage_M1,He saw the wise sage.,http://id.loc.gov/authorities/subjects/sh85100836,Philosophers,False,inf,0,0.451962947845459,,0.329650939,0.115150928,778,True,6.656726524,7.513105862,Homonymy,N,False,so1m7krwy9,79,64
sage,M2_b_M1_a,sage_M2,He saw the bushy sage.,http://id.loc.gov/authorities/subjects/sh85116476,Sage,sage_M1,He saw the wise sage.,http://id.loc.gov/authorities/subjects/sh85100836,Philosophers,False,inf,0,0.451962947845459,,0.336821139,0.093836427,2653,True,7.883446354,7.513105862,Homonymy,N,False,nkwr4ou2vr,189,64
sage,M1_b_M2_a,sage_M1,He saw the renowned sage.,http://id.loc.gov/authorities/subjects/sh85100836,Philosophers,sage_M2,He saw the fragrant sage.,http://id.loc.gov/authorities/subjects/sh85116476,Sage,False,inf,0,0.451962947845459,,0.376201749,0.072128057,2288,False,7.735433352,7.630218243,Homonymy,N,False,bjdam1cm56,145,64
sage,M1_a_M2_a,sage_M1,He saw the wise sage.,http://id.loc.gov/authorities/subjects/sh85100836,Philosophers,sage_M2,He saw the fragrant sage.,http://id.loc.gov/authorities/subjects/sh85116476,Sage,False,inf,0,0.451962947845459,,0.329650939,0.115150928,1848,False,7.521859252,7.630218243,Homonymy,N,False,xqssc38w0c,39,64
sage,M1_b_M2_b,sage_M1,He saw the renowned sage.,http://id.loc.gov/authorities/subjects/sh85100836,Philosophers,sage_M2,He saw the bushy sage.,http://id.loc.gov/authorities/subjects/sh85116476,Sage,False,inf,0,0.451962947845459,,0.394118071,0.083328903,908,False,6.811244379,7.582614889,Homonymy,N,False,4c5xx9azr7,239,64
sage,M1_a_M2_a,sage_M1,He saw the wise sage.,http://id.loc.gov/authorities/subjects/sh85100836,Philosophers,sage_M2,He saw the fragrant sage.,http://id.loc.gov/authorities/subjects/sh85116476,Sage,False,inf,0,0.451962947845459,,0.329650939,0.115150928,943,False,6.849066283,7.630218243,Homonymy,N,False,h6swhj4mme,83,64
sage,M1_a_M2_b,sage_M1,He saw the wise sage.,http://id.loc.gov/authorities/subjects/sh85100836,Philosophers,sage_M2,He saw the bushy sage.,http://id.loc.gov/authorities/subjects/sh85116476,Sage,False,inf,0,0.451962947845459,,0.336821139,0.093836427,1271,True,7.147559271,7.582614889,Homonymy,N,False,flr5bk7hm2,29,64
sage,M2_b_M2_a,sage_M2,He saw the bushy sage.,http://id.loc.gov/authorities/subjects/sh85116476,Sage,sage_M2,He saw the fragrant sage.,http://id.loc.gov/authorities/subjects/sh85116476,Sage,True,0.0,1,0.02673858404159546,,0.041147172,0.045371413,1392,True,7.238496841,7.630218243,Homonymy,N,True,kha24hryvm,121,64
sage,M2_a_M1_a,sage_M2,He saw the fragrant sage.,http://id.loc.gov/authorities/subjects/sh85116476,Sage,sage_M1,He saw the wise sage.,http://id.loc.gov/authorities/subjects/sh85100836,Philosophers,False,inf,0,0.451962947845459,,0.329650939,0.115150928,1056,True,6.962243464,7.513105862,Homonymy,N,False,nrxcy3jh2z,179,64
sage,M2_b_M2_a,sage_M2,He saw the bushy sage.,http://id.loc.gov/authorities/subjects/sh85116476,Sage,sage_M2,He saw the fragrant sage.,http://id.loc.gov/authorities/subjects/sh85116476,Sage,True,0.0,1,0.02673858404159546,,0.041147172,0.045371413,1144,True,7.042286172,7.630218243,Homonymy,N,True,wdgq8cekjp,95,64
sage,M1_b_M2_b,sage_M1,He saw the renowned sage.,http://id.loc.gov/authorities/subjects/sh85100836,Philosophers,sage_M2,He saw the bushy sage.,http://id.loc.gov/authorities/subjects/sh85116476,Sage,False,inf,0,0.451962947845459,,0.394118071,0.083328903,1377,False,7.227662499,7.582614889,Homonymy,N,False,3lr2j29be7,139,64
sage,M2_b_M1_b,sage_M2,He saw the bushy sage.,http://id.loc.gov/authorities/subjects/sh85116476,Sage,sage_M1,He saw the renowned sage.,http://id.loc.gov/authorities/subjects/sh85100836,Philosophers,False,inf,0,0.451962947845459,,0.394118071,0.083328903,3545,True,8.173293439,7.708466221,Homonymy,N,False,se4vr7yp8v,149,64
sage,M2_b_M1_a,sage_M2,He saw the bushy sage.,http://id.loc.gov/authorities/subjects/sh85116476,Sage,sage_M1,He saw the wise sage.,http://id.loc.gov/authorities/subjects/sh85100836,Philosophers,False,inf,0,0.451962947845459,,0.336821139,0.093836427,1882,False,7.54009032,7.513105862,Homonymy,N,False,r5r8zoalta,67,64
sage,M2_a_M1_a,sage_M2,He saw the fragrant sage.,http://id.loc.gov/authorities/subjects/sh85116476,Sage,sage_M1,He saw the wise sage.,http://id.loc.gov/authorities/subjects/sh85100836,Philosophers,False,inf,0,0.451962947845459,,0.329650939,0.115150928,864,False,6.761572769,7.513105862,Homonymy,N,False,ezjkm10dx5,199,64
sage,M2_b_M1_a,sage_M2,He saw the bushy sage.,http://id.loc.gov/authorities/subjects/sh85116476,Sage,sage_M1,He saw the wise sage.,http://id.loc.gov/authorities/subjects/sh85100836,Philosophers,False,inf,0,0.451962947845459,,0.336821139,0.093836427,1448,False,7.277938573,7.513105862,Homonymy,N,False,ra0zaqlxos,245,64
sage,M2_a_M1_b,sage_M2,He saw the fragrant sage.,http://id.loc.gov/authorities/subjects/sh85116476,Sage,sage_M1,He saw the renowned sage.,http://id.loc.gov/authorities/subjects/sh85100836,Philosophers,False,inf,0,0.451962947845459,,0.376201749,0.072128057,1959,True,7.580189418,7.708466221,Homonymy,N,False,961ytz4h4r,161,64
sage,M2_b_M2_a,sage_M2,He saw the bushy sage.,http://id.loc.gov/authorities/subjects/sh85116476,Sage,sage_M2,He saw the fragrant sage.,http://id.loc.gov/authorities/subjects/sh85116476,Sage,True,0.0,1,0.02673858404159546,,0.041147172,0.045371413,951,True,6.857514063,7.630218243,Homonymy,N,True,meoc92246n,43,64
sage,M2_b_M2_a,sage_M2,He saw the bushy sage.,http://id.loc.gov/authorities/subjects/sh85116476,Sage,sage_M2,He saw the fragrant sage.,http://id.loc.gov/authorities/subjects/sh85116476,Sage,True,0.0,1,0.02673858404159546,,0.041147172,0.045371413,814,True,6.701960366,7.630218243,Homonymy,N,True,0jrp4p98ro,177,64
sage,M2_b_M2_a,sage_M2,He saw the bushy sage.,http://id.loc.gov/authorities/subjects/sh85116476,Sage,sage_M2,He saw the fragrant sage.,http://id.loc.gov/authorities/subjects/sh85116476,Sage,True,0.0,1,0.02673858404159546,,0.041147172,0.045371413,2715,False,7.906547232,7.630218243,Homonymy,N,True,nuoxoyemfp,41,64
sage,M2_b_M2_a,sage_M2,He saw the bushy sage.,http://id.loc.gov/authorities/subjects/sh85116476,Sage,sage_M2,He saw the fragrant sage.,http://id.loc.gov/authorities/subjects/sh85116476,Sage,True,0.0,1,0.02673858404159546,,0.041147172,0.045371413,2523,True,7.833203949,7.630218243,Homonymy,N,True,69bk8m4fc2,39,64
sage,M2_a_M1_a,sage_M2,He saw the fragrant sage.,http://id.loc.gov/authorities/subjects/sh85116476,Sage,sage_M1,He saw the wise sage.,http://id.loc.gov/authorities/subjects/sh85100836,Philosophers,False,inf,0,0.451962947845459,,0.329650939,0.115150928,942,False,6.848005275,7.513105862,Homonymy,N,False,m3g5101vta,151,64
sage,M1_b_M2_a,sage_M1,He saw the renowned sage.,http://id.loc.gov/authorities/subjects/sh85100836,Philosophers,sage_M2,He saw the fragrant sage.,http://id.loc.gov/authorities/subjects/sh85116476,Sage,False,inf,0,0.451962947845459,,0.376201749,0.072128057,955,False,6.86171134,7.630218243,Homonymy,N,False,tra6y98mle,113,64
sage,M1_a_M2_b,sage_M1,He saw the wise sage.,http://id.loc.gov/authorities/subjects/sh85100836,Philosophers,sage_M2,He saw the bushy sage.,http://id.loc.gov/authorities/subjects/sh85116476,Sage,False,inf,0,0.451962947845459,,0.336821139,0.093836427,1079,True,6.983789965,7.582614889,Homonymy,N,False,w7t2pcpr1z,213,64
sage,M1_a_M2_b,sage_M1,He saw the wise sage.,http://id.loc.gov/authorities/subjects/sh85100836,Philosophers,sage_M2,He saw the bushy sage.,http://id.loc.gov/authorities/subjects/sh85116476,Sage,False,inf,0,0.451962947845459,,0.336821139,0.093836427,1316,False,7.182352112,7.582614889,Homonymy,N,False,0l5gfo1s81,131,64
sage,M1_a_M2_b,sage_M1,He saw the wise sage.,http://id.loc.gov/authorities/subjects/sh85100836,Philosophers,sage_M2,He saw the bushy sage.,http://id.loc.gov/authorities/subjects/sh85116476,Sage,False,inf,0,0.451962947845459,,0.336821139,0.093836427,1486,True,7.303843225,7.582614889,Homonymy,N,False,qtxcwuzoo4,107,64
sage,M1_a_M2_b,sage_M1,He saw the wise sage.,http://id.loc.gov/authorities/subjects/sh85100836,Philosophers,sage_M2,He saw the bushy sage.,http://id.loc.gov/authorities/subjects/sh85116476,Sage,False,inf,0,0.451962947845459,,0.336821139,0.093836427,1619,True,7.389563954,7.582614889,Homonymy,N,False,ja9zqgwnkl,171,64
sage,M1_b_M1_a,sage_M1,He saw the renowned sage.,http://id.loc.gov/authorities/subjects/sh85100836,Philosophers,sage_M1,He saw the wise sage.,http://id.loc.gov/authorities/subjects/sh85100836,Philosophers,True,0.0,1,0.015921354293823242,,0.123151422,0.080750287,930,False,6.835184586,7.513105862,Homonymy,N,True,zjgl4twyhs,239,64
sage,M2_a_M1_a,sage_M2,He saw the fragrant sage.,http://id.loc.gov/authorities/subjects/sh85116476,Sage,sage_M1,He saw the wise sage.,http://id.loc.gov/authorities/subjects/sh85100836,Philosophers,False,inf,0,0.451962947845459,,0.329650939,0.115150928,853,False,6.748759547,7.513105862,Homonymy,N,False,uy86my9o9s,221,64
sage,M2_b_M1_a,sage_M2,He saw the bushy sage.,http://id.loc.gov/authorities/subjects/sh85116476,Sage,sage_M1,He saw the wise sage.,http://id.loc.gov/authorities/subjects/sh85100836,Philosophers,False,inf,0,0.451962947845459,,0.336821139,0.093836427,793,True,6.675823222,7.513105862,Homonymy,N,False,ygz7kz72u2,131,64
sage,M1_a_M2_b,sage_M1,He saw the wise sage.,http://id.loc.gov/authorities/subjects/sh85100836,Philosophers,sage_M2,He saw the bushy sage.,http://id.loc.gov/authorities/subjects/sh85116476,Sage,False,inf,0,0.451962947845459,,0.336821139,0.093836427,720,False,6.579251212,7.582614889,Homonymy,N,False,bcycp1bevl,199,64
sage,M2_b_M1_b,sage_M2,He saw the bushy sage.,http://id.loc.gov/authorities/subjects/sh85116476,Sage,sage_M1,He saw the renowned sage.,http://id.loc.gov/authorities/subjects/sh85100836,Philosophers,False,inf,0,0.451962947845459,,0.394118071,0.083328903,961,False,6.867974409,7.708466221,Homonymy,N,False,aekg0u74jn,227,64
sage,M2_a_M2_b,sage_M2,He saw the fragrant sage.,http://id.loc.gov/authorities/subjects/sh85116476,Sage,sage_M2,He saw the bushy sage.,http://id.loc.gov/authorities/subjects/sh85116476,Sage,True,0.0,1,0.02673858404159546,,0.041147172,0.045371413,1334,True,7.195937226,7.582614889,Homonymy,N,True,4q5dxb7nhf,199,64
sage,M1_a_M1_b,sage_M1,He saw the wise sage.,http://id.loc.gov/authorities/subjects/sh85100836,Philosophers,sage_M1,He saw the renowned sage.,http://id.loc.gov/authorities/subjects/sh85100836,Philosophers,True,0.0,1,0.015921354293823242,,0.123151422,0.080750287,1617,True,7.38832786,7.708466221,Homonymy,N,True,zglqpt5fh7,41,64
sage,M2_b_M1_a,sage_M2,He saw the bushy sage.,http://id.loc.gov/authorities/subjects/sh85116476,Sage,sage_M1,He saw the wise sage.,http://id.loc.gov/authorities/subjects/sh85100836,Philosophers,False,inf,0,0.451962947845459,,0.336821139,0.093836427,979,False,6.886531643,7.513105862,Homonymy,N,False,2usccf4uxc,211,64
sage,M1_a_M2_a,sage_M1,He saw the wise sage.,http://id.loc.gov/authorities/subjects/sh85100836,Philosophers,sage_M2,He saw the fragrant sage.,http://id.loc.gov/authorities/subjects/sh85116476,Sage,False,inf,0,0.451962947845459,,0.329650939,0.115150928,1736,False,7.459338895,7.630218243,Homonymy,N,False,sndaggja6a,151,64
sage,M1_b_M2_a,sage_M1,He saw the renowned sage.,http://id.loc.gov/authorities/subjects/sh85100836,Philosophers,sage_M2,He saw the fragrant sage.,http://id.loc.gov/authorities/subjects/sh85116476,Sage,False,inf,0,0.451962947845459,,0.376201749,0.072128057,865,False,6.762729507,7.630218243,Homonymy,N,False,bqho6xb6vp,139,64
sage,M2_b_M2_a,sage_M2,He saw the bushy sage.,http://id.loc.gov/authorities/subjects/sh85116476,Sage,sage_M2,He saw the fragrant sage.,http://id.loc.gov/authorities/subjects/sh85116476,Sage,True,0.0,1,0.02673858404159546,,0.041147172,0.045371413,3332,False,8.111328003,7.630218243,Homonymy,N,True,frqx6vw2d1,97,64
sage,M2_b_M2_a,sage_M2,He saw the bushy sage.,http://id.loc.gov/authorities/subjects/sh85116476,Sage,sage_M2,He saw the fragrant sage.,http://id.loc.gov/authorities/subjects/sh85116476,Sage,True,0.0,1,0.02673858404159546,,0.041147172,0.045371413,2075,False,7.637716433,7.630218243,Homonymy,N,True,3focjo2q2y,123,64
sage,M1_a_M2_a,sage_M1,He saw the wise sage.,http://id.loc.gov/authorities/subjects/sh85100836,Philosophers,sage_M2,He saw the fragrant sage.,http://id.loc.gov/authorities/subjects/sh85116476,Sage,False,inf,0,0.451962947845459,,0.329650939,0.115150928,1478,False,7.298445102,7.630218243,Homonymy,N,False,8tl61v5cpb,191,64
sage,M1_a_M1_b,sage_M1,He saw the wise sage.,http://id.loc.gov/authorities/subjects/sh85100836,Philosophers,sage_M1,He saw the renowned sage.,http://id.loc.gov/authorities/subjects/sh85100836,Philosophers,True,0.0,1,0.015921354293823242,,0.123151422,0.080750287,1480,True,7.299797367,7.708466221,Homonymy,N,True,4edk6y2wlk,251,64
sage,M2_b_M1_b,sage_M2,He saw the bushy sage.,http://id.loc.gov/authorities/subjects/sh85116476,Sage,sage_M1,He saw the renowned sage.,http://id.loc.gov/authorities/subjects/sh85100836,Philosophers,False,inf,0,0.451962947845459,,0.394118071,0.083328903,1928,True,7.564238475,7.708466221,Homonymy,N,False,1qywoodmd2,203,64
sage,M1_a_M1_b,sage_M1,He saw the wise sage.,http://id.loc.gov/authorities/subjects/sh85100836,Philosophers,sage_M1,He saw the renowned sage.,http://id.loc.gov/authorities/subjects/sh85100836,Philosophers,True,0.0,1,0.015921354293823242,,0.123151422,0.080750287,4961,False,8.509362612,7.708466221,Homonymy,N,True,1wzodbsf7y,207,64
sage,M2_a_M1_a,sage_M2,He saw the fragrant sage.,http://id.loc.gov/authorities/subjects/sh85116476,Sage,sage_M1,He saw the wise sage.,http://id.loc.gov/authorities/subjects/sh85100836,Philosophers,False,inf,0,0.451962947845459,,0.329650939,0.115150928,2105,False,7.652070746,7.513105862,Homonymy,N,False,qpgf6y0h0r,221,64
sage,M1_b_M2_a,sage_M1,He saw the renowned sage.,http://id.loc.gov/authorities/subjects/sh85100836,Philosophers,sage_M2,He saw the fragrant sage.,http://id.loc.gov/authorities/subjects/sh85116476,Sage,False,inf,0,0.451962947845459,,0.376201749,0.072128057,1512,False,7.321188557,7.630218243,Homonymy,N,False,d4b99ue0tu,53,64
sage,M2_a_M2_b,sage_M2,He saw the fragrant sage.,http://id.loc.gov/authorities/subjects/sh85116476,Sage,sage_M2,He saw the bushy sage.,http://id.loc.gov/authorities/subjects/sh85116476,Sage,True,0.0,1,0.02673858404159546,,0.041147172,0.045371413,1418,True,7.257002707,7.582614889,Homonymy,N,True,dcy113hjjm,111,64
sage,M1_a_M1_b,sage_M1,He saw the wise sage.,http://id.loc.gov/authorities/subjects/sh85100836,Philosophers,sage_M1,He saw the renowned sage.,http://id.loc.gov/authorities/subjects/sh85100836,Philosophers,True,0.0,1,0.015921354293823242,,0.123151422,0.080750287,1320,True,7.185387016,7.708466221,Homonymy,N,True,h0th05ppt7,173,64
sage,M2_a_M2_b,sage_M2,He saw the fragrant sage.,http://id.loc.gov/authorities/subjects/sh85116476,Sage,sage_M2,He saw the bushy sage.,http://id.loc.gov/authorities/subjects/sh85116476,Sage,True,0.0,1,0.02673858404159546,,0.041147172,0.045371413,1105,True,7.007600614,7.582614889,Homonymy,N,True,bacqef0gje,67,64
sage,M1_b_M1_a,sage_M1,He saw the renowned sage.,http://id.loc.gov/authorities/subjects/sh85100836,Philosophers,sage_M1,He saw the wise sage.,http://id.loc.gov/authorities/subjects/sh85100836,Philosophers,True,0.0,1,0.015921354293823242,,0.123151422,0.080750287,791,True,6.673297968,7.513105862,Homonymy,N,True,p7h7xsjj50,105,64
sage,M2_a_M1_b,sage_M2,He saw the fragrant sage.,http://id.loc.gov/authorities/subjects/sh85116476,Sage,sage_M1,He saw the renowned sage.,http://id.loc.gov/authorities/subjects/sh85100836,Philosophers,False,inf,0,0.451962947845459,,0.376201749,0.072128057,1159,True,7.055312843,7.708466221,Homonymy,N,False,864zg5t8jb,199,64
sage,M2_b_M1_a,sage_M2,He saw the bushy sage.,http://id.loc.gov/authorities/subjects/sh85116476,Sage,sage_M1,He saw the wise sage.,http://id.loc.gov/authorities/subjects/sh85100836,Philosophers,False,inf,0,0.451962947845459,,0.336821139,0.093836427,700,True,6.551080335,7.513105862,Homonymy,N,False,7poq0nl7yt,197,64
sage,M1_b_M2_b,sage_M1,He saw the renowned sage.,http://id.loc.gov/authorities/subjects/sh85100836,Philosophers,sage_M2,He saw the bushy sage.,http://id.loc.gov/authorities/subjects/sh85116476,Sage,False,inf,0,0.451962947845459,,0.394118071,0.083328903,1615,False,7.387090236,7.582614889,Homonymy,N,False,21s95lnz0l,119,64
sage,M2_b_M2_a,sage_M2,He saw the bushy sage.,http://id.loc.gov/authorities/subjects/sh85116476,Sage,sage_M2,He saw the fragrant sage.,http://id.loc.gov/authorities/subjects/sh85116476,Sage,True,0.0,1,0.02673858404159546,,0.041147172,0.045371413,2268,False,7.726653665,7.630218243,Homonymy,N,True,34628l2rmq,135,64
sage,M1_a_M2_a,sage_M1,He saw the wise sage.,http://id.loc.gov/authorities/subjects/sh85100836,Philosophers,sage_M2,He saw the fragrant sage.,http://id.loc.gov/authorities/subjects/sh85116476,Sage,False,inf,0,0.451962947845459,,0.329650939,0.115150928,1445,True,7.275864601,7.630218243,Homonymy,N,False,tzstmyxntu,163,64
sage,M2_a_M1_a,sage_M2,He saw the fragrant sage.,http://id.loc.gov/authorities/subjects/sh85116476,Sage,sage_M1,He saw the wise sage.,http://id.loc.gov/authorities/subjects/sh85100836,Philosophers,False,inf,0,0.451962947845459,,0.329650939,0.115150928,2617,True,7.869783903,7.513105862,Homonymy,N,False,3uxmxe02py,181,64
sage,M1_a_M1_b,sage_M1,He saw the wise sage.,http://id.loc.gov/authorities/subjects/sh85100836,Philosophers,sage_M1,He saw the renowned sage.,http://id.loc.gov/authorities/subjects/sh85100836,Philosophers,True,0.0,1,0.015921354293823242,,0.123151422,0.080750287,1117,True,7.018401799,7.708466221,Homonymy,N,True,guqltyqrjz,169,64
sage,M1_b_M1_a,sage_M1,He saw the renowned sage.,http://id.loc.gov/authorities/subjects/sh85100836,Philosophers,sage_M1,He saw the wise sage.,http://id.loc.gov/authorities/subjects/sh85100836,Philosophers,True,0.0,1,0.015921354293823242,,0.123151422,0.080750287,1432,True,7.266827348,7.513105862,Homonymy,N,True,jwcxuk91x6,251,64
sage,M2_b_M1_a,sage_M2,He saw the bushy sage.,http://id.loc.gov/authorities/subjects/sh85116476,Sage,sage_M1,He saw the wise sage.,http://id.loc.gov/authorities/subjects/sh85100836,Philosophers,False,inf,0,0.451962947845459,,0.336821139,0.093836427,747,False,6.616065185,7.513105862,Homonymy,N,False,k9k5bl7bsa,197,64
sage,M2_b_M1_a,sage_M2,He saw the bushy sage.,http://id.loc.gov/authorities/subjects/sh85116476,Sage,sage_M1,He saw the wise sage.,http://id.loc.gov/authorities/subjects/sh85100836,Philosophers,False,inf,0,0.451962947845459,,0.336821139,0.093836427,826,False,6.716594774,7.513105862,Homonymy,N,False,o40xglp55j,153,64
sage,M1_b_M2_a,sage_M1,He saw the renowned sage.,http://id.loc.gov/authorities/subjects/sh85100836,Philosophers,sage_M2,He saw the fragrant sage.,http://id.loc.gov/authorities/subjects/sh85116476,Sage,False,inf,0,0.451962947845459,,0.376201749,0.072128057,1256,False,7.135687347,7.630218243,Homonymy,N,False,xdomj2pout,233,64
sage,M2_b_M2_a,sage_M2,He saw the bushy sage.,http://id.loc.gov/authorities/subjects/sh85116476,Sage,sage_M2,He saw the fragrant sage.,http://id.loc.gov/authorities/subjects/sh85116476,Sage,True,0.0,1,0.02673858404159546,,0.041147172,0.045371413,753,True,6.624065228,7.630218243,Homonymy,N,True,rln6tvgsn6,65,64
sage,M1_b_M2_a,sage_M1,He saw the renowned sage.,http://id.loc.gov/authorities/subjects/sh85100836,Philosophers,sage_M2,He saw the fragrant sage.,http://id.loc.gov/authorities/subjects/sh85116476,Sage,False,inf,0,0.451962947845459,,0.376201749,0.072128057,2791,True,7.934155234,7.630218243,Homonymy,N,False,tb47bk2csv,75,64
sage,M1_a_M1_b,sage_M1,He saw the wise sage.,http://id.loc.gov/authorities/subjects/sh85100836,Philosophers,sage_M1,He saw the renowned sage.,http://id.loc.gov/authorities/subjects/sh85100836,Philosophers,True,0.0,1,0.015921354293823242,,0.123151422,0.080750287,1311,False,7.178545484,7.708466221,Homonymy,N,True,gtj74gj1hs,187,64
sage,M1_a_M2_b,sage_M1,He saw the wise sage.,http://id.loc.gov/authorities/subjects/sh85100836,Philosophers,sage_M2,He saw the bushy sage.,http://id.loc.gov/authorities/subjects/sh85116476,Sage,False,inf,0,0.451962947845459,,0.336821139,0.093836427,1935,False,7.567862605,7.582614889,Homonymy,N,False,kzt7mhlhq0,155,64
sage,M2_b_M2_a,sage_M2,He saw the bushy sage.,http://id.loc.gov/authorities/subjects/sh85116476,Sage,sage_M2,He saw the fragrant sage.,http://id.loc.gov/authorities/subjects/sh85116476,Sage,True,0.0,1,0.02673858404159546,,0.041147172,0.045371413,813,True,6.70073111,7.630218243,Homonymy,N,True,phcg9go4je,251,64
sage,M1_a_M1_b,sage_M1,He saw the wise sage.,http://id.loc.gov/authorities/subjects/sh85100836,Philosophers,sage_M1,He saw the renowned sage.,http://id.loc.gov/authorities/subjects/sh85100836,Philosophers,True,0.0,1,0.015921354293823242,,0.123151422,0.080750287,1112,True,7.013915475,7.708466221,Homonymy,N,True,14y9ru14du,193,64
sage,M2_a_M1_b,sage_M2,He saw the fragrant sage.,http://id.loc.gov/authorities/subjects/sh85116476,Sage,sage_M1,He saw the renowned sage.,http://id.loc.gov/authorities/subjects/sh85100836,Philosophers,False,inf,0,0.451962947845459,,0.376201749,0.072128057,1461,True,7.286876412,7.708466221,Homonymy,N,False,z2n4w2lvuj,53,64
sage,M1_a_M2_a,sage_M1,He saw the wise sage.,http://id.loc.gov/authorities/subjects/sh85100836,Philosophers,sage_M2,He saw the fragrant sage.,http://id.loc.gov/authorities/subjects/sh85116476,Sage,False,inf,0,0.451962947845459,,0.329650939,0.115150928,815,True,6.703188113,7.630218243,Homonymy,N,False,rgkj29k85f,79,64
sage,M1_b_M2_a,sage_M1,He saw the renowned sage.,http://id.loc.gov/authorities/subjects/sh85100836,Philosophers,sage_M2,He saw the fragrant sage.,http://id.loc.gov/authorities/subjects/sh85116476,Sage,False,inf,0,0.451962947845459,,0.376201749,0.072128057,1011,True,6.918695219,7.630218243,Homonymy,N,False,ylr2c47dx9,77,64
sage,M2_a_M1_b,sage_M2,He saw the fragrant sage.,http://id.loc.gov/authorities/subjects/sh85116476,Sage,sage_M1,He saw the renowned sage.,http://id.loc.gov/authorities/subjects/sh85100836,Philosophers,False,inf,0,0.451962947845459,,0.376201749,0.072128057,1485,True,7.303170051,7.708466221,Homonymy,N,False,kzat707d4c,183,64
sage,M1_b_M2_a,sage_M1,He saw the renowned sage.,http://id.loc.gov/authorities/subjects/sh85100836,Philosophers,sage_M2,He saw the fragrant sage.,http://id.loc.gov/authorities/subjects/sh85116476,Sage,False,inf,0,0.451962947845459,,0.376201749,0.072128057,1291,False,7.163172391,7.630218243,Homonymy,N,False,11s3zyvhm4,35,64
sage,M2_b_M2_a,sage_M2,He saw the bushy sage.,http://id.loc.gov/authorities/subjects/sh85116476,Sage,sage_M2,He saw the fragrant sage.,http://id.loc.gov/authorities/subjects/sh85116476,Sage,True,0.0,1,0.02673858404159546,,0.041147172,0.045371413,837,True,6.72982407,7.630218243,Homonymy,N,True,4ntjz706ef,201,64
sage,M1_b_M2_b,sage_M1,He saw the renowned sage.,http://id.loc.gov/authorities/subjects/sh85100836,Philosophers,sage_M2,He saw the bushy sage.,http://id.loc.gov/authorities/subjects/sh85116476,Sage,False,inf,0,0.451962947845459,,0.394118071,0.083328903,1552,True,7.347299701,7.582614889,Homonymy,N,False,ppv7uctwr1,213,64
sage,M2_a_M1_a,sage_M2,He saw the fragrant sage.,http://id.loc.gov/authorities/subjects/sh85116476,Sage,sage_M1,He saw the wise sage.,http://id.loc.gov/authorities/subjects/sh85100836,Philosophers,False,inf,0,0.451962947845459,,0.329650939,0.115150928,1175,True,7.069023427,7.513105862,Homonymy,N,False,6lbv5uhykm,193,64
sage,M1_a_M1_b,sage_M1,He saw the wise sage.,http://id.loc.gov/authorities/subjects/sh85100836,Philosophers,sage_M1,He saw the renowned sage.,http://id.loc.gov/authorities/subjects/sh85100836,Philosophers,True,0.0,1,0.015921354293823242,,0.123151422,0.080750287,1320,True,7.185387016,7.708466221,Homonymy,N,True,68a6hn4uvz,79,64
sage,M1_b_M2_a,sage_M1,He saw the renowned sage.,http://id.loc.gov/authorities/subjects/sh85100836,Philosophers,sage_M2,He saw the fragrant sage.,http://id.loc.gov/authorities/subjects/sh85116476,Sage,False,inf,0,0.451962947845459,,0.376201749,0.072128057,866,False,6.763884909,7.630218243,Homonymy,N,False,2r8jyhe7un,59,64
sage,M2_a_M1_b,sage_M2,He saw the fragrant sage.,http://id.loc.gov/authorities/subjects/sh85116476,Sage,sage_M1,He saw the renowned sage.,http://id.loc.gov/authorities/subjects/sh85100836,Philosophers,False,inf,0,0.451962947845459,,0.376201749,0.072128057,3454,False,8.147288259,7.708466221,Homonymy,N,False,r1c2epbxzl,183,64
sage,M1_b_M1_a,sage_M1,He saw the renowned sage.,http://id.loc.gov/authorities/subjects/sh85100836,Philosophers,sage_M1,He saw the wise sage.,http://id.loc.gov/authorities/subjects/sh85100836,Philosophers,True,0.0,1,0.015921354293823242,,0.123151422,0.080750287,1118,True,7.019296654,7.513105862,Homonymy,N,True,4e6rrg22h5,203,64
sage,M2_b_M1_a,sage_M2,He saw the bushy sage.,http://id.loc.gov/authorities/subjects/sh85116476,Sage,sage_M1,He saw the wise sage.,http://id.loc.gov/authorities/subjects/sh85100836,Philosophers,False,inf,0,0.451962947845459,,0.336821139,0.093836427,869,False,6.767343125,7.513105862,Homonymy,N,False,vc2ac751cz,39,64
sage,M2_b_M1_a,sage_M2,He saw the bushy sage.,http://id.loc.gov/authorities/subjects/sh85116476,Sage,sage_M1,He saw the wise sage.,http://id.loc.gov/authorities/subjects/sh85100836,Philosophers,False,inf,0,0.451962947845459,,0.336821139,0.093836427,1604,False,7.380255788,7.513105862,Homonymy,N,False,vxyw6621ka,205,64
sage,M2_a_M2_b,sage_M2,He saw the fragrant sage.,http://id.loc.gov/authorities/subjects/sh85116476,Sage,sage_M2,He saw the bushy sage.,http://id.loc.gov/authorities/subjects/sh85116476,Sage,True,0.0,1,0.02673858404159546,,0.041147172,0.045371413,1520,False,7.326465614,7.582614889,Homonymy,N,True,jls43v8rj0,175,64
sage,M2_b_M1_a,sage_M2,He saw the bushy sage.,http://id.loc.gov/authorities/subjects/sh85116476,Sage,sage_M1,He saw the wise sage.,http://id.loc.gov/authorities/subjects/sh85100836,Philosophers,False,inf,0,0.451962947845459,,0.336821139,0.093836427,1011,True,6.918695219,7.513105862,Homonymy,N,False,ne1wq8w4qw,75,64
sage,M2_b_M1_b,sage_M2,He saw the bushy sage.,http://id.loc.gov/authorities/subjects/sh85116476,Sage,sage_M1,He saw the renowned sage.,http://id.loc.gov/authorities/subjects/sh85100836,Philosophers,False,inf,0,0.451962947845459,,0.394118071,0.083328903,1385,False,7.233455419,7.708466221,Homonymy,N,False,jrnkr73qqa,43,64
sage,M2_b_M2_a,sage_M2,He saw the bushy sage.,http://id.loc.gov/authorities/subjects/sh85116476,Sage,sage_M2,He saw the fragrant sage.,http://id.loc.gov/authorities/subjects/sh85116476,Sage,True,0.0,1,0.02673858404159546,,0.041147172,0.045371413,965,True,6.872128101,7.630218243,Homonymy,N,True,rxphbopbuk,115,64
sage,M2_a_M1_b,sage_M2,He saw the fragrant sage.,http://id.loc.gov/authorities/subjects/sh85116476,Sage,sage_M1,He saw the renowned sage.,http://id.loc.gov/authorities/subjects/sh85100836,Philosophers,False,inf,0,0.451962947845459,,0.376201749,0.072128057,1148,False,7.045776577,7.708466221,Homonymy,N,False,kgyhdlaomp,109,64
sage,M2_a_M1_b,sage_M2,He saw the fragrant sage.,http://id.loc.gov/authorities/subjects/sh85116476,Sage,sage_M1,He saw the renowned sage.,http://id.loc.gov/authorities/subjects/sh85100836,Philosophers,False,inf,0,0.451962947845459,,0.376201749,0.072128057,3030,False,8.016317899,7.708466221,Homonymy,N,False,lpduruhrnk,103,64
sage,M1_b_M2_b,sage_M1,He saw the renowned sage.,http://id.loc.gov/authorities/subjects/sh85100836,Philosophers,sage_M2,He saw the bushy sage.,http://id.loc.gov/authorities/subjects/sh85116476,Sage,False,inf,0,0.451962947845459,,0.394118071,0.083328903,1778,True,7.483244416,7.582614889,Homonymy,N,False,m7n1h07aw2,237,64
sage,M1_b_M1_a,sage_M1,He saw the renowned sage.,http://id.loc.gov/authorities/subjects/sh85100836,Philosophers,sage_M1,He saw the wise sage.,http://id.loc.gov/authorities/subjects/sh85100836,Philosophers,True,0.0,1,0.015921354293823242,,0.123151422,0.080750287,781,True,6.66057515,7.513105862,Homonymy,N,True,auc5fln1ss,195,64
sage,M2_b_M1_a,sage_M2,He saw the bushy sage.,http://id.loc.gov/authorities/subjects/sh85116476,Sage,sage_M1,He saw the wise sage.,http://id.loc.gov/authorities/subjects/sh85100836,Philosophers,False,inf,0,0.451962947845459,,0.336821139,0.093836427,1253,False,7.133295955,7.513105862,Homonymy,N,False,4zpuq8ud9x,143,64
sage,M2_a_M1_b,sage_M2,He saw the fragrant sage.,http://id.loc.gov/authorities/subjects/sh85116476,Sage,sage_M1,He saw the renowned sage.,http://id.loc.gov/authorities/subjects/sh85100836,Philosophers,False,inf,0,0.451962947845459,,0.376201749,0.072128057,3001,False,8.006700845,7.708466221,Homonymy,N,False,nh9sg3fncc,203,64
sage,M1_b_M2_b,sage_M1,He saw the renowned sage.,http://id.loc.gov/authorities/subjects/sh85100836,Philosophers,sage_M2,He saw the bushy sage.,http://id.loc.gov/authorities/subjects/sh85116476,Sage,False,inf,0,0.451962947845459,,0.394118071,0.083328903,2250,True,7.718685495,7.582614889,Homonymy,N,False,x784e4lcbj,29,64
dinner,M1_b_M1_a,dinner_M1,They liked the light dinner.,http://id.loc.gov/authorities/subjects/sh85038076,Dinners and dining,dinner_M1,They liked the turkey dinner.,http://id.loc.gov/authorities/subjects/sh85038076,Dinners and dining,True,0.0,1,0.01395648717880249,,0.095041096,0.03463757,1144,True,7.042286172,7.34396408,Polysemy,N,True,qck08emfde,69,7
dinner,M1_b_M1_a,dinner_M1,They liked the light dinner.,http://id.loc.gov/authorities/subjects/sh85038076,Dinners and dining,dinner_M1,They liked the turkey dinner.,http://id.loc.gov/authorities/subjects/sh85038076,Dinners and dining,True,0.0,1,0.01395648717880249,,0.095041096,0.03463757,777,True,6.65544035,7.34396408,Polysemy,N,True,78f1p4m7t2,127,7
dinner,M1_a_M2_b,dinner_M1,They liked the turkey dinner.,http://id.loc.gov/authorities/subjects/sh85038076,Dinners and dining,dinner_M2,They liked the anniversary dinner.,http://id.loc.gov/authorities/subjects/sh85044107,Entertaining,False,1.0,1,0.4746795892715454,,0.089506567,0.039854407,996,True,6.903747258,7.428004967,Polysemy,N,False,mwacu22792,239,7
dinner,M2_a_M1_b,dinner_M2,They liked the formal dinner.,http://id.loc.gov/authorities/subjects/sh85044107,Entertaining,dinner_M1,They liked the light dinner.,http://id.loc.gov/authorities/subjects/sh85038076,Dinners and dining,False,1.0,1,0.4746795892715454,,0.075368047,0.057322264,1402,True,7.245655068,7.45371391,Polysemy,N,False,so1m7krwy9,113,7
dinner,M2_a_M1_b,dinner_M2,They liked the formal dinner.,http://id.loc.gov/authorities/subjects/sh85044107,Entertaining,dinner_M1,They liked the light dinner.,http://id.loc.gov/authorities/subjects/sh85038076,Dinners and dining,False,1.0,1,0.4746795892715454,,0.075368047,0.057322264,1984,True,7.592870288,7.45371391,Polysemy,N,False,bjdam1cm56,157,7
dinner,M2_a_M1_a,dinner_M2,They liked the formal dinner.,http://id.loc.gov/authorities/subjects/sh85044107,Entertaining,dinner_M1,They liked the turkey dinner.,http://id.loc.gov/authorities/subjects/sh85038076,Dinners and dining,False,1.0,1,0.4746795892715454,,0.122385681,0.069369137,1041,False,6.947937069,7.34396408,Polysemy,N,False,b3kl0cgv2r,159,7
dinner,M2_b_M1_b,dinner_M2,They liked the anniversary dinner.,http://id.loc.gov/authorities/subjects/sh85044107,Entertaining,dinner_M1,They liked the light dinner.,http://id.loc.gov/authorities/subjects/sh85038076,Dinners and dining,False,1.0,1,0.4746795892715454,,0.128708661,0.041846991,1946,True,7.573531263,7.45371391,Polysemy,N,False,sn1yu7vsxd,99,7
dinner,M2_a_M2_b,dinner_M2,They liked the formal dinner.,http://id.loc.gov/authorities/subjects/sh85044107,Entertaining,dinner_M2,They liked the anniversary dinner.,http://id.loc.gov/authorities/subjects/sh85044107,Entertaining,True,0.0,1,0.02497124671936035,,0.063754916,0.054771185,1040,True,6.946975992,7.428004967,Polysemy,N,True,xqssc38w0c,143,7
dinner,M2_a_M2_b,dinner_M2,They liked the formal dinner.,http://id.loc.gov/authorities/subjects/sh85044107,Entertaining,dinner_M2,They liked the anniversary dinner.,http://id.loc.gov/authorities/subjects/sh85044107,Entertaining,True,0.0,1,0.02497124671936035,,0.063754916,0.054771185,959,True,6.865891075,7.428004967,Polysemy,N,True,h6swhj4mme,199,7
dinner,M2_b_M2_a,dinner_M2,They liked the anniversary dinner.,http://id.loc.gov/authorities/subjects/sh85044107,Entertaining,dinner_M2,They liked the formal dinner.,http://id.loc.gov/authorities/subjects/sh85044107,Entertaining,True,0.0,1,0.02497124671936035,,0.063754916,0.054771185,914,True,6.817830571,7.37703888,Polysemy,N,True,p5fnydw94c,177,7
dinner,M1_a_M2_a,dinner_M1,They liked the turkey dinner.,http://id.loc.gov/authorities/subjects/sh85038076,Dinners and dining,dinner_M2,They liked the formal dinner.,http://id.loc.gov/authorities/subjects/sh85044107,Entertaining,False,1.0,1,0.4746795892715454,,0.122385681,0.069369137,662,True,6.495265556,7.37703888,Polysemy,N,False,dbd0l1933k,209,7
dinner,M2_a_M2_b,dinner_M2,They liked the formal dinner.,http://id.loc.gov/authorities/subjects/sh85044107,Entertaining,dinner_M2,They liked the anniversary dinner.,http://id.loc.gov/authorities/subjects/sh85044107,Entertaining,True,0.0,1,0.02497124671936035,,0.063754916,0.054771185,3804,True,8.243808424,7.428004967,Polysemy,N,True,spkx08cwjj,29,7
dinner,M2_b_M1_a,dinner_M2,They liked the anniversary dinner.,http://id.loc.gov/authorities/subjects/sh85044107,Entertaining,dinner_M1,They liked the turkey dinner.,http://id.loc.gov/authorities/subjects/sh85038076,Dinners and dining,False,1.0,1,0.4746795892715454,,0.089506567,0.039854407,966,True,6.873163834,7.34396408,Polysemy,N,False,hdquts93lv,223,7
dinner,M2_b_M2_a,dinner_M2,They liked the anniversary dinner.,http://id.loc.gov/authorities/subjects/sh85044107,Entertaining,dinner_M2,They liked the formal dinner.,http://id.loc.gov/authorities/subjects/sh85044107,Entertaining,True,0.0,1,0.02497124671936035,,0.063754916,0.054771185,1184,True,7.076653815,7.37703888,Polysemy,N,True,flr5bk7hm2,103,7
dinner,M1_b_M2_a,dinner_M1,They liked the light dinner.,http://id.loc.gov/authorities/subjects/sh85038076,Dinners and dining,dinner_M2,They liked the formal dinner.,http://id.loc.gov/authorities/subjects/sh85044107,Entertaining,False,1.0,1,0.4746795892715454,,0.075368047,0.057322264,1299,True,7.169350017,7.37703888,Polysemy,N,False,wdgq8cekjp,91,7
dinner,M2_b_M1_b,dinner_M2,They liked the anniversary dinner.,http://id.loc.gov/authorities/subjects/sh85044107,Entertaining,dinner_M1,They liked the light dinner.,http://id.loc.gov/authorities/subjects/sh85038076,Dinners and dining,False,1.0,1,0.4746795892715454,,0.128708661,0.041846991,2091,False,7.645397699,7.45371391,Polysemy,N,False,3lr2j29be7,213,7
dinner,M1_a_M1_b,dinner_M1,They liked the turkey dinner.,http://id.loc.gov/authorities/subjects/sh85038076,Dinners and dining,dinner_M1,They liked the light dinner.,http://id.loc.gov/authorities/subjects/sh85038076,Dinners and dining,True,0.0,1,0.01395648717880249,,0.095041096,0.03463757,1002,True,6.909753282,7.45371391,Polysemy,N,True,se4vr7yp8v,181,7
dinner,M2_a_M1_a,dinner_M2,They liked the formal dinner.,http://id.loc.gov/authorities/subjects/sh85044107,Entertaining,dinner_M1,They liked the turkey dinner.,http://id.loc.gov/authorities/subjects/sh85038076,Dinners and dining,False,1.0,1,0.4746795892715454,,0.122385681,0.069369137,902,True,6.80461452,7.34396408,Polysemy,N,False,r5r8zoalta,177,7
dinner,M1_a_M2_a,dinner_M1,They liked the turkey dinner.,http://id.loc.gov/authorities/subjects/sh85038076,Dinners and dining,dinner_M2,They liked the formal dinner.,http://id.loc.gov/authorities/subjects/sh85044107,Entertaining,False,1.0,1,0.4746795892715454,,0.122385681,0.069369137,679,True,6.520621128,7.37703888,Polysemy,N,False,961ytz4h4r,149,7
dinner,M2_b_M1_b,dinner_M2,They liked the anniversary dinner.,http://id.loc.gov/authorities/subjects/sh85044107,Entertaining,dinner_M1,They liked the light dinner.,http://id.loc.gov/authorities/subjects/sh85038076,Dinners and dining,False,1.0,1,0.4746795892715454,,0.128708661,0.041846991,1120,True,7.021083964,7.45371391,Polysemy,N,False,evdgzy3cvj,161,7
dinner,M1_a_M2_b,dinner_M1,They liked the turkey dinner.,http://id.loc.gov/authorities/subjects/sh85038076,Dinners and dining,dinner_M2,They liked the anniversary dinner.,http://id.loc.gov/authorities/subjects/sh85044107,Entertaining,False,1.0,1,0.4746795892715454,,0.089506567,0.039854407,655,True,6.484635236,7.428004967,Polysemy,N,False,meoc92246n,221,7
dinner,M1_a_M2_b,dinner_M1,They liked the turkey dinner.,http://id.loc.gov/authorities/subjects/sh85038076,Dinners and dining,dinner_M2,They liked the anniversary dinner.,http://id.loc.gov/authorities/subjects/sh85044107,Entertaining,False,1.0,1,0.4746795892715454,,0.089506567,0.039854407,1107,True,7.009408933,7.428004967,Polysemy,N,False,0jrp4p98ro,135,7
dinner,M2_b_M1_b,dinner_M2,They liked the anniversary dinner.,http://id.loc.gov/authorities/subjects/sh85044107,Entertaining,dinner_M1,They liked the light dinner.,http://id.loc.gov/authorities/subjects/sh85038076,Dinners and dining,False,1.0,1,0.4746795892715454,,0.128708661,0.041846991,1640,True,7.402451521,7.45371391,Polysemy,N,False,tfq4ylwp1x,111,7
dinner,M2_b_M1_b,dinner_M2,They liked the anniversary dinner.,http://id.loc.gov/authorities/subjects/sh85044107,Entertaining,dinner_M1,They liked the light dinner.,http://id.loc.gov/authorities/subjects/sh85038076,Dinners and dining,False,1.0,1,0.4746795892715454,,0.128708661,0.041846991,2773,True,7.927685046,7.45371391,Polysemy,N,False,nuoxoyemfp,249,7
dinner,M1_b_M1_a,dinner_M1,They liked the light dinner.,http://id.loc.gov/authorities/subjects/sh85038076,Dinners and dining,dinner_M1,They liked the turkey dinner.,http://id.loc.gov/authorities/subjects/sh85038076,Dinners and dining,True,0.0,1,0.01395648717880249,,0.095041096,0.03463757,878,True,6.777646594,7.34396408,Polysemy,N,True,69bk8m4fc2,197,7
dinner,M1_a_M2_b,dinner_M1,They liked the turkey dinner.,http://id.loc.gov/authorities/subjects/sh85038076,Dinners and dining,dinner_M2,They liked the anniversary dinner.,http://id.loc.gov/authorities/subjects/sh85044107,Entertaining,False,1.0,1,0.4746795892715454,,0.089506567,0.039854407,905,True,6.807934944,7.428004967,Polysemy,N,False,j9vhr9vzec,93,7
dinner,M1_a_M1_b,dinner_M1,They liked the turkey dinner.,http://id.loc.gov/authorities/subjects/sh85038076,Dinners and dining,dinner_M1,They liked the light dinner.,http://id.loc.gov/authorities/subjects/sh85038076,Dinners and dining,True,0.0,1,0.01395648717880249,,0.095041096,0.03463757,1892,True,7.54538975,7.45371391,Polysemy,N,True,kfp2rkd57s,157,7
dinner,M1_b_M2_a,dinner_M1,They liked the light dinner.,http://id.loc.gov/authorities/subjects/sh85038076,Dinners and dining,dinner_M2,They liked the formal dinner.,http://id.loc.gov/authorities/subjects/sh85044107,Entertaining,False,1.0,1,0.4746795892715454,,0.075368047,0.057322264,1211,True,7.099201744,7.37703888,Polysemy,N,False,gdwec44k4r,109,7
dinner,M1_b_M2_b,dinner_M1,They liked the light dinner.,http://id.loc.gov/authorities/subjects/sh85038076,Dinners and dining,dinner_M2,They liked the anniversary dinner.,http://id.loc.gov/authorities/subjects/sh85044107,Entertaining,False,1.0,1,0.4746795892715454,,0.128708661,0.041846991,822,True,6.711740395,7.428004967,Polysemy,N,False,z02r2dprrd,153,7
dinner,M2_a_M1_a,dinner_M2,They liked the formal dinner.,http://id.loc.gov/authorities/subjects/sh85044107,Entertaining,dinner_M1,They liked the turkey dinner.,http://id.loc.gov/authorities/subjects/sh85038076,Dinners and dining,False,1.0,1,0.4746795892715454,,0.122385681,0.069369137,2471,True,7.812378206,7.34396408,Polysemy,N,False,qtxcwuzoo4,33,7
dinner,M1_b_M2_a,dinner_M1,They liked the light dinner.,http://id.loc.gov/authorities/subjects/sh85038076,Dinners and dining,dinner_M2,They liked the formal dinner.,http://id.loc.gov/authorities/subjects/sh85044107,Entertaining,False,1.0,1,0.4746795892715454,,0.075368047,0.057322264,762,True,6.635946556,7.37703888,Polysemy,N,False,emcqel00x3,143,7
dinner,M2_a_M2_b,dinner_M2,They liked the formal dinner.,http://id.loc.gov/authorities/subjects/sh85044107,Entertaining,dinner_M2,They liked the anniversary dinner.,http://id.loc.gov/authorities/subjects/sh85044107,Entertaining,True,0.0,1,0.02497124671936035,,0.063754916,0.054771185,2906,True,7.974532844,7.428004967,Polysemy,N,True,zjgl4twyhs,63,7
dinner,M1_b_M2_a,dinner_M1,They liked the light dinner.,http://id.loc.gov/authorities/subjects/sh85038076,Dinners and dining,dinner_M2,They liked the formal dinner.,http://id.loc.gov/authorities/subjects/sh85044107,Entertaining,False,1.0,1,0.4746795892715454,,0.075368047,0.057322264,1047,True,6.953684211,7.37703888,Polysemy,N,False,somzvrxnz4,151,7
dinner,M2_b_M2_a,dinner_M2,They liked the anniversary dinner.,http://id.loc.gov/authorities/subjects/sh85044107,Entertaining,dinner_M2,They liked the formal dinner.,http://id.loc.gov/authorities/subjects/sh85044107,Entertaining,True,0.0,1,0.02497124671936035,,0.063754916,0.054771185,779,True,6.658011046,7.37703888,Polysemy,N,True,hs560646yd,217,7
dinner,M1_b_M2_a,dinner_M1,They liked the light dinner.,http://id.loc.gov/authorities/subjects/sh85038076,Dinners and dining,dinner_M2,They liked the formal dinner.,http://id.loc.gov/authorities/subjects/sh85044107,Entertaining,False,1.0,1,0.4746795892715454,,0.075368047,0.057322264,685,True,6.529418838,7.37703888,Polysemy,N,False,ygz7kz72u2,211,7
dinner,M2_b_M2_a,dinner_M2,They liked the anniversary dinner.,http://id.loc.gov/authorities/subjects/sh85044107,Entertaining,dinner_M2,They liked the formal dinner.,http://id.loc.gov/authorities/subjects/sh85044107,Entertaining,True,0.0,1,0.02497124671936035,,0.063754916,0.054771185,1427,True,7.263329617,7.37703888,Polysemy,N,True,unzj7yx25l,165,7
dinner,M2_a_M1_a,dinner_M2,They liked the formal dinner.,http://id.loc.gov/authorities/subjects/sh85044107,Entertaining,dinner_M1,They liked the turkey dinner.,http://id.loc.gov/authorities/subjects/sh85038076,Dinners and dining,False,1.0,1,0.4746795892715454,,0.122385681,0.069369137,1030,True,6.937314081,7.34396408,Polysemy,N,False,gdlhwqulft,83,7
dinner,M2_a_M1_b,dinner_M2,They liked the formal dinner.,http://id.loc.gov/authorities/subjects/sh85044107,Entertaining,dinner_M1,They liked the light dinner.,http://id.loc.gov/authorities/subjects/sh85038076,Dinners and dining,False,1.0,1,0.4746795892715454,,0.075368047,0.057322264,1010,True,6.91770561,7.45371391,Polysemy,N,False,prlu1sa9my,199,7
dinner,M2_b_M1_a,dinner_M2,They liked the anniversary dinner.,http://id.loc.gov/authorities/subjects/sh85044107,Entertaining,dinner_M1,They liked the turkey dinner.,http://id.loc.gov/authorities/subjects/sh85038076,Dinners and dining,False,1.0,1,0.4746795892715454,,0.089506567,0.039854407,2431,True,7.796057974,7.34396408,Polysemy,N,False,79d4rp4wbh,77,7
dinner,M2_a_M1_b,dinner_M2,They liked the formal dinner.,http://id.loc.gov/authorities/subjects/sh85044107,Entertaining,dinner_M1,They liked the light dinner.,http://id.loc.gov/authorities/subjects/sh85038076,Dinners and dining,False,1.0,1,0.4746795892715454,,0.075368047,0.057322264,1395,False,7.240649694,7.45371391,Polysemy,N,False,2usccf4uxc,47,7
dinner,M2_b_M1_a,dinner_M2,They liked the anniversary dinner.,http://id.loc.gov/authorities/subjects/sh85044107,Entertaining,dinner_M1,They liked the turkey dinner.,http://id.loc.gov/authorities/subjects/sh85038076,Dinners and dining,False,1.0,1,0.4746795892715454,,0.089506567,0.039854407,783,True,6.663132696,7.34396408,Polysemy,N,False,w18v804q9v,221,7
dinner,M2_a_M1_a,dinner_M2,They liked the formal dinner.,http://id.loc.gov/authorities/subjects/sh85044107,Entertaining,dinner_M1,They liked the turkey dinner.,http://id.loc.gov/authorities/subjects/sh85038076,Dinners and dining,False,1.0,1,0.4746795892715454,,0.122385681,0.069369137,1106,True,7.008505182,7.34396408,Polysemy,N,False,sndaggja6a,77,7
dinner,M2_a_M1_b,dinner_M2,They liked the formal dinner.,http://id.loc.gov/authorities/subjects/sh85044107,Entertaining,dinner_M1,They liked the light dinner.,http://id.loc.gov/authorities/subjects/sh85038076,Dinners and dining,False,1.0,1,0.4746795892715454,,0.075368047,0.057322264,1379,True,7.229113878,7.45371391,Polysemy,N,False,l4avquduxt,81,7
dinner,M1_b_M2_b,dinner_M1,They liked the light dinner.,http://id.loc.gov/authorities/subjects/sh85038076,Dinners and dining,dinner_M2,They liked the anniversary dinner.,http://id.loc.gov/authorities/subjects/sh85044107,Entertaining,False,1.0,1,0.4746795892715454,,0.128708661,0.041846991,1062,True,6.967909202,7.428004967,Polysemy,N,False,dthp9ekqaq,71,7
dinner,M2_b_M1_b,dinner_M2,They liked the anniversary dinner.,http://id.loc.gov/authorities/subjects/sh85044107,Entertaining,dinner_M1,They liked the light dinner.,http://id.loc.gov/authorities/subjects/sh85038076,Dinners and dining,False,1.0,1,0.4746795892715454,,0.128708661,0.041846991,2635,False,7.876638461,7.45371391,Polysemy,N,False,3focjo2q2y,87,7
dinner,M2_b_M2_a,dinner_M2,They liked the anniversary dinner.,http://id.loc.gov/authorities/subjects/sh85044107,Entertaining,dinner_M2,They liked the formal dinner.,http://id.loc.gov/authorities/subjects/sh85044107,Entertaining,True,0.0,1,0.02497124671936035,,0.063754916,0.054771185,662,True,6.495265556,7.37703888,Polysemy,N,True,dol693zfl0,159,7
dinner,M2_a_M1_b,dinner_M2,They liked the formal dinner.,http://id.loc.gov/authorities/subjects/sh85044107,Entertaining,dinner_M1,They liked the light dinner.,http://id.loc.gov/authorities/subjects/sh85038076,Dinners and dining,False,1.0,1,0.4746795892715454,,0.075368047,0.057322264,1800,True,7.495541944,7.45371391,Polysemy,N,False,rrf38z917v,89,7
dinner,M1_a_M1_b,dinner_M1,They liked the turkey dinner.,http://id.loc.gov/authorities/subjects/sh85038076,Dinners and dining,dinner_M1,They liked the light dinner.,http://id.loc.gov/authorities/subjects/sh85038076,Dinners and dining,True,0.0,1,0.01395648717880249,,0.095041096,0.03463757,1569,True,7.358193753,7.45371391,Polysemy,N,True,1wzodbsf7y,201,7
dinner,M2_a_M1_b,dinner_M2,They liked the formal dinner.,http://id.loc.gov/authorities/subjects/sh85044107,Entertaining,dinner_M1,They liked the light dinner.,http://id.loc.gov/authorities/subjects/sh85038076,Dinners and dining,False,1.0,1,0.4746795892715454,,0.075368047,0.057322264,1061,True,6.966967139,7.45371391,Polysemy,N,False,qpgf6y0h0r,51,7
dinner,M1_a_M2_b,dinner_M1,They liked the turkey dinner.,http://id.loc.gov/authorities/subjects/sh85038076,Dinners and dining,dinner_M2,They liked the anniversary dinner.,http://id.loc.gov/authorities/subjects/sh85044107,Entertaining,False,1.0,1,0.4746795892715454,,0.089506567,0.039854407,1183,True,7.075808864,7.428004967,Polysemy,N,False,h0th05ppt7,55,7
dinner,M1_a_M2_a,dinner_M1,They liked the turkey dinner.,http://id.loc.gov/authorities/subjects/sh85038076,Dinners and dining,dinner_M2,They liked the formal dinner.,http://id.loc.gov/authorities/subjects/sh85044107,Entertaining,False,1.0,1,0.4746795892715454,,0.122385681,0.069369137,1392,True,7.238496841,7.37703888,Polysemy,N,False,ea54kkhdyv,133,7
dinner,M2_b_M1_a,dinner_M2,They liked the anniversary dinner.,http://id.loc.gov/authorities/subjects/sh85044107,Entertaining,dinner_M1,They liked the turkey dinner.,http://id.loc.gov/authorities/subjects/sh85038076,Dinners and dining,False,1.0,1,0.4746795892715454,,0.089506567,0.039854407,718,True,6.576469569,7.34396408,Polysemy,N,False,p7h7xsjj50,225,7
dinner,M1_a_M2_a,dinner_M1,They liked the turkey dinner.,http://id.loc.gov/authorities/subjects/sh85038076,Dinners and dining,dinner_M2,They liked the formal dinner.,http://id.loc.gov/authorities/subjects/sh85044107,Entertaining,False,1.0,1,0.4746795892715454,,0.122385681,0.069369137,919,True,6.823286122,7.37703888,Polysemy,N,False,7poq0nl7yt,223,7
dinner,M1_a_M1_b,dinner_M1,They liked the turkey dinner.,http://id.loc.gov/authorities/subjects/sh85038076,Dinners and dining,dinner_M1,They liked the light dinner.,http://id.loc.gov/authorities/subjects/sh85038076,Dinners and dining,True,0.0,1,0.01395648717880249,,0.095041096,0.03463757,1352,False,7.209340257,7.45371391,Polysemy,N,True,kcv5v2zj80,29,7
dinner,M2_b_M1_b,dinner_M2,They liked the anniversary dinner.,http://id.loc.gov/authorities/subjects/sh85044107,Entertaining,dinner_M1,They liked the light dinner.,http://id.loc.gov/authorities/subjects/sh85038076,Dinners and dining,False,1.0,1,0.4746795892715454,,0.128708661,0.041846991,1763,True,7.474772182,7.45371391,Polysemy,N,False,skb4uv2kf9,123,7
dinner,M1_a_M1_b,dinner_M1,They liked the turkey dinner.,http://id.loc.gov/authorities/subjects/sh85038076,Dinners and dining,dinner_M1,They liked the light dinner.,http://id.loc.gov/authorities/subjects/sh85038076,Dinners and dining,True,0.0,1,0.01395648717880249,,0.095041096,0.03463757,1436,True,7.26961675,7.45371391,Polysemy,N,True,246unkcyak,103,7
dinner,M1_a_M2_b,dinner_M1,They liked the turkey dinner.,http://id.loc.gov/authorities/subjects/sh85038076,Dinners and dining,dinner_M2,They liked the anniversary dinner.,http://id.loc.gov/authorities/subjects/sh85044107,Entertaining,False,1.0,1,0.4746795892715454,,0.089506567,0.039854407,2952,False,7.990238186,7.428004967,Polysemy,N,False,34628l2rmq,79,7
dinner,M1_b_M2_a,dinner_M1,They liked the light dinner.,http://id.loc.gov/authorities/subjects/sh85038076,Dinners and dining,dinner_M2,They liked the formal dinner.,http://id.loc.gov/authorities/subjects/sh85044107,Entertaining,False,1.0,1,0.4746795892715454,,0.075368047,0.057322264,1074,True,6.979145275,7.37703888,Polysemy,N,False,02cpp7rcbk,147,7
dinner,M1_b_M2_b,dinner_M1,They liked the light dinner.,http://id.loc.gov/authorities/subjects/sh85038076,Dinners and dining,dinner_M2,They liked the anniversary dinner.,http://id.loc.gov/authorities/subjects/sh85044107,Entertaining,False,1.0,1,0.4746795892715454,,0.128708661,0.041846991,905,True,6.807934944,7.428004967,Polysemy,N,False,a0u2yg5j7e,95,7
dinner,M2_b_M1_a,dinner_M2,They liked the anniversary dinner.,http://id.loc.gov/authorities/subjects/sh85044107,Entertaining,dinner_M1,They liked the turkey dinner.,http://id.loc.gov/authorities/subjects/sh85038076,Dinners and dining,False,1.0,1,0.4746795892715454,,0.089506567,0.039854407,2562,True,7.848543482,7.34396408,Polysemy,N,False,11pz67y2jv,71,7
dinner,M2_a_M2_b,dinner_M2,They liked the formal dinner.,http://id.loc.gov/authorities/subjects/sh85044107,Entertaining,dinner_M2,They liked the anniversary dinner.,http://id.loc.gov/authorities/subjects/sh85044107,Entertaining,True,0.0,1,0.02497124671936035,,0.063754916,0.054771185,1016,True,6.923628628,7.428004967,Polysemy,N,True,3uxmxe02py,239,7
dinner,M1_b_M2_a,dinner_M1,They liked the light dinner.,http://id.loc.gov/authorities/subjects/sh85038076,Dinners and dining,dinner_M2,They liked the formal dinner.,http://id.loc.gov/authorities/subjects/sh85044107,Entertaining,False,1.0,1,0.4746795892715454,,0.075368047,0.057322264,1032,True,6.939253946,7.37703888,Polysemy,N,False,cpjzep1zv0,97,7
dinner,M1_b_M2_a,dinner_M1,They liked the light dinner.,http://id.loc.gov/authorities/subjects/sh85038076,Dinners and dining,dinner_M2,They liked the formal dinner.,http://id.loc.gov/authorities/subjects/sh85044107,Entertaining,False,1.0,1,0.4746795892715454,,0.075368047,0.057322264,679,True,6.520621128,7.37703888,Polysemy,N,False,du57z90equ,207,7
dinner,M2_b_M2_a,dinner_M2,They liked the anniversary dinner.,http://id.loc.gov/authorities/subjects/sh85044107,Entertaining,dinner_M2,They liked the formal dinner.,http://id.loc.gov/authorities/subjects/sh85044107,Entertaining,True,0.0,1,0.02497124671936035,,0.063754916,0.054771185,518,True,6.249975242,7.37703888,Polysemy,N,True,k9k5bl7bsa,181,7
dinner,M2_a_M1_b,dinner_M2,They liked the formal dinner.,http://id.loc.gov/authorities/subjects/sh85044107,Entertaining,dinner_M1,They liked the light dinner.,http://id.loc.gov/authorities/subjects/sh85038076,Dinners and dining,False,1.0,1,0.4746795892715454,,0.075368047,0.057322264,779,True,6.658011046,7.45371391,Polysemy,N,False,aq8lxy7f2y,173,7
dinner,M2_a_M2_b,dinner_M2,They liked the formal dinner.,http://id.loc.gov/authorities/subjects/sh85044107,Entertaining,dinner_M2,They liked the anniversary dinner.,http://id.loc.gov/authorities/subjects/sh85044107,Entertaining,True,0.0,1,0.02497124671936035,,0.063754916,0.054771185,793,True,6.675823222,7.428004967,Polysemy,N,True,va3hb1mkox,189,7
dinner,M2_a_M1_b,dinner_M2,They liked the formal dinner.,http://id.loc.gov/authorities/subjects/sh85044107,Entertaining,dinner_M1,They liked the light dinner.,http://id.loc.gov/authorities/subjects/sh85038076,Dinners and dining,False,1.0,1,0.4746795892715454,,0.075368047,0.057322264,1056,True,6.962243464,7.45371391,Polysemy,N,False,xdomj2pout,189,7
dinner,M2_b_M1_b,dinner_M2,They liked the anniversary dinner.,http://id.loc.gov/authorities/subjects/sh85044107,Entertaining,dinner_M1,They liked the light dinner.,http://id.loc.gov/authorities/subjects/sh85038076,Dinners and dining,False,1.0,1,0.4746795892715454,,0.128708661,0.041846991,1336,True,7.197435354,7.45371391,Polysemy,N,False,rrded0u35m,157,7
dinner,M2_b_M1_b,dinner_M2,They liked the anniversary dinner.,http://id.loc.gov/authorities/subjects/sh85044107,Entertaining,dinner_M1,They liked the light dinner.,http://id.loc.gov/authorities/subjects/sh85038076,Dinners and dining,False,1.0,1,0.4746795892715454,,0.128708661,0.041846991,1565,False,7.355641103,7.45371391,Polysemy,N,False,tb47bk2csv,161,7
dinner,M1_b_M2_b,dinner_M1,They liked the light dinner.,http://id.loc.gov/authorities/subjects/sh85038076,Dinners and dining,dinner_M2,They liked the anniversary dinner.,http://id.loc.gov/authorities/subjects/sh85044107,Entertaining,False,1.0,1,0.4746795892715454,,0.128708661,0.041846991,788,True,6.66949809,7.428004967,Polysemy,N,False,gtj74gj1hs,33,7
dinner,M1_b_M2_a,dinner_M1,They liked the light dinner.,http://id.loc.gov/authorities/subjects/sh85038076,Dinners and dining,dinner_M2,They liked the formal dinner.,http://id.loc.gov/authorities/subjects/sh85044107,Entertaining,False,1.0,1,0.4746795892715454,,0.075368047,0.057322264,1023,True,6.930494766,7.37703888,Polysemy,N,False,3mb5qrf7ny,221,7
dinner,M1_b_M2_a,dinner_M1,They liked the light dinner.,http://id.loc.gov/authorities/subjects/sh85038076,Dinners and dining,dinner_M2,They liked the formal dinner.,http://id.loc.gov/authorities/subjects/sh85044107,Entertaining,False,1.0,1,0.4746795892715454,,0.075368047,0.057322264,969,True,6.876264612,7.37703888,Polysemy,N,False,z2n4w2lvuj,205,7
dinner,M2_b_M1_b,dinner_M2,They liked the anniversary dinner.,http://id.loc.gov/authorities/subjects/sh85044107,Entertaining,dinner_M1,They liked the light dinner.,http://id.loc.gov/authorities/subjects/sh85038076,Dinners and dining,False,1.0,1,0.4746795892715454,,0.128708661,0.041846991,1177,False,7.070724107,7.45371391,Polysemy,N,False,kzat707d4c,131,7
dinner,M2_a_M1_b,dinner_M2,They liked the formal dinner.,http://id.loc.gov/authorities/subjects/sh85044107,Entertaining,dinner_M1,They liked the light dinner.,http://id.loc.gov/authorities/subjects/sh85038076,Dinners and dining,False,1.0,1,0.4746795892715454,,0.075368047,0.057322264,1369,True,7.221835825,7.45371391,Polysemy,N,False,zc0tcyzalc,135,7
dinner,M2_a_M2_b,dinner_M2,They liked the formal dinner.,http://id.loc.gov/authorities/subjects/sh85044107,Entertaining,dinner_M2,They liked the anniversary dinner.,http://id.loc.gov/authorities/subjects/sh85044107,Entertaining,True,0.0,1,0.02497124671936035,,0.063754916,0.054771185,978,True,6.88550967,7.428004967,Polysemy,N,True,11s3zyvhm4,177,7
dinner,M2_a_M2_b,dinner_M2,They liked the formal dinner.,http://id.loc.gov/authorities/subjects/sh85044107,Entertaining,dinner_M2,They liked the anniversary dinner.,http://id.loc.gov/authorities/subjects/sh85044107,Entertaining,True,0.0,1,0.02497124671936035,,0.063754916,0.054771185,2204,True,7.69802917,7.428004967,Polysemy,N,True,ppv7uctwr1,49,7
dinner,M2_b_M1_a,dinner_M2,They liked the anniversary dinner.,http://id.loc.gov/authorities/subjects/sh85044107,Entertaining,dinner_M1,They liked the turkey dinner.,http://id.loc.gov/authorities/subjects/sh85038076,Dinners and dining,False,1.0,1,0.4746795892715454,,0.089506567,0.039854407,1199,True,7.089243155,7.34396408,Polysemy,N,False,awnat83w0r,161,7
dinner,M2_b_M1_b,dinner_M2,They liked the anniversary dinner.,http://id.loc.gov/authorities/subjects/sh85044107,Entertaining,dinner_M1,They liked the light dinner.,http://id.loc.gov/authorities/subjects/sh85038076,Dinners and dining,False,1.0,1,0.4746795892715454,,0.128708661,0.041846991,1240,False,7.122866659,7.45371391,Polysemy,N,False,s4hekwenop,111,7
dinner,M2_b_M2_a,dinner_M2,They liked the anniversary dinner.,http://id.loc.gov/authorities/subjects/sh85044107,Entertaining,dinner_M2,They liked the formal dinner.,http://id.loc.gov/authorities/subjects/sh85044107,Entertaining,True,0.0,1,0.02497124671936035,,0.063754916,0.054771185,1368,True,7.221105098,7.37703888,Polysemy,N,True,m6aw5veqof,63,7
dinner,M1_a_M2_a,dinner_M1,They liked the turkey dinner.,http://id.loc.gov/authorities/subjects/sh85038076,Dinners and dining,dinner_M2,They liked the formal dinner.,http://id.loc.gov/authorities/subjects/sh85044107,Entertaining,False,1.0,1,0.4746795892715454,,0.122385681,0.069369137,636,True,6.455198563,7.37703888,Polysemy,N,False,6lbv5uhykm,129,7
dinner,M2_a_M1_a,dinner_M2,They liked the formal dinner.,http://id.loc.gov/authorities/subjects/sh85044107,Entertaining,dinner_M1,They liked the turkey dinner.,http://id.loc.gov/authorities/subjects/sh85038076,Dinners and dining,False,1.0,1,0.4746795892715454,,0.122385681,0.069369137,767,True,6.642486801,7.34396408,Polysemy,N,False,68a6hn4uvz,115,7
dinner,M1_b_M2_a,dinner_M1,They liked the light dinner.,http://id.loc.gov/authorities/subjects/sh85038076,Dinners and dining,dinner_M2,They liked the formal dinner.,http://id.loc.gov/authorities/subjects/sh85044107,Entertaining,False,1.0,1,0.4746795892715454,,0.075368047,0.057322264,851,True,6.746412129,7.37703888,Polysemy,N,False,vc2ac751cz,83,7
dinner,M2_b_M1_b,dinner_M2,They liked the anniversary dinner.,http://id.loc.gov/authorities/subjects/sh85044107,Entertaining,dinner_M1,They liked the light dinner.,http://id.loc.gov/authorities/subjects/sh85038076,Dinners and dining,False,1.0,1,0.4746795892715454,,0.128708661,0.041846991,1975,True,7.588323677,7.45371391,Polysemy,N,False,vxyw6621ka,149,7
dinner,M1_a_M1_b,dinner_M1,They liked the turkey dinner.,http://id.loc.gov/authorities/subjects/sh85038076,Dinners and dining,dinner_M1,They liked the light dinner.,http://id.loc.gov/authorities/subjects/sh85038076,Dinners and dining,True,0.0,1,0.01395648717880249,,0.095041096,0.03463757,1138,True,7.037027615,7.45371391,Polysemy,N,True,4suqxr8zom,127,7
dinner,M1_b_M1_a,dinner_M1,They liked the light dinner.,http://id.loc.gov/authorities/subjects/sh85038076,Dinners and dining,dinner_M1,They liked the turkey dinner.,http://id.loc.gov/authorities/subjects/sh85038076,Dinners and dining,True,0.0,1,0.01395648717880249,,0.095041096,0.03463757,800,True,6.684611728,7.34396408,Polysemy,N,True,xxh77u2udt,119,7
dinner,M2_b_M1_a,dinner_M2,They liked the anniversary dinner.,http://id.loc.gov/authorities/subjects/sh85044107,Entertaining,dinner_M1,They liked the turkey dinner.,http://id.loc.gov/authorities/subjects/sh85038076,Dinners and dining,False,1.0,1,0.4746795892715454,,0.089506567,0.039854407,625,True,6.43775165,7.34396408,Polysemy,N,False,xdapyucpqa,35,7
dinner,M2_a_M2_b,dinner_M2,They liked the formal dinner.,http://id.loc.gov/authorities/subjects/sh85044107,Entertaining,dinner_M2,They liked the anniversary dinner.,http://id.loc.gov/authorities/subjects/sh85044107,Entertaining,True,0.0,1,0.02497124671936035,,0.063754916,0.054771185,1939,True,7.569927655,7.428004967,Polysemy,N,True,kdxs9d2gww,187,7
dinner,M1_a_M2_b,dinner_M1,They liked the turkey dinner.,http://id.loc.gov/authorities/subjects/sh85038076,Dinners and dining,dinner_M2,They liked the anniversary dinner.,http://id.loc.gov/authorities/subjects/sh85044107,Entertaining,False,1.0,1,0.4746795892715454,,0.089506567,0.039854407,848,True,6.742880636,7.428004967,Polysemy,N,False,6g6ama8qck,175,7
dinner,M2_a_M2_b,dinner_M2,They liked the formal dinner.,http://id.loc.gov/authorities/subjects/sh85044107,Entertaining,dinner_M2,They liked the anniversary dinner.,http://id.loc.gov/authorities/subjects/sh85044107,Entertaining,True,0.0,1,0.02497124671936035,,0.063754916,0.054771185,914,True,6.817830571,7.428004967,Polysemy,N,True,rxphbopbuk,167,7
dinner,M2_a_M2_b,dinner_M2,They liked the formal dinner.,http://id.loc.gov/authorities/subjects/sh85044107,Entertaining,dinner_M2,They liked the anniversary dinner.,http://id.loc.gov/authorities/subjects/sh85044107,Entertaining,True,0.0,1,0.02497124671936035,,0.063754916,0.054771185,790,True,6.672032945,7.428004967,Polysemy,N,True,kgyhdlaomp,199,7
dinner,M1_b_M1_a,dinner_M1,They liked the light dinner.,http://id.loc.gov/authorities/subjects/sh85038076,Dinners and dining,dinner_M1,They liked the turkey dinner.,http://id.loc.gov/authorities/subjects/sh85038076,Dinners and dining,True,0.0,1,0.01395648717880249,,0.095041096,0.03463757,1036,True,6.943122423,7.34396408,Polysemy,N,True,etthd39jyc,87,7
dinner,M1_b_M2_a,dinner_M1,They liked the light dinner.,http://id.loc.gov/authorities/subjects/sh85038076,Dinners and dining,dinner_M2,They liked the formal dinner.,http://id.loc.gov/authorities/subjects/sh85044107,Entertaining,False,1.0,1,0.4746795892715454,,0.075368047,0.057322264,946,True,6.852242569,7.37703888,Polysemy,N,False,m7n1h07aw2,145,7
dinner,M1_a_M1_b,dinner_M1,They liked the turkey dinner.,http://id.loc.gov/authorities/subjects/sh85038076,Dinners and dining,dinner_M1,They liked the light dinner.,http://id.loc.gov/authorities/subjects/sh85038076,Dinners and dining,True,0.0,1,0.01395648717880249,,0.095041096,0.03463757,1118,True,7.019296654,7.45371391,Polysemy,N,True,auc5fln1ss,133,7
dinner,M2_b_M2_a,dinner_M2,They liked the anniversary dinner.,http://id.loc.gov/authorities/subjects/sh85044107,Entertaining,dinner_M2,They liked the formal dinner.,http://id.loc.gov/authorities/subjects/sh85044107,Entertaining,True,0.0,1,0.02497124671936035,,0.063754916,0.054771185,1816,True,7.504391559,7.37703888,Polysemy,N,True,4zpuq8ud9x,77,7
dinner,M2_a_M2_b,dinner_M2,They liked the formal dinner.,http://id.loc.gov/authorities/subjects/sh85044107,Entertaining,dinner_M2,They liked the anniversary dinner.,http://id.loc.gov/authorities/subjects/sh85044107,Entertaining,True,0.0,1,0.02497124671936035,,0.063754916,0.054771185,647,True,6.472346295,7.428004967,Polysemy,N,True,x784e4lcbj,161,7
dinner,M1_b_M1_a,dinner_M1,They liked the light dinner.,http://id.loc.gov/authorities/subjects/sh85038076,Dinners and dining,dinner_M1,They liked the turkey dinner.,http://id.loc.gov/authorities/subjects/sh85038076,Dinners and dining,True,0.0,1,0.01395648717880249,,0.095041096,0.03463757,1265,True,7.142827401,7.34396408,Polysemy,N,True,sufdrtgf9g,57,7
tip,M1_a_M2_b,tip_M1,It was a generous tip.,http://id.loc.gov/authorities/subjects/sh85135553,Tipping,tip_M2,It was a finger tip.,http://id.loc.gov/authorities/subjects/sh85048339,Fingers,False,inf,0,0.5675936937332153,,0.304480195,0.091443419,920,False,6.82437367,7.267029436,Homonymy,N,False,qck08emfde,91,101
tip,M1_a_M1_b,tip_M1,It was a generous tip.,http://id.loc.gov/authorities/subjects/sh85135553,Tipping,tip_M1,It was a stingy tip.,http://id.loc.gov/authorities/subjects/sh85135553,Tipping,True,0.0,1,0.09768587350845337,,0.260650516,0.030067265,1438,False,7.271008538,7.569936814,Homonymy,N,True,satgb3rqke,167,101
tip,M1_b_M1_a,tip_M1,It was a stingy tip.,http://id.loc.gov/authorities/subjects/sh85135553,Tipping,tip_M1,It was a generous tip.,http://id.loc.gov/authorities/subjects/sh85135553,Tipping,True,0.0,1,0.09768587350845337,,0.260650516,0.030067265,704,True,6.556778356,7.121235056,Homonymy,N,True,urq6h944hm,165,101
tip,M2_a_M2_b,tip_M2,It was a pencil tip.,http://id.loc.gov/authorities/subjects/sh85048339,Fingers,tip_M2,It was a finger tip.,http://id.loc.gov/authorities/subjects/sh85048339,Fingers,True,0.0,1,0.047659873962402344,,0.144928873,0.04379636,789,True,6.670766321,7.267029436,Homonymy,N,True,wsf5xp226q,241,101
tip,M1_a_M1_b,tip_M1,It was a generous tip.,http://id.loc.gov/authorities/subjects/sh85135553,Tipping,tip_M1,It was a stingy tip.,http://id.loc.gov/authorities/subjects/sh85135553,Tipping,True,0.0,1,0.09768587350845337,,0.260650516,0.030067265,1587,True,7.369600721,7.569936814,Homonymy,N,True,9fkbaxk3zu,61,101
tip,M2_b_M2_a,tip_M2,It was a finger tip.,http://id.loc.gov/authorities/subjects/sh85048339,Fingers,tip_M2,It was a pencil tip.,http://id.loc.gov/authorities/subjects/sh85048339,Fingers,True,0.0,1,0.047659873962402344,,0.144928873,0.04379636,615,True,6.421622268,7.292547122,Homonymy,N,True,np8fheoehh,225,101
tip,M1_b_M1_a,tip_M1,It was a stingy tip.,http://id.loc.gov/authorities/subjects/sh85135553,Tipping,tip_M1,It was a generous tip.,http://id.loc.gov/authorities/subjects/sh85135553,Tipping,True,0.0,1,0.09768587350845337,,0.260650516,0.030067265,1006,True,6.913737351,7.121235056,Homonymy,N,True,jjpm6guwej,99,101
tip,M1_a_M2_a,tip_M1,It was a generous tip.,http://id.loc.gov/authorities/subjects/sh85135553,Tipping,tip_M2,It was a pencil tip.,http://id.loc.gov/authorities/subjects/sh85048339,Fingers,False,inf,0,0.5675936937332153,,0.387852728,0.079369009,1014,True,6.921658184,7.292547122,Homonymy,N,False,hdblro1e9q,53,101
tip,M2_a_M1_b,tip_M2,It was a pencil tip.,http://id.loc.gov/authorities/subjects/sh85048339,Fingers,tip_M1,It was a stingy tip.,http://id.loc.gov/authorities/subjects/sh85135553,Tipping,False,inf,0,0.5675936937332153,,0.293498874,0.077552915,1010,False,6.91770561,7.569936814,Homonymy,N,False,nkwr4ou2vr,181,101
tip,M2_a_M1_b,tip_M2,It was a pencil tip.,http://id.loc.gov/authorities/subjects/sh85048339,Fingers,tip_M1,It was a stingy tip.,http://id.loc.gov/authorities/subjects/sh85135553,Tipping,False,inf,0,0.5675936937332153,,0.293498874,0.077552915,2907,True,7.974876901,7.569936814,Homonymy,N,False,ael4gl3t9n,141,101
tip,M2_a_M1_b,tip_M2,It was a pencil tip.,http://id.loc.gov/authorities/subjects/sh85048339,Fingers,tip_M1,It was a stingy tip.,http://id.loc.gov/authorities/subjects/sh85135553,Tipping,False,inf,0,0.5675936937332153,,0.293498874,0.077552915,1088,False,6.992096427,7.569936814,Homonymy,N,False,op2dnqu0a7,195,101
tip,M1_a_M2_b,tip_M1,It was a generous tip.,http://id.loc.gov/authorities/subjects/sh85135553,Tipping,tip_M2,It was a finger tip.,http://id.loc.gov/authorities/subjects/sh85048339,Fingers,False,inf,0,0.5675936937332153,,0.304480195,0.091443419,1028,False,6.935370446,7.267029436,Homonymy,N,False,gl71hqusr0,217,101
tip,M2_b_M2_a,tip_M2,It was a finger tip.,http://id.loc.gov/authorities/subjects/sh85048339,Fingers,tip_M2,It was a pencil tip.,http://id.loc.gov/authorities/subjects/sh85048339,Fingers,True,0.0,1,0.047659873962402344,,0.144928873,0.04379636,743,True,6.610696045,7.292547122,Homonymy,N,True,b3kl0cgv2r,71,101
tip,M1_a_M1_b,tip_M1,It was a generous tip.,http://id.loc.gov/authorities/subjects/sh85135553,Tipping,tip_M1,It was a stingy tip.,http://id.loc.gov/authorities/subjects/sh85135553,Tipping,True,0.0,1,0.09768587350845337,,0.260650516,0.030067265,1193,True,7.084226422,7.569936814,Homonymy,N,True,sn1yu7vsxd,139,101
tip,M2_b_M1_a,tip_M2,It was a finger tip.,http://id.loc.gov/authorities/subjects/sh85048339,Fingers,tip_M1,It was a generous tip.,http://id.loc.gov/authorities/subjects/sh85135553,Tipping,False,inf,0,0.5675936937332153,,0.304480195,0.091443419,1527,True,7.331060305,7.121235056,Homonymy,N,False,h6swhj4mme,195,101
tip,M1_a_M2_a,tip_M1,It was a generous tip.,http://id.loc.gov/authorities/subjects/sh85135553,Tipping,tip_M2,It was a pencil tip.,http://id.loc.gov/authorities/subjects/sh85048339,Fingers,False,inf,0,0.5675936937332153,,0.387852728,0.079369009,761,False,6.634633358,7.292547122,Homonymy,N,False,p5fnydw94c,235,101
tip,M2_b_M1_a,tip_M2,It was a finger tip.,http://id.loc.gov/authorities/subjects/sh85048339,Fingers,tip_M1,It was a generous tip.,http://id.loc.gov/authorities/subjects/sh85135553,Tipping,False,inf,0,0.5675936937332153,,0.304480195,0.091443419,852,True,6.747586527,7.121235056,Homonymy,N,False,flr5bk7hm2,225,101
tip,M2_b_M2_a,tip_M2,It was a finger tip.,http://id.loc.gov/authorities/subjects/sh85048339,Fingers,tip_M2,It was a pencil tip.,http://id.loc.gov/authorities/subjects/sh85048339,Fingers,True,0.0,1,0.047659873962402344,,0.144928873,0.04379636,754,True,6.625392368,7.292547122,Homonymy,N,True,wdgq8cekjp,139,101
tip,M1_a_M2_b,tip_M1,It was a generous tip.,http://id.loc.gov/authorities/subjects/sh85135553,Tipping,tip_M2,It was a finger tip.,http://id.loc.gov/authorities/subjects/sh85048339,Fingers,False,inf,0,0.5675936937332153,,0.304480195,0.091443419,1463,True,7.288244401,7.267029436,Homonymy,N,False,3lr2j29be7,219,101
tip,M1_a_M1_b,tip_M1,It was a generous tip.,http://id.loc.gov/authorities/subjects/sh85135553,Tipping,tip_M1,It was a stingy tip.,http://id.loc.gov/authorities/subjects/sh85135553,Tipping,True,0.0,1,0.09768587350845337,,0.260650516,0.030067265,1369,True,7.221835825,7.569936814,Homonymy,N,True,r5r8zoalta,251,101
tip,M1_a_M2_a,tip_M1,It was a generous tip.,http://id.loc.gov/authorities/subjects/sh85135553,Tipping,tip_M2,It was a pencil tip.,http://id.loc.gov/authorities/subjects/sh85048339,Fingers,False,inf,0,0.5675936937332153,,0.387852728,0.079369009,1297,True,7.167809184,7.292547122,Homonymy,N,False,5zu5xn1fq8,199,101
tip,M2_b_M1_a,tip_M2,It was a finger tip.,http://id.loc.gov/authorities/subjects/sh85048339,Fingers,tip_M1,It was a generous tip.,http://id.loc.gov/authorities/subjects/sh85135553,Tipping,False,inf,0,0.5675936937332153,,0.304480195,0.091443419,1023,True,6.930494766,7.121235056,Homonymy,N,False,ezjkm10dx5,33,101
tip,M2_a_M1_a,tip_M2,It was a pencil tip.,http://id.loc.gov/authorities/subjects/sh85048339,Fingers,tip_M1,It was a generous tip.,http://id.loc.gov/authorities/subjects/sh85135553,Tipping,False,inf,0,0.5675936937332153,,0.387852728,0.079369009,1647,True,7.40671073,7.121235056,Homonymy,N,False,ra0zaqlxos,217,101
tip,M2_a_M1_a,tip_M2,It was a pencil tip.,http://id.loc.gov/authorities/subjects/sh85048339,Fingers,tip_M1,It was a generous tip.,http://id.loc.gov/authorities/subjects/sh85135553,Tipping,False,inf,0,0.5675936937332153,,0.387852728,0.079369009,799,True,6.683360946,7.121235056,Homonymy,N,False,meoc92246n,165,101
tip,M1_b_M2_b,tip_M1,It was a stingy tip.,http://id.loc.gov/authorities/subjects/sh85135553,Tipping,tip_M2,It was a finger tip.,http://id.loc.gov/authorities/subjects/sh85048339,Fingers,False,inf,0,0.5675936937332153,,0.243239701,0.091838002,601,True,6.398594935,7.267029436,Homonymy,N,False,koccaak1qr,95,101
tip,M1_a_M1_b,tip_M1,It was a generous tip.,http://id.loc.gov/authorities/subjects/sh85135553,Tipping,tip_M1,It was a stingy tip.,http://id.loc.gov/authorities/subjects/sh85135553,Tipping,True,0.0,1,0.09768587350845337,,0.260650516,0.030067265,2110,True,7.654443226,7.569936814,Homonymy,N,True,j9vhr9vzec,223,101
tip,M2_b_M1_a,tip_M2,It was a finger tip.,http://id.loc.gov/authorities/subjects/sh85048339,Fingers,tip_M1,It was a generous tip.,http://id.loc.gov/authorities/subjects/sh85135553,Tipping,False,inf,0,0.5675936937332153,,0.304480195,0.091443419,1542,True,7.340835554,7.121235056,Homonymy,N,False,kfp2rkd57s,61,101
tip,M1_a_M2_a,tip_M1,It was a generous tip.,http://id.loc.gov/authorities/subjects/sh85135553,Tipping,tip_M2,It was a pencil tip.,http://id.loc.gov/authorities/subjects/sh85048339,Fingers,False,inf,0,0.5675936937332153,,0.387852728,0.079369009,1818,True,7.505492275,7.292547122,Homonymy,N,False,m3g5101vta,115,101
tip,M1_a_M1_b,tip_M1,It was a generous tip.,http://id.loc.gov/authorities/subjects/sh85135553,Tipping,tip_M1,It was a stingy tip.,http://id.loc.gov/authorities/subjects/sh85135553,Tipping,True,0.0,1,0.09768587350845337,,0.260650516,0.030067265,1148,True,7.045776577,7.569936814,Homonymy,N,True,kd178dnoub,133,101
tip,M2_a_M1_a,tip_M2,It was a pencil tip.,http://id.loc.gov/authorities/subjects/sh85048339,Fingers,tip_M1,It was a generous tip.,http://id.loc.gov/authorities/subjects/sh85135553,Tipping,False,inf,0,0.5675936937332153,,0.387852728,0.079369009,802,True,6.687108608,7.121235056,Homonymy,N,False,0l5gfo1s81,171,101
tip,M1_b_M2_a,tip_M1,It was a stingy tip.,http://id.loc.gov/authorities/subjects/sh85135553,Tipping,tip_M2,It was a pencil tip.,http://id.loc.gov/authorities/subjects/sh85048339,Fingers,False,inf,0,0.5675936937332153,,0.293498874,0.077552915,707,True,6.561030666,7.292547122,Homonymy,N,False,emcqel00x3,141,101
tip,M2_a_M2_b,tip_M2,It was a pencil tip.,http://id.loc.gov/authorities/subjects/sh85048339,Fingers,tip_M2,It was a finger tip.,http://id.loc.gov/authorities/subjects/sh85048339,Fingers,True,0.0,1,0.047659873962402344,,0.144928873,0.04379636,1055,True,6.961296046,7.267029436,Homonymy,N,True,zjgl4twyhs,29,101
tip,M1_a_M1_b,tip_M1,It was a generous tip.,http://id.loc.gov/authorities/subjects/sh85135553,Tipping,tip_M1,It was a stingy tip.,http://id.loc.gov/authorities/subjects/sh85135553,Tipping,True,0.0,1,0.09768587350845337,,0.260650516,0.030067265,760,False,6.633318433,7.569936814,Homonymy,N,True,uy86my9o9s,163,101
tip,M2_b_M1_a,tip_M2,It was a finger tip.,http://id.loc.gov/authorities/subjects/sh85048339,Fingers,tip_M1,It was a generous tip.,http://id.loc.gov/authorities/subjects/sh85135553,Tipping,False,inf,0,0.5675936937332153,,0.304480195,0.091443419,822,True,6.711740395,7.121235056,Homonymy,N,False,mketfayzl8,199,101
tip,M2_a_M1_b,tip_M2,It was a pencil tip.,http://id.loc.gov/authorities/subjects/sh85048339,Fingers,tip_M1,It was a stingy tip.,http://id.loc.gov/authorities/subjects/sh85135553,Tipping,False,inf,0,0.5675936937332153,,0.293498874,0.077552915,2332,True,7.754481547,7.569936814,Homonymy,N,False,unzj7yx25l,157,101
tip,M1_b_M2_a,tip_M1,It was a stingy tip.,http://id.loc.gov/authorities/subjects/sh85135553,Tipping,tip_M2,It was a pencil tip.,http://id.loc.gov/authorities/subjects/sh85048339,Fingers,False,inf,0,0.5675936937332153,,0.293498874,0.077552915,765,True,6.639875834,7.292547122,Homonymy,N,False,bcycp1bevl,179,101
tip,M2_a_M1_b,tip_M2,It was a pencil tip.,http://id.loc.gov/authorities/subjects/sh85048339,Fingers,tip_M1,It was a stingy tip.,http://id.loc.gov/authorities/subjects/sh85135553,Tipping,False,inf,0,0.5675936937332153,,0.293498874,0.077552915,1399,True,7.243512975,7.569936814,Homonymy,N,False,gdlhwqulft,35,101
tip,M2_a_M1_a,tip_M2,It was a pencil tip.,http://id.loc.gov/authorities/subjects/sh85048339,Fingers,tip_M1,It was a generous tip.,http://id.loc.gov/authorities/subjects/sh85135553,Tipping,False,inf,0,0.5675936937332153,,0.387852728,0.079369009,1156,True,7.052721049,7.121235056,Homonymy,N,False,yoo60pl9o6,145,101
tip,M2_b_M1_b,tip_M2,It was a finger tip.,http://id.loc.gov/authorities/subjects/sh85048339,Fingers,tip_M1,It was a stingy tip.,http://id.loc.gov/authorities/subjects/sh85135553,Tipping,False,inf,0,0.5675936937332153,,0.243239701,0.091838002,831,False,6.722629795,7.569936814,Homonymy,N,False,prlu1sa9my,133,101
tip,M1_b_M2_a,tip_M1,It was a stingy tip.,http://id.loc.gov/authorities/subjects/sh85135553,Tipping,tip_M2,It was a pencil tip.,http://id.loc.gov/authorities/subjects/sh85048339,Fingers,False,inf,0,0.5675936937332153,,0.293498874,0.077552915,906,True,6.809039306,7.292547122,Homonymy,N,False,79d4rp4wbh,75,101
tip,M2_b_M1_b,tip_M2,It was a finger tip.,http://id.loc.gov/authorities/subjects/sh85048339,Fingers,tip_M1,It was a stingy tip.,http://id.loc.gov/authorities/subjects/sh85135553,Tipping,False,inf,0,0.5675936937332153,,0.243239701,0.091838002,775,False,6.652863029,7.569936814,Homonymy,N,False,sndaggja6a,59,101
tip,M2_b_M1_b,tip_M2,It was a finger tip.,http://id.loc.gov/authorities/subjects/sh85048339,Fingers,tip_M1,It was a stingy tip.,http://id.loc.gov/authorities/subjects/sh85135553,Tipping,False,inf,0,0.5675936937332153,,0.243239701,0.091838002,1916,True,7.557994959,7.569936814,Homonymy,N,False,frqx6vw2d1,133,101
tip,M1_a_M1_b,tip_M1,It was a generous tip.,http://id.loc.gov/authorities/subjects/sh85135553,Tipping,tip_M1,It was a stingy tip.,http://id.loc.gov/authorities/subjects/sh85135553,Tipping,True,0.0,1,0.09768587350845337,,0.260650516,0.030067265,2711,True,7.905072849,7.569936814,Homonymy,N,True,vm3yk3su0e,163,101
tip,M1_b_M1_a,tip_M1,It was a stingy tip.,http://id.loc.gov/authorities/subjects/sh85135553,Tipping,tip_M1,It was a generous tip.,http://id.loc.gov/authorities/subjects/sh85135553,Tipping,True,0.0,1,0.09768587350845337,,0.260650516,0.030067265,1030,True,6.937314081,7.121235056,Homonymy,N,True,l4avquduxt,59,101
tip,M2_a_M1_b,tip_M2,It was a pencil tip.,http://id.loc.gov/authorities/subjects/sh85048339,Fingers,tip_M1,It was a stingy tip.,http://id.loc.gov/authorities/subjects/sh85135553,Tipping,False,inf,0,0.5675936937332153,,0.293498874,0.077552915,979,False,6.886531643,7.569936814,Homonymy,N,False,8tl61v5cpb,93,101
tip,M1_a_M1_b,tip_M1,It was a generous tip.,http://id.loc.gov/authorities/subjects/sh85135553,Tipping,tip_M1,It was a stingy tip.,http://id.loc.gov/authorities/subjects/sh85135553,Tipping,True,0.0,1,0.09768587350845337,,0.260650516,0.030067265,1244,True,7.126087273,7.569936814,Homonymy,N,True,4edk6y2wlk,197,101
tip,M1_a_M2_b,tip_M1,It was a generous tip.,http://id.loc.gov/authorities/subjects/sh85135553,Tipping,tip_M2,It was a finger tip.,http://id.loc.gov/authorities/subjects/sh85048339,Fingers,False,inf,0,0.5675936937332153,,0.304480195,0.091443419,1361,True,7.215975003,7.267029436,Homonymy,N,False,1wzodbsf7y,163,101
tip,M2_b_M2_a,tip_M2,It was a finger tip.,http://id.loc.gov/authorities/subjects/sh85048339,Fingers,tip_M2,It was a pencil tip.,http://id.loc.gov/authorities/subjects/sh85048339,Fingers,True,0.0,1,0.047659873962402344,,0.144928873,0.04379636,867,True,6.765038977,7.292547122,Homonymy,N,True,qpgf6y0h0r,41,101
tip,M1_a_M1_b,tip_M1,It was a generous tip.,http://id.loc.gov/authorities/subjects/sh85135553,Tipping,tip_M1,It was a stingy tip.,http://id.loc.gov/authorities/subjects/sh85135553,Tipping,True,0.0,1,0.09768587350845337,,0.260650516,0.030067265,1135,True,7.03438793,7.569936814,Homonymy,N,True,d4b99ue0tu,91,101
tip,M2_b_M1_b,tip_M2,It was a finger tip.,http://id.loc.gov/authorities/subjects/sh85048339,Fingers,tip_M1,It was a stingy tip.,http://id.loc.gov/authorities/subjects/sh85135553,Tipping,False,inf,0,0.5675936937332153,,0.243239701,0.091838002,2189,False,7.691200098,7.569936814,Homonymy,N,False,bacqef0gje,143,101
tip,M1_b_M2_b,tip_M1,It was a stingy tip.,http://id.loc.gov/authorities/subjects/sh85135553,Tipping,tip_M2,It was a finger tip.,http://id.loc.gov/authorities/subjects/sh85048339,Fingers,False,inf,0,0.5675936937332153,,0.243239701,0.091838002,3347,True,8.115819701,7.267029436,Homonymy,N,False,5jdbzv6v5c,79,101
tip,M1_a_M1_b,tip_M1,It was a generous tip.,http://id.loc.gov/authorities/subjects/sh85135553,Tipping,tip_M1,It was a stingy tip.,http://id.loc.gov/authorities/subjects/sh85135553,Tipping,True,0.0,1,0.09768587350845337,,0.260650516,0.030067265,978,True,6.88550967,7.569936814,Homonymy,N,True,mhz82a74k9,181,101
tip,M1_b_M2_b,tip_M1,It was a stingy tip.,http://id.loc.gov/authorities/subjects/sh85135553,Tipping,tip_M2,It was a finger tip.,http://id.loc.gov/authorities/subjects/sh85048339,Fingers,False,inf,0,0.5675936937332153,,0.243239701,0.091838002,1059,True,6.965080346,7.267029436,Homonymy,N,False,864zg5t8jb,239,101
tip,M2_a_M1_a,tip_M2,It was a pencil tip.,http://id.loc.gov/authorities/subjects/sh85048339,Fingers,tip_M1,It was a generous tip.,http://id.loc.gov/authorities/subjects/sh85135553,Tipping,False,inf,0,0.5675936937332153,,0.387852728,0.079369009,711,True,6.56667243,7.121235056,Homonymy,N,False,21s95lnz0l,199,101
tip,M2_a_M1_a,tip_M2,It was a pencil tip.,http://id.loc.gov/authorities/subjects/sh85048339,Fingers,tip_M1,It was a generous tip.,http://id.loc.gov/authorities/subjects/sh85135553,Tipping,False,inf,0,0.5675936937332153,,0.387852728,0.079369009,836,True,6.728628613,7.121235056,Homonymy,N,False,kcv5v2zj80,179,101
tip,M1_a_M2_a,tip_M1,It was a generous tip.,http://id.loc.gov/authorities/subjects/sh85135553,Tipping,tip_M2,It was a pencil tip.,http://id.loc.gov/authorities/subjects/sh85048339,Fingers,False,inf,0,0.5675936937332153,,0.387852728,0.079369009,1055,False,6.961296046,7.292547122,Homonymy,N,False,skb4uv2kf9,169,101
tip,M2_b_M2_a,tip_M2,It was a finger tip.,http://id.loc.gov/authorities/subjects/sh85048339,Fingers,tip_M2,It was a pencil tip.,http://id.loc.gov/authorities/subjects/sh85048339,Fingers,True,0.0,1,0.047659873962402344,,0.144928873,0.04379636,1059,True,6.965080346,7.292547122,Homonymy,N,True,34628l2rmq,163,101
tip,M2_a_M2_b,tip_M2,It was a pencil tip.,http://id.loc.gov/authorities/subjects/sh85048339,Fingers,tip_M2,It was a finger tip.,http://id.loc.gov/authorities/subjects/sh85048339,Fingers,True,0.0,1,0.047659873962402344,,0.144928873,0.04379636,788,True,6.66949809,7.267029436,Homonymy,N,True,a0u2yg5j7e,69,101
tip,M1_a_M2_a,tip_M1,It was a generous tip.,http://id.loc.gov/authorities/subjects/sh85135553,Tipping,tip_M2,It was a pencil tip.,http://id.loc.gov/authorities/subjects/sh85048339,Fingers,False,inf,0,0.5675936937332153,,0.387852728,0.079369009,1417,True,7.25629724,7.292547122,Homonymy,N,False,3uxmxe02py,201,101
tip,M1_a_M2_b,tip_M1,It was a generous tip.,http://id.loc.gov/authorities/subjects/sh85135553,Tipping,tip_M2,It was a finger tip.,http://id.loc.gov/authorities/subjects/sh85048339,Fingers,False,inf,0,0.5675936937332153,,0.304480195,0.091443419,1071,True,6.97634807,7.267029436,Homonymy,N,False,du57z90equ,113,101
tip,M1_a_M2_b,tip_M1,It was a generous tip.,http://id.loc.gov/authorities/subjects/sh85135553,Tipping,tip_M2,It was a finger tip.,http://id.loc.gov/authorities/subjects/sh85048339,Fingers,False,inf,0,0.5675936937332153,,0.304480195,0.091443419,1216,False,7.103322063,7.267029436,Homonymy,N,False,jwcxuk91x6,227,101
tip,M1_a_M1_b,tip_M1,It was a generous tip.,http://id.loc.gov/authorities/subjects/sh85135553,Tipping,tip_M1,It was a stingy tip.,http://id.loc.gov/authorities/subjects/sh85135553,Tipping,True,0.0,1,0.09768587350845337,,0.260650516,0.030067265,1091,True,6.994849986,7.569936814,Homonymy,N,True,aq8lxy7f2y,151,101
tip,M2_a_M1_b,tip_M2,It was a pencil tip.,http://id.loc.gov/authorities/subjects/sh85048339,Fingers,tip_M1,It was a stingy tip.,http://id.loc.gov/authorities/subjects/sh85135553,Tipping,False,inf,0,0.5675936937332153,,0.293498874,0.077552915,2039,False,7.620214771,7.569936814,Homonymy,N,False,va3hb1mkox,33,101
tip,M2_b_M1_b,tip_M2,It was a finger tip.,http://id.loc.gov/authorities/subjects/sh85048339,Fingers,tip_M1,It was a stingy tip.,http://id.loc.gov/authorities/subjects/sh85135553,Tipping,False,inf,0,0.5675936937332153,,0.243239701,0.091838002,546,True,6.302618976,7.569936814,Homonymy,N,False,xdomj2pout,101,101
tip,M1_a_M1_b,tip_M1,It was a generous tip.,http://id.loc.gov/authorities/subjects/sh85135553,Tipping,tip_M1,It was a stingy tip.,http://id.loc.gov/authorities/subjects/sh85135553,Tipping,True,0.0,1,0.09768587350845337,,0.260650516,0.030067265,1390,True,7.237059026,7.569936814,Homonymy,N,True,rln6tvgsn6,169,101
tip,M2_b_M2_a,tip_M2,It was a finger tip.,http://id.loc.gov/authorities/subjects/sh85048339,Fingers,tip_M2,It was a pencil tip.,http://id.loc.gov/authorities/subjects/sh85048339,Fingers,True,0.0,1,0.047659873962402344,,0.144928873,0.04379636,648,True,6.473890696,7.292547122,Homonymy,N,True,rrded0u35m,241,101
tip,M1_b_M2_a,tip_M1,It was a stingy tip.,http://id.loc.gov/authorities/subjects/sh85135553,Tipping,tip_M2,It was a pencil tip.,http://id.loc.gov/authorities/subjects/sh85048339,Fingers,False,inf,0,0.5675936937332153,,0.293498874,0.077552915,1554,True,7.348587531,7.292547122,Homonymy,N,False,3mb5qrf7ny,173,101
tip,M1_b_M2_a,tip_M1,It was a stingy tip.,http://id.loc.gov/authorities/subjects/sh85135553,Tipping,tip_M2,It was a pencil tip.,http://id.loc.gov/authorities/subjects/sh85048339,Fingers,False,inf,0,0.5675936937332153,,0.293498874,0.077552915,674,True,6.513230111,7.292547122,Homonymy,N,False,14y9ru14du,163,101
tip,M1_b_M2_b,tip_M1,It was a stingy tip.,http://id.loc.gov/authorities/subjects/sh85135553,Tipping,tip_M2,It was a finger tip.,http://id.loc.gov/authorities/subjects/sh85048339,Fingers,False,inf,0,0.5675936937332153,,0.243239701,0.091838002,1249,True,7.13009851,7.267029436,Homonymy,N,False,rgkj29k85f,239,101
tip,M2_a_M1_b,tip_M2,It was a pencil tip.,http://id.loc.gov/authorities/subjects/sh85048339,Fingers,tip_M1,It was a stingy tip.,http://id.loc.gov/authorities/subjects/sh85135553,Tipping,False,inf,0,0.5675936937332153,,0.293498874,0.077552915,1539,False,7.338888134,7.569936814,Homonymy,N,False,kzat707d4c,29,101
tip,M1_a_M1_b,tip_M1,It was a generous tip.,http://id.loc.gov/authorities/subjects/sh85135553,Tipping,tip_M1,It was a stingy tip.,http://id.loc.gov/authorities/subjects/sh85135553,Tipping,True,0.0,1,0.09768587350845337,,0.260650516,0.030067265,1037,True,6.944087208,7.569936814,Homonymy,N,True,11s3zyvhm4,107,101
tip,M1_b_M1_a,tip_M1,It was a stingy tip.,http://id.loc.gov/authorities/subjects/sh85135553,Tipping,tip_M1,It was a generous tip.,http://id.loc.gov/authorities/subjects/sh85135553,Tipping,True,0.0,1,0.09768587350845337,,0.260650516,0.030067265,1223,True,7.109062136,7.121235056,Homonymy,N,True,4ntjz706ef,179,101
tip,M1_b_M2_b,tip_M1,It was a stingy tip.,http://id.loc.gov/authorities/subjects/sh85135553,Tipping,tip_M2,It was a finger tip.,http://id.loc.gov/authorities/subjects/sh85048339,Fingers,False,inf,0,0.5675936937332153,,0.243239701,0.091838002,2078,True,7.639161172,7.267029436,Homonymy,N,False,ppv7uctwr1,107,101
tip,M2_a_M1_b,tip_M2,It was a pencil tip.,http://id.loc.gov/authorities/subjects/sh85048339,Fingers,tip_M1,It was a stingy tip.,http://id.loc.gov/authorities/subjects/sh85135553,Tipping,False,inf,0,0.5675936937332153,,0.293498874,0.077552915,1492,True,7.307872781,7.569936814,Homonymy,N,False,awnat83w0r,93,101
tip,M2_b_M1_b,tip_M2,It was a finger tip.,http://id.loc.gov/authorities/subjects/sh85048339,Fingers,tip_M1,It was a stingy tip.,http://id.loc.gov/authorities/subjects/sh85135553,Tipping,False,inf,0,0.5675936937332153,,0.243239701,0.091838002,960,False,6.866933284,7.569936814,Homonymy,N,False,s4hekwenop,97,101
tip,M1_a_M2_a,tip_M1,It was a generous tip.,http://id.loc.gov/authorities/subjects/sh85135553,Tipping,tip_M2,It was a pencil tip.,http://id.loc.gov/authorities/subjects/sh85048339,Fingers,False,inf,0,0.5675936937332153,,0.387852728,0.079369009,795,True,6.678342115,7.292547122,Homonymy,N,False,wo6c5zy1c7,109,101
tip,M1_a_M1_b,tip_M1,It was a generous tip.,http://id.loc.gov/authorities/subjects/sh85135553,Tipping,tip_M1,It was a stingy tip.,http://id.loc.gov/authorities/subjects/sh85135553,Tipping,True,0.0,1,0.09768587350845337,,0.260650516,0.030067265,883,True,6.783325201,7.569936814,Homonymy,N,True,zsds20jhhb,117,101
tip,M2_b_M1_b,tip_M2,It was a finger tip.,http://id.loc.gov/authorities/subjects/sh85048339,Fingers,tip_M1,It was a stingy tip.,http://id.loc.gov/authorities/subjects/sh85135553,Tipping,False,inf,0,0.5675936937332153,,0.243239701,0.091838002,923,False,6.827629235,7.569936814,Homonymy,N,False,m6aw5veqof,141,101
tip,M2_b_M2_a,tip_M2,It was a finger tip.,http://id.loc.gov/authorities/subjects/sh85048339,Fingers,tip_M2,It was a pencil tip.,http://id.loc.gov/authorities/subjects/sh85048339,Fingers,True,0.0,1,0.047659873962402344,,0.144928873,0.04379636,795,True,6.678342115,7.292547122,Homonymy,N,True,6lbv5uhykm,127,101
tip,M2_b_M1_b,tip_M2,It was a finger tip.,http://id.loc.gov/authorities/subjects/sh85048339,Fingers,tip_M1,It was a stingy tip.,http://id.loc.gov/authorities/subjects/sh85135553,Tipping,False,inf,0,0.5675936937332153,,0.243239701,0.091838002,800,False,6.684611728,7.569936814,Homonymy,N,False,68a6hn4uvz,161,101
tip,M2_a_M2_b,tip_M2,It was a pencil tip.,http://id.loc.gov/authorities/subjects/sh85048339,Fingers,tip_M2,It was a finger tip.,http://id.loc.gov/authorities/subjects/sh85048339,Fingers,True,0.0,1,0.047659873962402344,,0.144928873,0.04379636,708,True,6.562444094,7.267029436,Homonymy,N,True,2r8jyhe7un,137,101
tip,M1_b_M2_b,tip_M1,It was a stingy tip.,http://id.loc.gov/authorities/subjects/sh85135553,Tipping,tip_M2,It was a finger tip.,http://id.loc.gov/authorities/subjects/sh85048339,Fingers,False,inf,0,0.5675936937332153,,0.243239701,0.091838002,676,True,6.516193076,7.267029436,Homonymy,N,False,9xyz8zlap8,171,101
tip,M2_b_M1_b,tip_M2,It was a finger tip.,http://id.loc.gov/authorities/subjects/sh85048339,Fingers,tip_M1,It was a stingy tip.,http://id.loc.gov/authorities/subjects/sh85135553,Tipping,False,inf,0,0.5675936937332153,,0.243239701,0.091838002,1409,False,7.250635512,7.569936814,Homonymy,N,False,r1c2epbxzl,41,101
tip,M2_b_M2_a,tip_M2,It was a finger tip.,http://id.loc.gov/authorities/subjects/sh85048339,Fingers,tip_M2,It was a pencil tip.,http://id.loc.gov/authorities/subjects/sh85048339,Fingers,True,0.0,1,0.047659873962402344,,0.144928873,0.04379636,666,True,6.501289671,7.292547122,Homonymy,N,True,4e6rrg22h5,225,101
tip,M1_a_M1_b,tip_M1,It was a generous tip.,http://id.loc.gov/authorities/subjects/sh85135553,Tipping,tip_M1,It was a stingy tip.,http://id.loc.gov/authorities/subjects/sh85135553,Tipping,True,0.0,1,0.09768587350845337,,0.260650516,0.030067265,1297,True,7.167809184,7.569936814,Homonymy,N,True,vc2ac751cz,193,101
tip,M2_b_M2_a,tip_M2,It was a finger tip.,http://id.loc.gov/authorities/subjects/sh85048339,Fingers,tip_M2,It was a pencil tip.,http://id.loc.gov/authorities/subjects/sh85048339,Fingers,True,0.0,1,0.047659873962402344,,0.144928873,0.04379636,792,True,6.674561392,7.292547122,Homonymy,N,True,jls43v8rj0,213,101
tip,M2_a_M2_b,tip_M2,It was a pencil tip.,http://id.loc.gov/authorities/subjects/sh85048339,Fingers,tip_M2,It was a finger tip.,http://id.loc.gov/authorities/subjects/sh85048339,Fingers,True,0.0,1,0.047659873962402344,,0.144928873,0.04379636,744,True,6.612041035,7.267029436,Homonymy,N,True,ne1wq8w4qw,123,101
tip,M1_a_M2_b,tip_M1,It was a generous tip.,http://id.loc.gov/authorities/subjects/sh85135553,Tipping,tip_M2,It was a finger tip.,http://id.loc.gov/authorities/subjects/sh85048339,Fingers,False,inf,0,0.5675936937332153,,0.304480195,0.091443419,1009,True,6.91671502,7.267029436,Homonymy,N,False,kdxs9d2gww,127,101
tip,M2_a_M1_b,tip_M2,It was a pencil tip.,http://id.loc.gov/authorities/subjects/sh85048339,Fingers,tip_M1,It was a stingy tip.,http://id.loc.gov/authorities/subjects/sh85135553,Tipping,False,inf,0,0.5675936937332153,,0.293498874,0.077552915,1001,False,6.908754779,7.569936814,Homonymy,N,False,6g6ama8qck,217,101
tip,M2_a_M1_b,tip_M2,It was a pencil tip.,http://id.loc.gov/authorities/subjects/sh85048339,Fingers,tip_M1,It was a stingy tip.,http://id.loc.gov/authorities/subjects/sh85135553,Tipping,False,inf,0,0.5675936937332153,,0.293498874,0.077552915,1808,False,7.499976541,7.569936814,Homonymy,N,False,rxphbopbuk,47,101
tip,M2_a_M1_a,tip_M2,It was a pencil tip.,http://id.loc.gov/authorities/subjects/sh85048339,Fingers,tip_M1,It was a generous tip.,http://id.loc.gov/authorities/subjects/sh85135553,Tipping,False,inf,0,0.5675936937332153,,0.387852728,0.079369009,1093,True,6.996681488,7.121235056,Homonymy,N,False,kgyhdlaomp,215,101
tip,M1_b_M2_b,tip_M1,It was a stingy tip.,http://id.loc.gov/authorities/subjects/sh85135553,Tipping,tip_M2,It was a finger tip.,http://id.loc.gov/authorities/subjects/sh85048339,Fingers,False,inf,0,0.5675936937332153,,0.243239701,0.091838002,1219,True,7.105786129,7.267029436,Homonymy,N,False,nh9sg3fncc,41,101
tip,M1_a_M2_b,tip_M1,It was a generous tip.,http://id.loc.gov/authorities/subjects/sh85135553,Tipping,tip_M2,It was a finger tip.,http://id.loc.gov/authorities/subjects/sh85048339,Fingers,False,inf,0,0.5675936937332153,,0.304480195,0.091443419,909,True,6.812345094,7.267029436,Homonymy,N,False,x784e4lcbj,171,101
tip,M2_a_M2_b,tip_M2,It was a pencil tip.,http://id.loc.gov/authorities/subjects/sh85048339,Fingers,tip_M2,It was a finger tip.,http://id.loc.gov/authorities/subjects/sh85048339,Fingers,True,0.0,1,0.047659873962402344,,0.144928873,0.04379636,1164,True,7.059617628,7.267029436,Homonymy,N,True,sufdrtgf9g,77,101
port,M1_a_M1_b,port_M1,It was a windy port.,http://id.loc.gov/authorities/subjects/sh85058838,Harbors,port_M1,It was a seaside port.,http://id.loc.gov/authorities/subjects/sh85058838,Harbors,True,0.0,1,0.028091013431549072,,0.160221756,0.081309736,1064,False,6.96979067,7.337844318,Homonymy,N,True,qck08emfde,187,62
port,M2_a_M2_b,port_M2,It was a delicious port.,http://id.loc.gov/authorities/subjects/sh85105055,Port wine,port_M2,It was a sweet port.,http://id.loc.gov/authorities/subjects/sh85105055,Port wine,True,0.0,1,0.014467716217041016,,0.06746316,0.034573555,1007,False,6.914730893,7.356231355,Homonymy,N,True,u6tgegpyj0,225,62
port,M2_a_M1_a,port_M2,It was a delicious port.,http://id.loc.gov/authorities/subjects/sh85105055,Port wine,port_M1,It was a windy port.,http://id.loc.gov/authorities/subjects/sh85058838,Harbors,False,11.0,0,0.47877341508865356,,0.225065172,0.076441467,590,True,6.380122537,7.356012425,Homonymy,N,False,78f1p4m7t2,221,62
port,M2_a_M1_a,port_M2,It was a delicious port.,http://id.loc.gov/authorities/subjects/sh85105055,Port wine,port_M1,It was a windy port.,http://id.loc.gov/authorities/subjects/sh85058838,Harbors,False,11.0,0,0.47877341508865356,,0.225065172,0.076441467,1396,True,7.241366283,7.356012425,Homonymy,N,False,1vz3fdcvtw,207,62
port,M1_a_M2_a,port_M1,It was a windy port.,http://id.loc.gov/authorities/subjects/sh85058838,Harbors,port_M2,It was a delicious port.,http://id.loc.gov/authorities/subjects/sh85105055,Port wine,False,11.0,0,0.47877341508865356,,0.225065172,0.076441467,3367,True,8.121777419,7.575999125,Homonymy,N,False,wsf5xp226q,215,62
port,M2_b_M1_b,port_M2,It was a sweet port.,http://id.loc.gov/authorities/subjects/sh85105055,Port wine,port_M1,It was a seaside port.,http://id.loc.gov/authorities/subjects/sh85058838,Harbors,False,11.0,0,0.47877341508865356,,0.214503407,0.070518613,550,True,6.309918278,7.337844318,Homonymy,N,False,v75fv9pagb,183,62
port,M1_a_M1_b,port_M1,It was a windy port.,http://id.loc.gov/authorities/subjects/sh85058838,Harbors,port_M1,It was a seaside port.,http://id.loc.gov/authorities/subjects/sh85058838,Harbors,True,0.0,1,0.028091013431549072,,0.160221756,0.081309736,668,True,6.504288174,7.337844318,Homonymy,N,True,np8fheoehh,201,62
port,M1_b_M1_a,port_M1,It was a seaside port.,http://id.loc.gov/authorities/subjects/sh85058838,Harbors,port_M1,It was a windy port.,http://id.loc.gov/authorities/subjects/sh85058838,Harbors,True,0.0,1,0.028091013431549072,,0.160221756,0.081309736,1038,True,6.945051064,7.356012425,Homonymy,N,True,so1m7krwy9,157,62
port,M2_b_M2_a,port_M2,It was a sweet port.,http://id.loc.gov/authorities/subjects/sh85105055,Port wine,port_M2,It was a delicious port.,http://id.loc.gov/authorities/subjects/sh85105055,Port wine,True,0.0,1,0.014467716217041016,,0.06746316,0.034573555,1422,False,7.25981961,7.575999125,Homonymy,N,True,nkwr4ou2vr,223,62
port,M2_b_M1_b,port_M2,It was a sweet port.,http://id.loc.gov/authorities/subjects/sh85105055,Port wine,port_M1,It was a seaside port.,http://id.loc.gov/authorities/subjects/sh85058838,Harbors,False,11.0,0,0.47877341508865356,,0.214503407,0.070518613,2362,False,7.767263997,7.337844318,Homonymy,N,False,gl71hqusr0,139,62
port,M1_b_M2_a,port_M1,It was a seaside port.,http://id.loc.gov/authorities/subjects/sh85058838,Harbors,port_M2,It was a delicious port.,http://id.loc.gov/authorities/subjects/sh85105055,Port wine,False,11.0,0,0.47877341508865356,,0.208070636,0.083219051,1353,False,7.210079628,7.575999125,Homonymy,N,False,ze8q4rklbg,47,62
port,M2_a_M2_b,port_M2,It was a delicious port.,http://id.loc.gov/authorities/subjects/sh85105055,Port wine,port_M2,It was a sweet port.,http://id.loc.gov/authorities/subjects/sh85105055,Port wine,True,0.0,1,0.014467716217041016,,0.06746316,0.034573555,2000,True,7.60090246,7.356231355,Homonymy,N,True,sn1yu7vsxd,147,62
port,M1_b_M2_b,port_M1,It was a seaside port.,http://id.loc.gov/authorities/subjects/sh85058838,Harbors,port_M2,It was a sweet port.,http://id.loc.gov/authorities/subjects/sh85105055,Port wine,False,11.0,0,0.47877341508865356,,0.214503407,0.070518613,1589,False,7.370860167,7.356231355,Homonymy,N,False,4c5xx9azr7,73,62
port,M1_b_M1_a,port_M1,It was a seaside port.,http://id.loc.gov/authorities/subjects/sh85058838,Harbors,port_M1,It was a windy port.,http://id.loc.gov/authorities/subjects/sh85058838,Harbors,True,0.0,1,0.028091013431549072,,0.160221756,0.081309736,799,True,6.683360946,7.356012425,Homonymy,N,True,h6swhj4mme,219,62
port,M1_b_M2_a,port_M1,It was a seaside port.,http://id.loc.gov/authorities/subjects/sh85058838,Harbors,port_M2,It was a delicious port.,http://id.loc.gov/authorities/subjects/sh85105055,Port wine,False,11.0,0,0.47877341508865356,,0.208070636,0.083219051,1244,False,7.126087273,7.575999125,Homonymy,N,False,dbd0l1933k,203,62
port,M2_a_M1_b,port_M2,It was a delicious port.,http://id.loc.gov/authorities/subjects/sh85105055,Port wine,port_M1,It was a seaside port.,http://id.loc.gov/authorities/subjects/sh85058838,Harbors,False,11.0,0,0.47877341508865356,,0.208070636,0.083219051,1455,True,7.28276118,7.337844318,Homonymy,N,False,spkx08cwjj,199,62
port,M1_a_M2_a,port_M1,It was a windy port.,http://id.loc.gov/authorities/subjects/sh85058838,Harbors,port_M2,It was a delicious port.,http://id.loc.gov/authorities/subjects/sh85105055,Port wine,False,11.0,0,0.47877341508865356,,0.225065172,0.076441467,1760,False,7.473069088,7.575999125,Homonymy,N,False,36hk5eeq3x,131,62
port,M2_b_M2_a,port_M2,It was a sweet port.,http://id.loc.gov/authorities/subjects/sh85105055,Port wine,port_M2,It was a delicious port.,http://id.loc.gov/authorities/subjects/sh85105055,Port wine,True,0.0,1,0.014467716217041016,,0.06746316,0.034573555,2584,True,7.857093865,7.575999125,Homonymy,N,True,y8z6hxvply,149,62
port,M2_a_M2_b,port_M2,It was a delicious port.,http://id.loc.gov/authorities/subjects/sh85105055,Port wine,port_M2,It was a sweet port.,http://id.loc.gov/authorities/subjects/sh85105055,Port wine,True,0.0,1,0.014467716217041016,,0.06746316,0.034573555,1075,True,6.980075941,7.356231355,Homonymy,N,True,kha24hryvm,43,62
port,M1_a_M2_b,port_M1,It was a windy port.,http://id.loc.gov/authorities/subjects/sh85058838,Harbors,port_M2,It was a sweet port.,http://id.loc.gov/authorities/subjects/sh85105055,Port wine,False,11.0,0,0.47877341508865356,,0.230878294,0.060819387,1568,True,7.357556201,7.356231355,Homonymy,N,False,nrxcy3jh2z,145,62
port,M2_a_M1_a,port_M2,It was a delicious port.,http://id.loc.gov/authorities/subjects/sh85105055,Port wine,port_M1,It was a windy port.,http://id.loc.gov/authorities/subjects/sh85058838,Harbors,False,11.0,0,0.47877341508865356,,0.225065172,0.076441467,962,True,6.869014451,7.356012425,Homonymy,N,False,wdgq8cekjp,127,62
port,M1_a_M1_b,port_M1,It was a windy port.,http://id.loc.gov/authorities/subjects/sh85058838,Harbors,port_M1,It was a seaside port.,http://id.loc.gov/authorities/subjects/sh85058838,Harbors,True,0.0,1,0.028091013431549072,,0.160221756,0.081309736,952,True,6.858565035,7.337844318,Homonymy,N,True,3lr2j29be7,147,62
port,M2_a_M1_b,port_M2,It was a delicious port.,http://id.loc.gov/authorities/subjects/sh85105055,Port wine,port_M1,It was a seaside port.,http://id.loc.gov/authorities/subjects/sh85058838,Harbors,False,11.0,0,0.47877341508865356,,0.208070636,0.083219051,919,True,6.823286122,7.337844318,Homonymy,N,False,se4vr7yp8v,245,62
port,M1_b_M1_a,port_M1,It was a seaside port.,http://id.loc.gov/authorities/subjects/sh85058838,Harbors,port_M1,It was a windy port.,http://id.loc.gov/authorities/subjects/sh85058838,Harbors,True,0.0,1,0.028091013431549072,,0.160221756,0.081309736,1357,True,7.21303166,7.356012425,Homonymy,N,True,r5r8zoalta,169,62
port,M2_b_M1_b,port_M2,It was a sweet port.,http://id.loc.gov/authorities/subjects/sh85105055,Port wine,port_M1,It was a seaside port.,http://id.loc.gov/authorities/subjects/sh85058838,Harbors,False,11.0,0,0.47877341508865356,,0.214503407,0.070518613,807,True,6.693323668,7.337844318,Homonymy,N,False,5zu5xn1fq8,231,62
port,M2_a_M1_a,port_M2,It was a delicious port.,http://id.loc.gov/authorities/subjects/sh85105055,Port wine,port_M1,It was a windy port.,http://id.loc.gov/authorities/subjects/sh85058838,Harbors,False,11.0,0,0.47877341508865356,,0.225065172,0.076441467,859,True,6.755768922,7.356012425,Homonymy,N,False,koccaak1qr,207,62
port,M1_a_M1_b,port_M1,It was a windy port.,http://id.loc.gov/authorities/subjects/sh85058838,Harbors,port_M1,It was a seaside port.,http://id.loc.gov/authorities/subjects/sh85058838,Harbors,True,0.0,1,0.028091013431549072,,0.160221756,0.081309736,2121,True,7.659642955,7.337844318,Homonymy,N,True,kfp2rkd57s,111,62
port,M2_b_M1_b,port_M2,It was a sweet port.,http://id.loc.gov/authorities/subjects/sh85105055,Port wine,port_M1,It was a seaside port.,http://id.loc.gov/authorities/subjects/sh85058838,Harbors,False,11.0,0,0.47877341508865356,,0.214503407,0.070518613,1063,True,6.968850378,7.337844318,Homonymy,N,False,y4puhchaf9,31,62
port,M2_b_M2_a,port_M2,It was a sweet port.,http://id.loc.gov/authorities/subjects/sh85105055,Port wine,port_M2,It was a delicious port.,http://id.loc.gov/authorities/subjects/sh85105055,Port wine,True,0.0,1,0.014467716217041016,,0.06746316,0.034573555,1414,False,7.254177846,7.575999125,Homonymy,N,True,92yp2w9v56,79,62
port,M1_b_M2_a,port_M1,It was a seaside port.,http://id.loc.gov/authorities/subjects/sh85058838,Harbors,port_M2,It was a delicious port.,http://id.loc.gov/authorities/subjects/sh85105055,Port wine,False,11.0,0,0.47877341508865356,,0.208070636,0.083219051,1065,False,6.970730078,7.575999125,Homonymy,N,False,gdwec44k4r,129,62
port,M1_b_M1_a,port_M1,It was a seaside port.,http://id.loc.gov/authorities/subjects/sh85058838,Harbors,port_M1,It was a windy port.,http://id.loc.gov/authorities/subjects/sh85058838,Harbors,True,0.0,1,0.028091013431549072,,0.160221756,0.081309736,1436,False,7.26961675,7.356012425,Homonymy,N,True,z02r2dprrd,65,62
port,M2_b_M1_b,port_M2,It was a sweet port.,http://id.loc.gov/authorities/subjects/sh85105055,Port wine,port_M1,It was a seaside port.,http://id.loc.gov/authorities/subjects/sh85058838,Harbors,False,11.0,0,0.47877341508865356,,0.214503407,0.070518613,765,True,6.639875834,7.337844318,Homonymy,N,False,0l5gfo1s81,229,62
port,M1_a_M1_b,port_M1,It was a windy port.,http://id.loc.gov/authorities/subjects/sh85058838,Harbors,port_M1,It was a seaside port.,http://id.loc.gov/authorities/subjects/sh85058838,Harbors,True,0.0,1,0.028091013431549072,,0.160221756,0.081309736,1194,True,7.085064294,7.337844318,Homonymy,N,True,zjgl4twyhs,185,62
port,M2_b_M1_a,port_M2,It was a sweet port.,http://id.loc.gov/authorities/subjects/sh85105055,Port wine,port_M1,It was a windy port.,http://id.loc.gov/authorities/subjects/sh85058838,Harbors,False,11.0,0,0.47877341508865356,,0.230878294,0.060819387,1003,True,6.910750788,7.356012425,Homonymy,N,False,hs560646yd,245,62
port,M1_b_M2_b,port_M1,It was a seaside port.,http://id.loc.gov/authorities/subjects/sh85058838,Harbors,port_M2,It was a sweet port.,http://id.loc.gov/authorities/subjects/sh85105055,Port wine,False,11.0,0,0.47877341508865356,,0.214503407,0.070518613,1092,False,6.995766156,7.356231355,Homonymy,N,False,uy86my9o9s,69,62
port,M1_a_M2_b,port_M1,It was a windy port.,http://id.loc.gov/authorities/subjects/sh85058838,Harbors,port_M2,It was a sweet port.,http://id.loc.gov/authorities/subjects/sh85105055,Port wine,False,11.0,0,0.47877341508865356,,0.230878294,0.060819387,889,False,6.790097236,7.356231355,Homonymy,N,False,7hhbw0w7y1,71,62
port,M2_b_M1_b,port_M2,It was a sweet port.,http://id.loc.gov/authorities/subjects/sh85105055,Port wine,port_M1,It was a seaside port.,http://id.loc.gov/authorities/subjects/sh85058838,Harbors,False,11.0,0,0.47877341508865356,,0.214503407,0.070518613,763,True,6.637258031,7.337844318,Homonymy,N,False,ygz7kz72u2,49,62
port,M1_b_M2_a,port_M1,It was a seaside port.,http://id.loc.gov/authorities/subjects/sh85058838,Harbors,port_M2,It was a delicious port.,http://id.loc.gov/authorities/subjects/sh85105055,Port wine,False,11.0,0,0.47877341508865356,,0.208070636,0.083219051,1067,False,6.972606251,7.575999125,Homonymy,N,False,aekg0u74jn,141,62
port,M2_a_M1_b,port_M2,It was a delicious port.,http://id.loc.gov/authorities/subjects/sh85105055,Port wine,port_M1,It was a seaside port.,http://id.loc.gov/authorities/subjects/sh85058838,Harbors,False,11.0,0,0.47877341508865356,,0.208070636,0.083219051,1215,True,7.102499356,7.337844318,Homonymy,N,False,4q5dxb7nhf,191,62
port,M1_b_M1_a,port_M1,It was a seaside port.,http://id.loc.gov/authorities/subjects/sh85058838,Harbors,port_M1,It was a windy port.,http://id.loc.gov/authorities/subjects/sh85058838,Harbors,True,0.0,1,0.028091013431549072,,0.160221756,0.081309736,1908,True,7.553810852,7.356012425,Homonymy,N,True,yoo60pl9o6,161,62
port,M1_a_M1_b,port_M1,It was a windy port.,http://id.loc.gov/authorities/subjects/sh85058838,Harbors,port_M1,It was a seaside port.,http://id.loc.gov/authorities/subjects/sh85058838,Harbors,True,0.0,1,0.028091013431549072,,0.160221756,0.081309736,1062,True,6.967909202,7.337844318,Homonymy,N,True,zglqpt5fh7,177,62
port,M2_b_M1_b,port_M2,It was a sweet port.,http://id.loc.gov/authorities/subjects/sh85105055,Port wine,port_M1,It was a seaside port.,http://id.loc.gov/authorities/subjects/sh85058838,Harbors,False,11.0,0,0.47877341508865356,,0.214503407,0.070518613,786,True,6.666956792,7.337844318,Homonymy,N,False,79d4rp4wbh,139,62
port,M2_a_M1_a,port_M2,It was a delicious port.,http://id.loc.gov/authorities/subjects/sh85105055,Port wine,port_M1,It was a windy port.,http://id.loc.gov/authorities/subjects/sh85058838,Harbors,False,11.0,0,0.47877341508865356,,0.225065172,0.076441467,1137,True,7.036148494,7.356012425,Homonymy,N,False,2usccf4uxc,49,62
port,M1_a_M1_b,port_M1,It was a windy port.,http://id.loc.gov/authorities/subjects/sh85058838,Harbors,port_M1,It was a seaside port.,http://id.loc.gov/authorities/subjects/sh85058838,Harbors,True,0.0,1,0.028091013431549072,,0.160221756,0.081309736,767,True,6.642486801,7.337844318,Homonymy,N,True,sndaggja6a,169,62
port,M1_a_M1_b,port_M1,It was a windy port.,http://id.loc.gov/authorities/subjects/sh85058838,Harbors,port_M1,It was a seaside port.,http://id.loc.gov/authorities/subjects/sh85058838,Harbors,True,0.0,1,0.028091013431549072,,0.160221756,0.081309736,877,True,6.776506992,7.337844318,Homonymy,N,True,bqho6xb6vp,121,62
port,M2_b_M1_b,port_M2,It was a sweet port.,http://id.loc.gov/authorities/subjects/sh85105055,Port wine,port_M1,It was a seaside port.,http://id.loc.gov/authorities/subjects/sh85058838,Harbors,False,11.0,0,0.47877341508865356,,0.214503407,0.070518613,1486,True,7.303843225,7.337844318,Homonymy,N,False,vm3yk3su0e,219,62
port,M1_a_M2_a,port_M1,It was a windy port.,http://id.loc.gov/authorities/subjects/sh85058838,Harbors,port_M2,It was a delicious port.,http://id.loc.gov/authorities/subjects/sh85105055,Port wine,False,11.0,0,0.47877341508865356,,0.225065172,0.076441467,959,False,6.865891075,7.575999125,Homonymy,N,False,l4avquduxt,97,62
port,M1_a_M2_b,port_M1,It was a windy port.,http://id.loc.gov/authorities/subjects/sh85058838,Harbors,port_M2,It was a sweet port.,http://id.loc.gov/authorities/subjects/sh85105055,Port wine,False,11.0,0,0.47877341508865356,,0.230878294,0.060819387,1688,False,7.431299675,7.356231355,Homonymy,N,False,dthp9ekqaq,47,62
port,M2_a_M1_b,port_M2,It was a delicious port.,http://id.loc.gov/authorities/subjects/sh85105055,Port wine,port_M1,It was a seaside port.,http://id.loc.gov/authorities/subjects/sh85058838,Harbors,False,11.0,0,0.47877341508865356,,0.208070636,0.083219051,1059,True,6.965080346,7.337844318,Homonymy,N,False,4edk6y2wlk,101,62
port,M2_a_M1_a,port_M2,It was a delicious port.,http://id.loc.gov/authorities/subjects/sh85105055,Port wine,port_M1,It was a windy port.,http://id.loc.gov/authorities/subjects/sh85058838,Harbors,False,11.0,0,0.47877341508865356,,0.225065172,0.076441467,1097,True,7.00033446,7.356012425,Homonymy,N,False,1qywoodmd2,115,62
port,M2_a_M2_b,port_M2,It was a delicious port.,http://id.loc.gov/authorities/subjects/sh85105055,Port wine,port_M2,It was a sweet port.,http://id.loc.gov/authorities/subjects/sh85105055,Port wine,True,0.0,1,0.014467716217041016,,0.06746316,0.034573555,1149,False,7.046647278,7.356231355,Homonymy,N,True,qpgf6y0h0r,127,62
port,M2_b_M1_a,port_M2,It was a sweet port.,http://id.loc.gov/authorities/subjects/sh85105055,Port wine,port_M1,It was a windy port.,http://id.loc.gov/authorities/subjects/sh85058838,Harbors,False,11.0,0,0.47877341508865356,,0.230878294,0.060819387,2454,True,7.805474625,7.356012425,Homonymy,N,False,d4b99ue0tu,79,62
port,M1_b_M1_a,port_M1,It was a seaside port.,http://id.loc.gov/authorities/subjects/sh85058838,Harbors,port_M1,It was a windy port.,http://id.loc.gov/authorities/subjects/sh85058838,Harbors,True,0.0,1,0.028091013431549072,,0.160221756,0.081309736,805,True,6.690842277,7.356012425,Homonymy,N,True,dcy113hjjm,63,62
port,M2_b_M1_a,port_M2,It was a sweet port.,http://id.loc.gov/authorities/subjects/sh85105055,Port wine,port_M1,It was a windy port.,http://id.loc.gov/authorities/subjects/sh85058838,Harbors,False,11.0,0,0.47877341508865356,,0.230878294,0.060819387,1192,True,7.083387848,7.356012425,Homonymy,N,False,xesfu0h98k,119,62
port,M1_b_M2_a,port_M1,It was a seaside port.,http://id.loc.gov/authorities/subjects/sh85058838,Harbors,port_M2,It was a delicious port.,http://id.loc.gov/authorities/subjects/sh85105055,Port wine,False,11.0,0,0.47877341508865356,,0.208070636,0.083219051,1606,False,7.381501895,7.575999125,Homonymy,N,False,h0th05ppt7,153,62
port,M1_a_M1_b,port_M1,It was a windy port.,http://id.loc.gov/authorities/subjects/sh85058838,Harbors,port_M1,It was a seaside port.,http://id.loc.gov/authorities/subjects/sh85058838,Harbors,True,0.0,1,0.028091013431549072,,0.160221756,0.081309736,1164,True,7.059617628,7.337844318,Homonymy,N,True,5jdbzv6v5c,33,62
port,M1_a_M2_b,port_M1,It was a windy port.,http://id.loc.gov/authorities/subjects/sh85058838,Harbors,port_M2,It was a sweet port.,http://id.loc.gov/authorities/subjects/sh85105055,Port wine,False,11.0,0,0.47877341508865356,,0.230878294,0.060819387,734,False,6.598509029,7.356231355,Homonymy,N,False,p7h7xsjj50,125,62
port,M1_b_M1_a,port_M1,It was a seaside port.,http://id.loc.gov/authorities/subjects/sh85058838,Harbors,port_M1,It was a windy port.,http://id.loc.gov/authorities/subjects/sh85058838,Harbors,True,0.0,1,0.028091013431549072,,0.160221756,0.081309736,816,True,6.704414355,7.356012425,Homonymy,N,True,g3flm4j14z,219,62
port,M1_b_M2_b,port_M1,It was a seaside port.,http://id.loc.gov/authorities/subjects/sh85058838,Harbors,port_M2,It was a sweet port.,http://id.loc.gov/authorities/subjects/sh85105055,Port wine,False,11.0,0,0.47877341508865356,,0.214503407,0.070518613,1019,False,6.926577033,7.356231355,Homonymy,N,False,864zg5t8jb,217,62
port,M1_b_M1_a,port_M1,It was a seaside port.,http://id.loc.gov/authorities/subjects/sh85058838,Harbors,port_M1,It was a windy port.,http://id.loc.gov/authorities/subjects/sh85058838,Harbors,True,0.0,1,0.028091013431549072,,0.160221756,0.081309736,1171,True,7.065613364,7.356012425,Homonymy,N,True,7poq0nl7yt,183,62
port,M1_b_M2_b,port_M1,It was a seaside port.,http://id.loc.gov/authorities/subjects/sh85058838,Harbors,port_M2,It was a sweet port.,http://id.loc.gov/authorities/subjects/sh85105055,Port wine,False,11.0,0,0.47877341508865356,,0.214503407,0.070518613,1437,False,7.270312886,7.356231355,Homonymy,N,False,kcv5v2zj80,33,62
port,M1_b_M1_a,port_M1,It was a seaside port.,http://id.loc.gov/authorities/subjects/sh85058838,Harbors,port_M1,It was a windy port.,http://id.loc.gov/authorities/subjects/sh85058838,Harbors,True,0.0,1,0.028091013431549072,,0.160221756,0.081309736,1360,True,7.215239979,7.356012425,Homonymy,N,True,skb4uv2kf9,65,62
port,M1_b_M2_b,port_M1,It was a seaside port.,http://id.loc.gov/authorities/subjects/sh85058838,Harbors,port_M2,It was a sweet port.,http://id.loc.gov/authorities/subjects/sh85105055,Port wine,False,11.0,0,0.47877341508865356,,0.214503407,0.070518613,2264,False,7.724888439,7.356231355,Homonymy,N,False,02cpp7rcbk,39,62
port,M1_a_M2_b,port_M1,It was a windy port.,http://id.loc.gov/authorities/subjects/sh85058838,Harbors,port_M2,It was a sweet port.,http://id.loc.gov/authorities/subjects/sh85105055,Port wine,False,11.0,0,0.47877341508865356,,0.230878294,0.060819387,1082,False,6.986566459,7.356231355,Homonymy,N,False,a0u2yg5j7e,201,62
port,M2_a_M1_b,port_M2,It was a delicious port.,http://id.loc.gov/authorities/subjects/sh85105055,Port wine,port_M1,It was a seaside port.,http://id.loc.gov/authorities/subjects/sh85058838,Harbors,False,11.0,0,0.47877341508865356,,0.208070636,0.083219051,3782,True,8.238008249,7.337844318,Homonymy,N,False,3uxmxe02py,163,62
port,M1_b_M2_b,port_M1,It was a seaside port.,http://id.loc.gov/authorities/subjects/sh85058838,Harbors,port_M2,It was a sweet port.,http://id.loc.gov/authorities/subjects/sh85105055,Port wine,False,11.0,0,0.47877341508865356,,0.214503407,0.070518613,1414,False,7.254177846,7.356231355,Homonymy,N,False,du57z90equ,121,62
port,M1_b_M2_a,port_M1,It was a seaside port.,http://id.loc.gov/authorities/subjects/sh85058838,Harbors,port_M2,It was a delicious port.,http://id.loc.gov/authorities/subjects/sh85105055,Port wine,False,11.0,0,0.47877341508865356,,0.208070636,0.083219051,618,False,6.426488457,7.575999125,Homonymy,N,False,k9k5bl7bsa,91,62
port,M2_b_M1_a,port_M2,It was a sweet port.,http://id.loc.gov/authorities/subjects/sh85105055,Port wine,port_M1,It was a windy port.,http://id.loc.gov/authorities/subjects/sh85058838,Harbors,False,11.0,0,0.47877341508865356,,0.230878294,0.060819387,1767,True,7.477038472,7.356012425,Homonymy,N,False,aq8lxy7f2y,241,62
port,M2_a_M2_b,port_M2,It was a delicious port.,http://id.loc.gov/authorities/subjects/sh85105055,Port wine,port_M2,It was a sweet port.,http://id.loc.gov/authorities/subjects/sh85105055,Port wine,True,0.0,1,0.014467716217041016,,0.06746316,0.034573555,848,False,6.742880636,7.356231355,Homonymy,N,True,o40xglp55j,31,62
port,M2_b_M1_a,port_M2,It was a sweet port.,http://id.loc.gov/authorities/subjects/sh85105055,Port wine,port_M1,It was a windy port.,http://id.loc.gov/authorities/subjects/sh85058838,Harbors,False,11.0,0,0.47877341508865356,,0.230878294,0.060819387,2141,True,7.669028289,7.356012425,Homonymy,N,False,y52zt9vjyf,163,62
port,M1_b_M2_a,port_M1,It was a seaside port.,http://id.loc.gov/authorities/subjects/sh85058838,Harbors,port_M2,It was a delicious port.,http://id.loc.gov/authorities/subjects/sh85105055,Port wine,False,11.0,0,0.47877341508865356,,0.208070636,0.083219051,646,False,6.470799504,7.575999125,Homonymy,N,False,meaaxoxjw2,55,62
port,M2_b_M1_b,port_M2,It was a sweet port.,http://id.loc.gov/authorities/subjects/sh85105055,Port wine,port_M1,It was a seaside port.,http://id.loc.gov/authorities/subjects/sh85058838,Harbors,False,11.0,0,0.47877341508865356,,0.214503407,0.070518613,1627,True,7.394493107,7.337844318,Homonymy,N,False,rrded0u35m,199,62
port,M2_a_M1_a,port_M2,It was a delicious port.,http://id.loc.gov/authorities/subjects/sh85105055,Port wine,port_M1,It was a windy port.,http://id.loc.gov/authorities/subjects/sh85058838,Harbors,False,11.0,0,0.47877341508865356,,0.225065172,0.076441467,1594,False,7.374001859,7.356012425,Homonymy,N,False,tb47bk2csv,185,62
port,M2_b_M1_b,port_M2,It was a sweet port.,http://id.loc.gov/authorities/subjects/sh85105055,Port wine,port_M1,It was a seaside port.,http://id.loc.gov/authorities/subjects/sh85058838,Harbors,False,11.0,0,0.47877341508865356,,0.214503407,0.070518613,849,True,6.744059186,7.337844318,Homonymy,N,False,gtj74gj1hs,211,62
port,M1_a_M2_b,port_M1,It was a windy port.,http://id.loc.gov/authorities/subjects/sh85058838,Harbors,port_M2,It was a sweet port.,http://id.loc.gov/authorities/subjects/sh85105055,Port wine,False,11.0,0,0.47877341508865356,,0.230878294,0.060819387,789,False,6.670766321,7.356231355,Homonymy,N,False,phcg9go4je,241,62
port,M1_b_M1_a,port_M1,It was a seaside port.,http://id.loc.gov/authorities/subjects/sh85058838,Harbors,port_M1,It was a windy port.,http://id.loc.gov/authorities/subjects/sh85058838,Harbors,True,0.0,1,0.028091013431549072,,0.160221756,0.081309736,1106,True,7.008505182,7.356012425,Homonymy,N,True,z2n4w2lvuj,103,62
port,M1_a_M2_b,port_M1,It was a windy port.,http://id.loc.gov/authorities/subjects/sh85058838,Harbors,port_M2,It was a sweet port.,http://id.loc.gov/authorities/subjects/sh85105055,Port wine,False,11.0,0,0.47877341508865356,,0.230878294,0.060819387,1750,True,7.467371067,7.356231355,Homonymy,N,False,kzat707d4c,215,62
port,M2_a_M1_b,port_M2,It was a delicious port.,http://id.loc.gov/authorities/subjects/sh85105055,Port wine,port_M1,It was a seaside port.,http://id.loc.gov/authorities/subjects/sh85058838,Harbors,False,11.0,0,0.47877341508865356,,0.208070636,0.083219051,1169,True,7.063903961,7.337844318,Homonymy,N,False,zc0tcyzalc,59,62
port,M1_b_M2_a,port_M1,It was a seaside port.,http://id.loc.gov/authorities/subjects/sh85058838,Harbors,port_M2,It was a delicious port.,http://id.loc.gov/authorities/subjects/sh85105055,Port wine,False,11.0,0,0.47877341508865356,,0.208070636,0.083219051,1134,False,7.033506484,7.575999125,Homonymy,N,False,4ntjz706ef,145,62
port,M1_a_M2_a,port_M1,It was a windy port.,http://id.loc.gov/authorities/subjects/sh85058838,Harbors,port_M2,It was a delicious port.,http://id.loc.gov/authorities/subjects/sh85105055,Port wine,False,11.0,0,0.47877341508865356,,0.225065172,0.076441467,906,False,6.809039306,7.575999125,Homonymy,N,False,ppv7uctwr1,75,62
port,M1_a_M2_a,port_M1,It was a windy port.,http://id.loc.gov/authorities/subjects/sh85058838,Harbors,port_M2,It was a delicious port.,http://id.loc.gov/authorities/subjects/sh85105055,Port wine,False,11.0,0,0.47877341508865356,,0.225065172,0.076441467,2128,False,7.66293785,7.575999125,Homonymy,N,False,awnat83w0r,251,62
port,M2_b_M1_b,port_M2,It was a sweet port.,http://id.loc.gov/authorities/subjects/sh85105055,Port wine,port_M1,It was a seaside port.,http://id.loc.gov/authorities/subjects/sh85058838,Harbors,False,11.0,0,0.47877341508865356,,0.214503407,0.070518613,714,True,6.570882962,7.337844318,Homonymy,N,False,wo6c5zy1c7,191,62
port,M2_a_M2_b,port_M2,It was a delicious port.,http://id.loc.gov/authorities/subjects/sh85105055,Port wine,port_M2,It was a sweet port.,http://id.loc.gov/authorities/subjects/sh85105055,Port wine,True,0.0,1,0.014467716217041016,,0.06746316,0.034573555,623,True,6.434546519,7.356231355,Homonymy,N,True,zsds20jhhb,101,62
port,M1_b_M1_a,port_M1,It was a seaside port.,http://id.loc.gov/authorities/subjects/sh85058838,Harbors,port_M1,It was a windy port.,http://id.loc.gov/authorities/subjects/sh85058838,Harbors,True,0.0,1,0.028091013431549072,,0.160221756,0.081309736,907,True,6.81014245,7.356012425,Homonymy,N,True,6lbv5uhykm,199,62
port,M2_a_M2_b,port_M2,It was a delicious port.,http://id.loc.gov/authorities/subjects/sh85105055,Port wine,port_M2,It was a sweet port.,http://id.loc.gov/authorities/subjects/sh85105055,Port wine,True,0.0,1,0.014467716217041016,,0.06746316,0.034573555,1208,False,7.096721378,7.356231355,Homonymy,N,True,68a6hn4uvz,45,62
port,M1_b_M2_b,port_M1,It was a seaside port.,http://id.loc.gov/authorities/subjects/sh85058838,Harbors,port_M2,It was a sweet port.,http://id.loc.gov/authorities/subjects/sh85105055,Port wine,False,11.0,0,0.47877341508865356,,0.214503407,0.070518613,919,False,6.823286122,7.356231355,Homonymy,N,False,9xyz8zlap8,139,62
port,M2_a_M1_b,port_M2,It was a delicious port.,http://id.loc.gov/authorities/subjects/sh85105055,Port wine,port_M1,It was a seaside port.,http://id.loc.gov/authorities/subjects/sh85058838,Harbors,False,11.0,0,0.47877341508865356,,0.208070636,0.083219051,1121,True,7.021976423,7.337844318,Homonymy,N,False,r1c2epbxzl,141,62
port,M2_b_M1_a,port_M2,It was a sweet port.,http://id.loc.gov/authorities/subjects/sh85105055,Port wine,port_M1,It was a windy port.,http://id.loc.gov/authorities/subjects/sh85058838,Harbors,False,11.0,0,0.47877341508865356,,0.230878294,0.060819387,645,True,6.469250317,7.356012425,Homonymy,N,False,4e6rrg22h5,209,62
port,M1_b_M1_a,port_M1,It was a seaside port.,http://id.loc.gov/authorities/subjects/sh85058838,Harbors,port_M1,It was a windy port.,http://id.loc.gov/authorities/subjects/sh85058838,Harbors,True,0.0,1,0.028091013431549072,,0.160221756,0.081309736,715,True,6.572282543,7.356012425,Homonymy,N,True,vc2ac751cz,149,62
port,M1_b_M1_a,port_M1,It was a seaside port.,http://id.loc.gov/authorities/subjects/sh85058838,Harbors,port_M1,It was a windy port.,http://id.loc.gov/authorities/subjects/sh85058838,Harbors,True,0.0,1,0.028091013431549072,,0.160221756,0.081309736,738,True,6.603943825,7.356012425,Homonymy,N,True,4suqxr8zom,159,62
port,M1_b_M2_b,port_M1,It was a seaside port.,http://id.loc.gov/authorities/subjects/sh85058838,Harbors,port_M2,It was a sweet port.,http://id.loc.gov/authorities/subjects/sh85105055,Port wine,False,11.0,0,0.47877341508865356,,0.214503407,0.070518613,866,False,6.763884909,7.356231355,Homonymy,N,False,xxh77u2udt,245,62
port,M2_a_M1_b,port_M2,It was a delicious port.,http://id.loc.gov/authorities/subjects/sh85105055,Port wine,port_M1,It was a seaside port.,http://id.loc.gov/authorities/subjects/sh85058838,Harbors,False,11.0,0,0.47877341508865356,,0.208070636,0.083219051,598,False,6.393590754,7.337844318,Homonymy,N,False,xdapyucpqa,171,62
port,M2_b_M1_b,port_M2,It was a sweet port.,http://id.loc.gov/authorities/subjects/sh85105055,Port wine,port_M1,It was a seaside port.,http://id.loc.gov/authorities/subjects/sh85058838,Harbors,False,11.0,0,0.47877341508865356,,0.214503407,0.070518613,1135,False,7.03438793,7.337844318,Homonymy,N,False,6g6ama8qck,229,62
port,M1_b_M1_a,port_M1,It was a seaside port.,http://id.loc.gov/authorities/subjects/sh85058838,Harbors,port_M1,It was a windy port.,http://id.loc.gov/authorities/subjects/sh85058838,Harbors,True,0.0,1,0.028091013431549072,,0.160221756,0.081309736,1043,True,6.949856455,7.356012425,Homonymy,N,True,kgyhdlaomp,209,62
port,M2_b_M1_b,port_M2,It was a sweet port.,http://id.loc.gov/authorities/subjects/sh85105055,Port wine,port_M1,It was a seaside port.,http://id.loc.gov/authorities/subjects/sh85058838,Harbors,False,11.0,0,0.47877341508865356,,0.214503407,0.070518613,734,True,6.598509029,7.337844318,Homonymy,N,False,uaydq1djrs,73,62
port,M2_a_M1_a,port_M2,It was a delicious port.,http://id.loc.gov/authorities/subjects/sh85105055,Port wine,port_M1,It was a windy port.,http://id.loc.gov/authorities/subjects/sh85058838,Harbors,False,11.0,0,0.47877341508865356,,0.225065172,0.076441467,778,True,6.656726524,7.356012425,Homonymy,N,False,m7n1h07aw2,85,62
port,M2_a_M1_a,port_M2,It was a delicious port.,http://id.loc.gov/authorities/subjects/sh85105055,Port wine,port_M1,It was a windy port.,http://id.loc.gov/authorities/subjects/sh85058838,Harbors,False,11.0,0,0.47877341508865356,,0.225065172,0.076441467,1070,True,6.975413927,7.356012425,Homonymy,N,False,4zpuq8ud9x,107,62
port,M1_b_M1_a,port_M1,It was a seaside port.,http://id.loc.gov/authorities/subjects/sh85058838,Harbors,port_M1,It was a windy port.,http://id.loc.gov/authorities/subjects/sh85058838,Harbors,True,0.0,1,0.028091013431549072,,0.160221756,0.081309736,1777,True,7.482681828,7.356012425,Homonymy,N,True,x784e4lcbj,127,62
port,M1_b_M1_a,port_M1,It was a seaside port.,http://id.loc.gov/authorities/subjects/sh85058838,Harbors,port_M1,It was a windy port.,http://id.loc.gov/authorities/subjects/sh85058838,Harbors,True,0.0,1,0.028091013431549072,,0.160221756,0.081309736,922,True,6.826545224,7.356012425,Homonymy,N,True,sufdrtgf9g,115,62
drill,M2_b_M1_a,drill_M2,It was a battery-powered drill.,http://id.loc.gov/authorities/subjects/sh85041662,Electric drills,drill_M1,It was a grueling drill.,http://id.loc.gov/authorities/subjects/sh85039547,Drill and minor tactics,False,inf,0,0.43332815170288086,,0.634080291,0.163684726,1292,True,7.163946684,7.403790527,Homonymy,N,False,78f1p4m7t2,199,60
drill,M1_b_M2_b,drill_M1,It was a challenging drill.,http://id.loc.gov/authorities/subjects/sh85039547,Drill and minor tactics,drill_M2,It was a battery-powered drill.,http://id.loc.gov/authorities/subjects/sh85041662,Electric drills,False,inf,0,0.43332815170288086,,0.656190097,0.18358022,1006,True,6.913737351,7.313061857,Homonymy,N,False,urq6h944hm,95,60
drill,M2_b_M1_a,drill_M2,It was a battery-powered drill.,http://id.loc.gov/authorities/subjects/sh85041662,Electric drills,drill_M1,It was a grueling drill.,http://id.loc.gov/authorities/subjects/sh85039547,Drill and minor tactics,False,inf,0,0.43332815170288086,,0.634080291,0.163684726,1810,False,7.501082124,7.403790527,Homonymy,N,False,1vz3fdcvtw,177,60
drill,M2_a_M1_b,drill_M2,It was an electric drill.,http://id.loc.gov/authorities/subjects/sh85041662,Electric drills,drill_M1,It was a challenging drill.,http://id.loc.gov/authorities/subjects/sh85039547,Drill and minor tactics,False,inf,0,0.43332815170288086,,0.254882514,0.127792597,2408,True,7.786551806,7.448352866,Homonymy,N,False,mwacu22792,197,60
drill,M2_b_M2_a,drill_M2,It was a battery-powered drill.,http://id.loc.gov/authorities/subjects/sh85041662,Electric drills,drill_M2,It was an electric drill.,http://id.loc.gov/authorities/subjects/sh85041662,Electric drills,True,0.0,1,0.04058939218521118,,0.561830163,0.086390257,1209,True,7.097548851,7.356635197,Homonymy,N,True,wsf5xp226q,151,60
drill,M1_a_M2_a,drill_M1,It was a grueling drill.,http://id.loc.gov/authorities/subjects/sh85039547,Drill and minor tactics,drill_M2,It was an electric drill.,http://id.loc.gov/authorities/subjects/sh85041662,Electric drills,False,inf,0,0.43332815170288086,,0.255461097,0.114933491,2424,True,7.793174347,7.356635197,Homonymy,N,False,np8fheoehh,197,60
drill,M2_a_M1_b,drill_M2,It was an electric drill.,http://id.loc.gov/authorities/subjects/sh85041662,Electric drills,drill_M1,It was a challenging drill.,http://id.loc.gov/authorities/subjects/sh85039547,Drill and minor tactics,False,inf,0,0.43332815170288086,,0.254882514,0.127792597,1136,True,7.035268599,7.448352866,Homonymy,N,False,hdblro1e9q,221,60
drill,M2_b_M1_b,drill_M2,It was a battery-powered drill.,http://id.loc.gov/authorities/subjects/sh85041662,Electric drills,drill_M1,It was a challenging drill.,http://id.loc.gov/authorities/subjects/sh85039547,Drill and minor tactics,False,inf,0,0.43332815170288086,,0.656190097,0.18358022,1927,True,7.563719668,7.448352866,Homonymy,N,False,so1m7krwy9,189,60
drill,M1_b_M2_b,drill_M1,It was a challenging drill.,http://id.loc.gov/authorities/subjects/sh85039547,Drill and minor tactics,drill_M2,It was a battery-powered drill.,http://id.loc.gov/authorities/subjects/sh85041662,Electric drills,False,inf,0,0.43332815170288086,,0.656190097,0.18358022,3196,True,8.069655307,7.313061857,Homonymy,N,False,ael4gl3t9n,33,60
drill,M2_b_M1_a,drill_M2,It was a battery-powered drill.,http://id.loc.gov/authorities/subjects/sh85041662,Electric drills,drill_M1,It was a grueling drill.,http://id.loc.gov/authorities/subjects/sh85039547,Drill and minor tactics,False,inf,0,0.43332815170288086,,0.634080291,0.163684726,1960,False,7.580699752,7.403790527,Homonymy,N,False,bjdam1cm56,169,60
drill,M1_a_M2_b,drill_M1,It was a grueling drill.,http://id.loc.gov/authorities/subjects/sh85039547,Drill and minor tactics,drill_M2,It was a battery-powered drill.,http://id.loc.gov/authorities/subjects/sh85041662,Electric drills,False,inf,0,0.43332815170288086,,0.634080291,0.163684726,1007,True,6.914730893,7.313061857,Homonymy,N,False,op2dnqu0a7,237,60
drill,M1_a_M2_a,drill_M1,It was a grueling drill.,http://id.loc.gov/authorities/subjects/sh85039547,Drill and minor tactics,drill_M2,It was an electric drill.,http://id.loc.gov/authorities/subjects/sh85041662,Electric drills,False,inf,0,0.43332815170288086,,0.255461097,0.114933491,814,True,6.701960366,7.356635197,Homonymy,N,False,ze8q4rklbg,211,60
drill,M2_b_M1_a,drill_M2,It was a battery-powered drill.,http://id.loc.gov/authorities/subjects/sh85041662,Electric drills,drill_M1,It was a grueling drill.,http://id.loc.gov/authorities/subjects/sh85039547,Drill and minor tactics,False,inf,0,0.43332815170288086,,0.634080291,0.163684726,1615,True,7.387090236,7.403790527,Homonymy,N,False,h6swhj4mme,143,60
drill,M2_b_M1_b,drill_M2,It was a battery-powered drill.,http://id.loc.gov/authorities/subjects/sh85041662,Electric drills,drill_M1,It was a challenging drill.,http://id.loc.gov/authorities/subjects/sh85039547,Drill and minor tactics,False,inf,0,0.43332815170288086,,0.656190097,0.18358022,2218,True,7.704361168,7.448352866,Homonymy,N,False,spkx08cwjj,159,60
drill,M2_b_M1_a,drill_M2,It was a battery-powered drill.,http://id.loc.gov/authorities/subjects/sh85041662,Electric drills,drill_M1,It was a grueling drill.,http://id.loc.gov/authorities/subjects/sh85039547,Drill and minor tactics,False,inf,0,0.43332815170288086,,0.634080291,0.163684726,1214,False,7.101675972,7.403790527,Homonymy,N,False,flr5bk7hm2,101,60
drill,M1_b_M1_a,drill_M1,It was a challenging drill.,http://id.loc.gov/authorities/subjects/sh85039547,Drill and minor tactics,drill_M1,It was a grueling drill.,http://id.loc.gov/authorities/subjects/sh85039547,Drill and minor tactics,True,0.0,1,0.02788299322128296,,0.147376478,0.046640277,931,False,6.836259277,7.403790527,Homonymy,N,True,kha24hryvm,187,60
drill,M1_b_M2_a,drill_M1,It was a challenging drill.,http://id.loc.gov/authorities/subjects/sh85039547,Drill and minor tactics,drill_M2,It was an electric drill.,http://id.loc.gov/authorities/subjects/sh85041662,Electric drills,False,inf,0,0.43332815170288086,,0.254882514,0.127792597,2013,True,7.607381426,7.356635197,Homonymy,N,False,nrxcy3jh2z,31,60
drill,M1_a_M2_b,drill_M1,It was a grueling drill.,http://id.loc.gov/authorities/subjects/sh85039547,Drill and minor tactics,drill_M2,It was a battery-powered drill.,http://id.loc.gov/authorities/subjects/sh85041662,Electric drills,False,inf,0,0.43332815170288086,,0.634080291,0.163684726,2288,True,7.735433352,7.313061857,Homonymy,N,False,wdgq8cekjp,71,60
drill,M1_b_M2_a,drill_M1,It was a challenging drill.,http://id.loc.gov/authorities/subjects/sh85039547,Drill and minor tactics,drill_M2,It was an electric drill.,http://id.loc.gov/authorities/subjects/sh85041662,Electric drills,False,inf,0,0.43332815170288086,,0.254882514,0.127792597,1534,True,7.335633982,7.356635197,Homonymy,N,False,se4vr7yp8v,107,60
drill,M1_b_M2_b,drill_M1,It was a challenging drill.,http://id.loc.gov/authorities/subjects/sh85039547,Drill and minor tactics,drill_M2,It was a battery-powered drill.,http://id.loc.gov/authorities/subjects/sh85041662,Electric drills,False,inf,0,0.43332815170288086,,0.656190097,0.18358022,2119,True,7.658699558,7.313061857,Homonymy,N,False,r5r8zoalta,141,60
drill,M2_b_M2_a,drill_M2,It was a battery-powered drill.,http://id.loc.gov/authorities/subjects/sh85041662,Electric drills,drill_M2,It was an electric drill.,http://id.loc.gov/authorities/subjects/sh85041662,Electric drills,True,0.0,1,0.04058939218521118,,0.561830163,0.086390257,884,True,6.784457063,7.356635197,Homonymy,N,True,ezjkm10dx5,137,60
drill,M1_a_M1_b,drill_M1,It was a grueling drill.,http://id.loc.gov/authorities/subjects/sh85039547,Drill and minor tactics,drill_M1,It was a challenging drill.,http://id.loc.gov/authorities/subjects/sh85039547,Drill and minor tactics,True,0.0,1,0.02788299322128296,,0.147376478,0.046640277,928,True,6.833031733,7.448352866,Homonymy,N,True,ra0zaqlxos,95,60
drill,M1_a_M2_b,drill_M1,It was a grueling drill.,http://id.loc.gov/authorities/subjects/sh85039547,Drill and minor tactics,drill_M2,It was a battery-powered drill.,http://id.loc.gov/authorities/subjects/sh85041662,Electric drills,False,inf,0,0.43332815170288086,,0.634080291,0.163684726,1467,True,7.290974778,7.313061857,Homonymy,N,False,961ytz4h4r,189,60
drill,M1_b_M2_a,drill_M1,It was a challenging drill.,http://id.loc.gov/authorities/subjects/sh85039547,Drill and minor tactics,drill_M2,It was an electric drill.,http://id.loc.gov/authorities/subjects/sh85041662,Electric drills,False,inf,0,0.43332815170288086,,0.254882514,0.127792597,888,True,6.788971743,7.356635197,Homonymy,N,False,evdgzy3cvj,163,60
drill,M1_a_M1_b,drill_M1,It was a grueling drill.,http://id.loc.gov/authorities/subjects/sh85039547,Drill and minor tactics,drill_M1,It was a challenging drill.,http://id.loc.gov/authorities/subjects/sh85039547,Drill and minor tactics,True,0.0,1,0.02788299322128296,,0.147376478,0.046640277,1143,True,7.041411664,7.448352866,Homonymy,N,True,meoc92246n,83,60
drill,M1_b_M2_b,drill_M1,It was a challenging drill.,http://id.loc.gov/authorities/subjects/sh85039547,Drill and minor tactics,drill_M2,It was a battery-powered drill.,http://id.loc.gov/authorities/subjects/sh85041662,Electric drills,False,inf,0,0.43332815170288086,,0.656190097,0.18358022,915,False,6.818924065,7.313061857,Homonymy,N,False,0jrp4p98ro,221,60
drill,M1_b_M2_b,drill_M1,It was a challenging drill.,http://id.loc.gov/authorities/subjects/sh85039547,Drill and minor tactics,drill_M2,It was a battery-powered drill.,http://id.loc.gov/authorities/subjects/sh85041662,Electric drills,False,inf,0,0.43332815170288086,,0.656190097,0.18358022,756,True,6.628041376,7.313061857,Homonymy,N,False,koccaak1qr,181,60
drill,M1_a_M2_b,drill_M1,It was a grueling drill.,http://id.loc.gov/authorities/subjects/sh85039547,Drill and minor tactics,drill_M2,It was a battery-powered drill.,http://id.loc.gov/authorities/subjects/sh85041662,Electric drills,False,inf,0,0.43332815170288086,,0.634080291,0.163684726,979,True,6.886531643,7.313061857,Homonymy,N,False,tfq4ylwp1x,131,60
drill,M1_b_M2_b,drill_M1,It was a challenging drill.,http://id.loc.gov/authorities/subjects/sh85039547,Drill and minor tactics,drill_M2,It was a battery-powered drill.,http://id.loc.gov/authorities/subjects/sh85041662,Electric drills,False,inf,0,0.43332815170288086,,0.656190097,0.18358022,1240,True,7.122866659,7.313061857,Homonymy,N,False,nuoxoyemfp,235,60
drill,M2_a_M2_b,drill_M2,It was an electric drill.,http://id.loc.gov/authorities/subjects/sh85041662,Electric drills,drill_M2,It was a battery-powered drill.,http://id.loc.gov/authorities/subjects/sh85041662,Electric drills,True,0.0,1,0.04058939218521118,,0.561830163,0.086390257,1004,True,6.9117473,7.313061857,Homonymy,N,True,69bk8m4fc2,75,60
drill,M1_b_M2_b,drill_M1,It was a challenging drill.,http://id.loc.gov/authorities/subjects/sh85039547,Drill and minor tactics,drill_M2,It was a battery-powered drill.,http://id.loc.gov/authorities/subjects/sh85041662,Electric drills,False,inf,0,0.43332815170288086,,0.656190097,0.18358022,1900,True,7.549609165,7.313061857,Homonymy,N,False,j9vhr9vzec,77,60
drill,M1_b_M1_a,drill_M1,It was a challenging drill.,http://id.loc.gov/authorities/subjects/sh85039547,Drill and minor tactics,drill_M1,It was a grueling drill.,http://id.loc.gov/authorities/subjects/sh85039547,Drill and minor tactics,True,0.0,1,0.02788299322128296,,0.147376478,0.046640277,1365,True,7.218909708,7.403790527,Homonymy,N,True,kfp2rkd57s,185,60
drill,M2_a_M1_b,drill_M2,It was an electric drill.,http://id.loc.gov/authorities/subjects/sh85041662,Electric drills,drill_M1,It was a challenging drill.,http://id.loc.gov/authorities/subjects/sh85039547,Drill and minor tactics,False,inf,0,0.43332815170288086,,0.254882514,0.127792597,15080,False,9.621124642,7.448352866,Homonymy,N,False,m3g5101vta,123,60
drill,M1_a_M2_a,drill_M1,It was a grueling drill.,http://id.loc.gov/authorities/subjects/sh85039547,Drill and minor tactics,drill_M2,It was an electric drill.,http://id.loc.gov/authorities/subjects/sh85041662,Electric drills,False,inf,0,0.43332815170288086,,0.255461097,0.114933491,1969,True,7.585281079,7.356635197,Homonymy,N,False,kd178dnoub,35,60
drill,M2_b_M1_b,drill_M2,It was a battery-powered drill.,http://id.loc.gov/authorities/subjects/sh85041662,Electric drills,drill_M1,It was a challenging drill.,http://id.loc.gov/authorities/subjects/sh85039547,Drill and minor tactics,False,inf,0,0.43332815170288086,,0.656190097,0.18358022,972,True,6.879355804,7.448352866,Homonymy,N,False,92yp2w9v56,179,60
drill,M2_a_M1_b,drill_M2,It was an electric drill.,http://id.loc.gov/authorities/subjects/sh85041662,Electric drills,drill_M1,It was a challenging drill.,http://id.loc.gov/authorities/subjects/sh85039547,Drill and minor tactics,False,inf,0,0.43332815170288086,,0.254882514,0.127792597,1088,True,6.992096427,7.448352866,Homonymy,N,False,gdwec44k4r,143,60
drill,M2_b_M1_a,drill_M2,It was a battery-powered drill.,http://id.loc.gov/authorities/subjects/sh85041662,Electric drills,drill_M1,It was a grueling drill.,http://id.loc.gov/authorities/subjects/sh85039547,Drill and minor tactics,False,inf,0,0.43332815170288086,,0.634080291,0.163684726,1273,True,7.149131599,7.403790527,Homonymy,N,False,z02r2dprrd,213,60
drill,M1_a_M1_b,drill_M1,It was a grueling drill.,http://id.loc.gov/authorities/subjects/sh85039547,Drill and minor tactics,drill_M1,It was a challenging drill.,http://id.loc.gov/authorities/subjects/sh85039547,Drill and minor tactics,True,0.0,1,0.02788299322128296,,0.147376478,0.046640277,1210,True,7.098375639,7.448352866,Homonymy,N,True,emcqel00x3,197,60
drill,M1_b_M2_a,drill_M1,It was a challenging drill.,http://id.loc.gov/authorities/subjects/sh85039547,Drill and minor tactics,drill_M2,It was an electric drill.,http://id.loc.gov/authorities/subjects/sh85041662,Electric drills,False,inf,0,0.43332815170288086,,0.254882514,0.127792597,3879,False,8.263332667,7.356635197,Homonymy,N,False,zjgl4twyhs,31,60
drill,M1_b_M1_a,drill_M1,It was a challenging drill.,http://id.loc.gov/authorities/subjects/sh85039547,Drill and minor tactics,drill_M1,It was a grueling drill.,http://id.loc.gov/authorities/subjects/sh85039547,Drill and minor tactics,True,0.0,1,0.02788299322128296,,0.147376478,0.046640277,907,True,6.81014245,7.403790527,Homonymy,N,True,hs560646yd,111,60
drill,M2_b_M2_a,drill_M2,It was a battery-powered drill.,http://id.loc.gov/authorities/subjects/sh85041662,Electric drills,drill_M2,It was an electric drill.,http://id.loc.gov/authorities/subjects/sh85041662,Electric drills,True,0.0,1,0.04058939218521118,,0.561830163,0.086390257,1659,True,7.41397029,7.356635197,Homonymy,N,True,uy86my9o9s,61,60
drill,M2_a_M1_b,drill_M2,It was an electric drill.,http://id.loc.gov/authorities/subjects/sh85041662,Electric drills,drill_M1,It was a challenging drill.,http://id.loc.gov/authorities/subjects/sh85039547,Drill and minor tactics,False,inf,0,0.43332815170288086,,0.254882514,0.127792597,1578,True,7.363913501,7.448352866,Homonymy,N,False,unzj7yx25l,135,60
drill,M2_a_M2_b,drill_M2,It was an electric drill.,http://id.loc.gov/authorities/subjects/sh85041662,Electric drills,drill_M2,It was a battery-powered drill.,http://id.loc.gov/authorities/subjects/sh85041662,Electric drills,True,0.0,1,0.04058939218521118,,0.561830163,0.086390257,1443,True,7.274479559,7.313061857,Homonymy,N,True,4q5dxb7nhf,205,60
drill,M1_a_M1_b,drill_M1,It was a grueling drill.,http://id.loc.gov/authorities/subjects/sh85039547,Drill and minor tactics,drill_M1,It was a challenging drill.,http://id.loc.gov/authorities/subjects/sh85039547,Drill and minor tactics,True,0.0,1,0.02788299322128296,,0.147376478,0.046640277,1001,True,6.908754779,7.448352866,Homonymy,N,True,yoo60pl9o6,117,60
drill,M1_b_M1_a,drill_M1,It was a challenging drill.,http://id.loc.gov/authorities/subjects/sh85039547,Drill and minor tactics,drill_M1,It was a grueling drill.,http://id.loc.gov/authorities/subjects/sh85039547,Drill and minor tactics,True,0.0,1,0.02788299322128296,,0.147376478,0.046640277,1110,True,7.012115294,7.403790527,Homonymy,N,True,prlu1sa9my,85,60
drill,M2_b_M1_a,drill_M2,It was a battery-powered drill.,http://id.loc.gov/authorities/subjects/sh85041662,Electric drills,drill_M1,It was a grueling drill.,http://id.loc.gov/authorities/subjects/sh85039547,Drill and minor tactics,False,inf,0,0.43332815170288086,,0.634080291,0.163684726,2252,True,7.719573989,7.403790527,Homonymy,N,False,79d4rp4wbh,127,60
drill,M1_b_M2_a,drill_M1,It was a challenging drill.,http://id.loc.gov/authorities/subjects/sh85039547,Drill and minor tactics,drill_M2,It was an electric drill.,http://id.loc.gov/authorities/subjects/sh85041662,Electric drills,False,inf,0,0.43332815170288086,,0.254882514,0.127792597,795,True,6.678342115,7.356635197,Homonymy,N,False,2usccf4uxc,197,60
drill,M1_b_M1_a,drill_M1,It was a challenging drill.,http://id.loc.gov/authorities/subjects/sh85039547,Drill and minor tactics,drill_M1,It was a grueling drill.,http://id.loc.gov/authorities/subjects/sh85039547,Drill and minor tactics,True,0.0,1,0.02788299322128296,,0.147376478,0.046640277,967,False,6.874198495,7.403790527,Homonymy,N,True,sndaggja6a,109,60
drill,M1_b_M2_a,drill_M1,It was a challenging drill.,http://id.loc.gov/authorities/subjects/sh85039547,Drill and minor tactics,drill_M2,It was an electric drill.,http://id.loc.gov/authorities/subjects/sh85041662,Electric drills,False,inf,0,0.43332815170288086,,0.254882514,0.127792597,959,True,6.865891075,7.356635197,Homonymy,N,False,3focjo2q2y,81,60
drill,M2_a_M1_b,drill_M2,It was an electric drill.,http://id.loc.gov/authorities/subjects/sh85041662,Electric drills,drill_M1,It was a challenging drill.,http://id.loc.gov/authorities/subjects/sh85039547,Drill and minor tactics,False,inf,0,0.43332815170288086,,0.254882514,0.127792597,820,False,6.70930434,7.448352866,Homonymy,N,False,dol693zfl0,73,60
drill,M1_a_M2_b,drill_M1,It was a grueling drill.,http://id.loc.gov/authorities/subjects/sh85039547,Drill and minor tactics,drill_M2,It was a battery-powered drill.,http://id.loc.gov/authorities/subjects/sh85041662,Electric drills,False,inf,0,0.43332815170288086,,0.634080291,0.163684726,1559,True,7.351799869,7.313061857,Homonymy,N,False,8tl61v5cpb,181,60
drill,M1_a_M2_a,drill_M1,It was a grueling drill.,http://id.loc.gov/authorities/subjects/sh85039547,Drill and minor tactics,drill_M2,It was an electric drill.,http://id.loc.gov/authorities/subjects/sh85041662,Electric drills,False,inf,0,0.43332815170288086,,0.255461097,0.114933491,1486,True,7.303843225,7.356635197,Homonymy,N,False,4edk6y2wlk,201,60
drill,M2_a_M2_b,drill_M2,It was an electric drill.,http://id.loc.gov/authorities/subjects/sh85041662,Electric drills,drill_M2,It was a battery-powered drill.,http://id.loc.gov/authorities/subjects/sh85041662,Electric drills,True,0.0,1,0.04058939218521118,,0.561830163,0.086390257,952,True,6.858565035,7.313061857,Homonymy,N,True,1qywoodmd2,75,60
drill,M2_b_M1_a,drill_M2,It was a battery-powered drill.,http://id.loc.gov/authorities/subjects/sh85041662,Electric drills,drill_M1,It was a grueling drill.,http://id.loc.gov/authorities/subjects/sh85039547,Drill and minor tactics,False,inf,0,0.43332815170288086,,0.634080291,0.163684726,2781,False,7.930565854,7.403790527,Homonymy,N,False,1wzodbsf7y,139,60
drill,M2_b_M1_b,drill_M2,It was a battery-powered drill.,http://id.loc.gov/authorities/subjects/sh85041662,Electric drills,drill_M1,It was a challenging drill.,http://id.loc.gov/authorities/subjects/sh85039547,Drill and minor tactics,False,inf,0,0.43332815170288086,,0.656190097,0.18358022,1074,True,6.979145275,7.448352866,Homonymy,N,False,qpgf6y0h0r,143,60
drill,M1_a_M1_b,drill_M1,It was a grueling drill.,http://id.loc.gov/authorities/subjects/sh85039547,Drill and minor tactics,drill_M1,It was a challenging drill.,http://id.loc.gov/authorities/subjects/sh85039547,Drill and minor tactics,True,0.0,1,0.02788299322128296,,0.147376478,0.046640277,527,True,6.267200549,7.448352866,Homonymy,N,True,xesfu0h98k,155,60
drill,M1_a_M1_b,drill_M1,It was a grueling drill.,http://id.loc.gov/authorities/subjects/sh85039547,Drill and minor tactics,drill_M1,It was a challenging drill.,http://id.loc.gov/authorities/subjects/sh85039547,Drill and minor tactics,True,0.0,1,0.02788299322128296,,0.147376478,0.046640277,894,True,6.795705775,7.448352866,Homonymy,N,True,h0th05ppt7,45,60
drill,M2_a_M2_b,drill_M2,It was an electric drill.,http://id.loc.gov/authorities/subjects/sh85041662,Electric drills,drill_M2,It was a battery-powered drill.,http://id.loc.gov/authorities/subjects/sh85041662,Electric drills,True,0.0,1,0.04058939218521118,,0.561830163,0.086390257,1570,True,7.358830898,7.313061857,Homonymy,N,True,5jdbzv6v5c,151,60
drill,M1_b_M2_b,drill_M1,It was a challenging drill.,http://id.loc.gov/authorities/subjects/sh85039547,Drill and minor tactics,drill_M2,It was a battery-powered drill.,http://id.loc.gov/authorities/subjects/sh85041662,Electric drills,False,inf,0,0.43332815170288086,,0.656190097,0.18358022,1214,True,7.101675972,7.313061857,Homonymy,N,False,mhz82a74k9,175,60
drill,M1_a_M1_b,drill_M1,It was a grueling drill.,http://id.loc.gov/authorities/subjects/sh85039547,Drill and minor tactics,drill_M1,It was a challenging drill.,http://id.loc.gov/authorities/subjects/sh85039547,Drill and minor tactics,True,0.0,1,0.02788299322128296,,0.147376478,0.046640277,751,True,6.621405652,7.448352866,Homonymy,N,True,p7h7xsjj50,167,60
drill,M2_b_M1_a,drill_M2,It was a battery-powered drill.,http://id.loc.gov/authorities/subjects/sh85041662,Electric drills,drill_M1,It was a grueling drill.,http://id.loc.gov/authorities/subjects/sh85039547,Drill and minor tactics,False,inf,0,0.43332815170288086,,0.634080291,0.163684726,1808,False,7.499976541,7.403790527,Homonymy,N,False,g3flm4j14z,213,60
drill,M1_b_M1_a,drill_M1,It was a challenging drill.,http://id.loc.gov/authorities/subjects/sh85039547,Drill and minor tactics,drill_M1,It was a grueling drill.,http://id.loc.gov/authorities/subjects/sh85039547,Drill and minor tactics,True,0.0,1,0.02788299322128296,,0.147376478,0.046640277,679,True,6.520621128,7.403790527,Homonymy,N,True,864zg5t8jb,89,60
drill,M2_a_M1_b,drill_M2,It was an electric drill.,http://id.loc.gov/authorities/subjects/sh85041662,Electric drills,drill_M1,It was a challenging drill.,http://id.loc.gov/authorities/subjects/sh85039547,Drill and minor tactics,False,inf,0,0.43332815170288086,,0.254882514,0.127792597,1414,True,7.254177846,7.448352866,Homonymy,N,False,kcv5v2zj80,211,60
drill,M1_a_M2_b,drill_M1,It was a grueling drill.,http://id.loc.gov/authorities/subjects/sh85039547,Drill and minor tactics,drill_M2,It was a battery-powered drill.,http://id.loc.gov/authorities/subjects/sh85041662,Electric drills,False,inf,0,0.43332815170288086,,0.634080291,0.163684726,2625,True,7.872836175,7.313061857,Homonymy,N,False,246unkcyak,129,60
drill,M2_b_M1_a,drill_M2,It was a battery-powered drill.,http://id.loc.gov/authorities/subjects/sh85041662,Electric drills,drill_M1,It was a grueling drill.,http://id.loc.gov/authorities/subjects/sh85039547,Drill and minor tactics,False,inf,0,0.43332815170288086,,0.634080291,0.163684726,760,False,6.633318433,7.403790527,Homonymy,N,False,a0u2yg5j7e,49,60
drill,M1_a_M2_b,drill_M1,It was a grueling drill.,http://id.loc.gov/authorities/subjects/sh85039547,Drill and minor tactics,drill_M2,It was a battery-powered drill.,http://id.loc.gov/authorities/subjects/sh85041662,Electric drills,False,inf,0,0.43332815170288086,,0.634080291,0.163684726,1277,True,7.152268856,7.313061857,Homonymy,N,False,cpjzep1zv0,73,60
drill,M1_a_M2_b,drill_M1,It was a grueling drill.,http://id.loc.gov/authorities/subjects/sh85039547,Drill and minor tactics,drill_M2,It was a battery-powered drill.,http://id.loc.gov/authorities/subjects/sh85041662,Electric drills,False,inf,0,0.43332815170288086,,0.634080291,0.163684726,1408,True,7.249925537,7.313061857,Homonymy,N,False,du57z90equ,63,60
drill,M1_a_M2_a,drill_M1,It was a grueling drill.,http://id.loc.gov/authorities/subjects/sh85039547,Drill and minor tactics,drill_M2,It was an electric drill.,http://id.loc.gov/authorities/subjects/sh85041662,Electric drills,False,inf,0,0.43332815170288086,,0.255461097,0.114933491,1676,True,7.424165281,7.356635197,Homonymy,N,False,jwcxuk91x6,89,60
drill,M1_b_M1_a,drill_M1,It was a challenging drill.,http://id.loc.gov/authorities/subjects/sh85039547,Drill and minor tactics,drill_M1,It was a grueling drill.,http://id.loc.gov/authorities/subjects/sh85039547,Drill and minor tactics,True,0.0,1,0.02788299322128296,,0.147376478,0.046640277,822,True,6.711740395,7.403790527,Homonymy,N,True,o40xglp55j,127,60
drill,M1_b_M2_a,drill_M1,It was a challenging drill.,http://id.loc.gov/authorities/subjects/sh85039547,Drill and minor tactics,drill_M2,It was an electric drill.,http://id.loc.gov/authorities/subjects/sh85041662,Electric drills,False,inf,0,0.43332815170288086,,0.254882514,0.127792597,2576,True,7.853993087,7.356635197,Homonymy,N,False,y52zt9vjyf,49,60
drill,M1_b_M1_a,drill_M1,It was a challenging drill.,http://id.loc.gov/authorities/subjects/sh85039547,Drill and minor tactics,drill_M1,It was a grueling drill.,http://id.loc.gov/authorities/subjects/sh85039547,Drill and minor tactics,True,0.0,1,0.02788299322128296,,0.147376478,0.046640277,1047,True,6.953684211,7.403790527,Homonymy,N,True,ctcq5oob70,61,60
drill,M2_b_M1_a,drill_M2,It was a battery-powered drill.,http://id.loc.gov/authorities/subjects/sh85041662,Electric drills,drill_M1,It was a grueling drill.,http://id.loc.gov/authorities/subjects/sh85039547,Drill and minor tactics,False,inf,0,0.43332815170288086,,0.634080291,0.163684726,778,False,6.656726524,7.403790527,Homonymy,N,False,xdomj2pout,73,60
drill,M1_a_M2_a,drill_M1,It was a grueling drill.,http://id.loc.gov/authorities/subjects/sh85039547,Drill and minor tactics,drill_M2,It was an electric drill.,http://id.loc.gov/authorities/subjects/sh85041662,Electric drills,False,inf,0,0.43332815170288086,,0.255461097,0.114933491,509,True,6.232448017,7.356635197,Homonymy,N,False,gtj74gj1hs,149,60
drill,M2_b_M2_a,drill_M2,It was a battery-powered drill.,http://id.loc.gov/authorities/subjects/sh85041662,Electric drills,drill_M2,It was an electric drill.,http://id.loc.gov/authorities/subjects/sh85041662,Electric drills,True,0.0,1,0.04058939218521118,,0.561830163,0.086390257,687,True,6.532334292,7.356635197,Homonymy,N,True,kzt7mhlhq0,225,60
drill,M2_a_M1_b,drill_M2,It was an electric drill.,http://id.loc.gov/authorities/subjects/sh85041662,Electric drills,drill_M1,It was a challenging drill.,http://id.loc.gov/authorities/subjects/sh85039547,Drill and minor tactics,False,inf,0,0.43332815170288086,,0.254882514,0.127792597,1877,False,7.537430037,7.448352866,Homonymy,N,False,z2n4w2lvuj,169,60
drill,M1_a_M2_a,drill_M1,It was a grueling drill.,http://id.loc.gov/authorities/subjects/sh85039547,Drill and minor tactics,drill_M2,It was an electric drill.,http://id.loc.gov/authorities/subjects/sh85041662,Electric drills,False,inf,0,0.43332815170288086,,0.255461097,0.114933491,703,True,6.555356892,7.356635197,Homonymy,N,False,ylr2c47dx9,117,60
drill,M1_a_M2_b,drill_M1,It was a grueling drill.,http://id.loc.gov/authorities/subjects/sh85039547,Drill and minor tactics,drill_M2,It was a battery-powered drill.,http://id.loc.gov/authorities/subjects/sh85041662,Electric drills,False,inf,0,0.43332815170288086,,0.634080291,0.163684726,2041,True,7.621195163,7.313061857,Homonymy,N,False,kzat707d4c,229,60
drill,M1_a_M2_a,drill_M1,It was a grueling drill.,http://id.loc.gov/authorities/subjects/sh85039547,Drill and minor tactics,drill_M2,It was an electric drill.,http://id.loc.gov/authorities/subjects/sh85041662,Electric drills,False,inf,0,0.43332815170288086,,0.255461097,0.114933491,1348,True,7.206377291,7.356635197,Homonymy,N,False,awnat83w0r,91,60
drill,M2_a_M1_b,drill_M2,It was an electric drill.,http://id.loc.gov/authorities/subjects/sh85041662,Electric drills,drill_M1,It was a challenging drill.,http://id.loc.gov/authorities/subjects/sh85039547,Drill and minor tactics,False,inf,0,0.43332815170288086,,0.254882514,0.127792597,1021,True,6.928537818,7.448352866,Homonymy,N,False,wo6c5zy1c7,201,60
drill,M1_b_M2_a,drill_M1,It was a challenging drill.,http://id.loc.gov/authorities/subjects/sh85039547,Drill and minor tactics,drill_M2,It was an electric drill.,http://id.loc.gov/authorities/subjects/sh85041662,Electric drills,False,inf,0,0.43332815170288086,,0.254882514,0.127792597,1348,False,7.206377291,7.356635197,Homonymy,N,False,6lbv5uhykm,167,60
drill,M1_a_M1_b,drill_M1,It was a grueling drill.,http://id.loc.gov/authorities/subjects/sh85039547,Drill and minor tactics,drill_M1,It was a challenging drill.,http://id.loc.gov/authorities/subjects/sh85039547,Drill and minor tactics,True,0.0,1,0.02788299322128296,,0.147376478,0.046640277,641,True,6.463029457,7.448352866,Homonymy,N,True,2r8jyhe7un,147,60
drill,M1_b_M1_a,drill_M1,It was a challenging drill.,http://id.loc.gov/authorities/subjects/sh85039547,Drill and minor tactics,drill_M1,It was a grueling drill.,http://id.loc.gov/authorities/subjects/sh85039547,Drill and minor tactics,True,0.0,1,0.02788299322128296,,0.147376478,0.046640277,1118,True,7.019296654,7.403790527,Homonymy,N,True,9xyz8zlap8,119,60
drill,M1_a_M2_b,drill_M1,It was a grueling drill.,http://id.loc.gov/authorities/subjects/sh85039547,Drill and minor tactics,drill_M2,It was a battery-powered drill.,http://id.loc.gov/authorities/subjects/sh85041662,Electric drills,False,inf,0,0.43332815170288086,,0.634080291,0.163684726,1271,True,7.147559271,7.313061857,Homonymy,N,False,4e6rrg22h5,135,60
drill,M2_a_M1_b,drill_M2,It was an electric drill.,http://id.loc.gov/authorities/subjects/sh85041662,Electric drills,drill_M1,It was a challenging drill.,http://id.loc.gov/authorities/subjects/sh85039547,Drill and minor tactics,False,inf,0,0.43332815170288086,,0.254882514,0.127792597,2623,False,7.87207398,7.448352866,Homonymy,N,False,vxyw6621ka,129,60
drill,M2_b_M2_a,drill_M2,It was a battery-powered drill.,http://id.loc.gov/authorities/subjects/sh85041662,Electric drills,drill_M2,It was an electric drill.,http://id.loc.gov/authorities/subjects/sh85041662,Electric drills,True,0.0,1,0.04058939218521118,,0.561830163,0.086390257,984,True,6.891625897,7.356635197,Homonymy,N,True,xdapyucpqa,201,60
drill,M2_b_M1_a,drill_M2,It was a battery-powered drill.,http://id.loc.gov/authorities/subjects/sh85041662,Electric drills,drill_M1,It was a grueling drill.,http://id.loc.gov/authorities/subjects/sh85039547,Drill and minor tactics,False,inf,0,0.43332815170288086,,0.634080291,0.163684726,1085,True,6.989335266,7.403790527,Homonymy,N,False,6g6ama8qck,179,60
drill,M1_a_M2_b,drill_M1,It was a grueling drill.,http://id.loc.gov/authorities/subjects/sh85039547,Drill and minor tactics,drill_M2,It was a battery-powered drill.,http://id.loc.gov/authorities/subjects/sh85041662,Electric drills,False,inf,0,0.43332815170288086,,0.634080291,0.163684726,1117,True,7.018401799,7.313061857,Homonymy,N,False,jrnkr73qqa,161,60
drill,M2_a_M2_b,drill_M2,It was an electric drill.,http://id.loc.gov/authorities/subjects/sh85041662,Electric drills,drill_M2,It was a battery-powered drill.,http://id.loc.gov/authorities/subjects/sh85041662,Electric drills,True,0.0,1,0.04058939218521118,,0.561830163,0.086390257,1155,True,7.051855623,7.313061857,Homonymy,N,True,kgyhdlaomp,225,60
drill,M1_b_M2_b,drill_M1,It was a challenging drill.,http://id.loc.gov/authorities/subjects/sh85039547,Drill and minor tactics,drill_M2,It was a battery-powered drill.,http://id.loc.gov/authorities/subjects/sh85041662,Electric drills,False,inf,0,0.43332815170288086,,0.656190097,0.18358022,1302,True,7.171656823,7.313061857,Homonymy,N,False,etthd39jyc,39,60
drill,M2_b_M1_b,drill_M2,It was a battery-powered drill.,http://id.loc.gov/authorities/subjects/sh85041662,Electric drills,drill_M1,It was a challenging drill.,http://id.loc.gov/authorities/subjects/sh85039547,Drill and minor tactics,False,inf,0,0.43332815170288086,,0.656190097,0.18358022,1337,False,7.198183577,7.448352866,Homonymy,N,False,uaydq1djrs,143,60
drill,M1_b_M2_b,drill_M1,It was a challenging drill.,http://id.loc.gov/authorities/subjects/sh85039547,Drill and minor tactics,drill_M2,It was a battery-powered drill.,http://id.loc.gov/authorities/subjects/sh85041662,Electric drills,False,inf,0,0.43332815170288086,,0.656190097,0.18358022,1261,True,7.139660336,7.313061857,Homonymy,N,False,m7n1h07aw2,111,60
drill,M2_a_M1_b,drill_M2,It was an electric drill.,http://id.loc.gov/authorities/subjects/sh85041662,Electric drills,drill_M1,It was a challenging drill.,http://id.loc.gov/authorities/subjects/sh85039547,Drill and minor tactics,False,inf,0,0.43332815170288086,,0.254882514,0.127792597,837,True,6.72982407,7.448352866,Homonymy,N,False,auc5fln1ss,105,60
panel,M2_b_M1_b,panel_M2,It was a consumer panel.,http://id.loc.gov/authorities/subjects/sh85028974,Committees,panel_M1,It was an instrument panel.,http://id.loc.gov/authorities/subjects/sh85031656,Control boards (Electrical engineering),False,inf,0,0.5847102403640747,,0.205780923,0.096011698,927,True,6.831953566,7.469146136,Polysemy,N,False,u6tgegpyj0,179,48
panel,M1_a_M2_a,panel_M1,It was a control panel.,http://id.loc.gov/authorities/subjects/sh85031656,Control boards (Electrical engineering),panel_M2,It was an advisory panel.,http://id.loc.gov/authorities/subjects/sh85028974,Committees,False,inf,0,0.5847102403640747,,0.337162554,0.105567575,1099,True,7.002155954,7.362928097,Polysemy,N,False,satgb3rqke,43,48
panel,M2_b_M1_a,panel_M2,It was a consumer panel.,http://id.loc.gov/authorities/subjects/sh85028974,Committees,panel_M1,It was a control panel.,http://id.loc.gov/authorities/subjects/sh85031656,Control boards (Electrical engineering),False,inf,0,0.5847102403640747,,0.230144858,0.096629083,832,True,6.723832441,7.182685369,Polysemy,N,False,78f1p4m7t2,245,48
panel,M2_a_M1_a,panel_M2,It was an advisory panel.,http://id.loc.gov/authorities/subjects/sh85028974,Committees,panel_M1,It was a control panel.,http://id.loc.gov/authorities/subjects/sh85031656,Control boards (Electrical engineering),False,inf,0,0.5847102403640747,,0.337162554,0.105567575,813,True,6.70073111,7.182685369,Polysemy,N,False,1vz3fdcvtw,217,48
panel,M2_a_M1_a,panel_M2,It was an advisory panel.,http://id.loc.gov/authorities/subjects/sh85028974,Committees,panel_M1,It was a control panel.,http://id.loc.gov/authorities/subjects/sh85031656,Control boards (Electrical engineering),False,inf,0,0.5847102403640747,,0.337162554,0.105567575,1074,True,6.979145275,7.182685369,Polysemy,N,False,wsf5xp226q,71,48
panel,M1_a_M1_b,panel_M1,It was a control panel.,http://id.loc.gov/authorities/subjects/sh85031656,Control boards (Electrical engineering),panel_M1,It was an instrument panel.,http://id.loc.gov/authorities/subjects/sh85031656,Control boards (Electrical engineering),True,0.0,1,0.017848610877990723,,0.077652931,0.066153884,1811,True,7.501634458,7.469146136,Polysemy,N,True,9fkbaxk3zu,123,48
panel,M2_a_M2_b,panel_M2,It was an advisory panel.,http://id.loc.gov/authorities/subjects/sh85028974,Committees,panel_M2,It was a consumer panel.,http://id.loc.gov/authorities/subjects/sh85028974,Committees,True,0.0,1,0.07005268335342407,,0.307659984,0.109875023,598,True,6.393590754,7.648057246,Polysemy,N,True,hdblro1e9q,247,48
panel,M1_a_M1_b,panel_M1,It was a control panel.,http://id.loc.gov/authorities/subjects/sh85031656,Control boards (Electrical engineering),panel_M1,It was an instrument panel.,http://id.loc.gov/authorities/subjects/sh85031656,Control boards (Electrical engineering),True,0.0,1,0.017848610877990723,,0.077652931,0.066153884,1712,False,7.445417557,7.469146136,Polysemy,N,True,xyokc18f4l,97,48
panel,M1_a_M1_b,panel_M1,It was a control panel.,http://id.loc.gov/authorities/subjects/sh85031656,Control boards (Electrical engineering),panel_M1,It was an instrument panel.,http://id.loc.gov/authorities/subjects/sh85031656,Control boards (Electrical engineering),True,0.0,1,0.017848610877990723,,0.077652931,0.066153884,1693,False,7.434257382,7.469146136,Polysemy,N,True,so1m7krwy9,143,48
panel,M1_a_M1_b,panel_M1,It was a control panel.,http://id.loc.gov/authorities/subjects/sh85031656,Control boards (Electrical engineering),panel_M1,It was an instrument panel.,http://id.loc.gov/authorities/subjects/sh85031656,Control boards (Electrical engineering),True,0.0,1,0.017848610877990723,,0.077652931,0.066153884,1509,True,7.319202459,7.469146136,Polysemy,N,True,ael4gl3t9n,213,48
panel,M1_b_M2_b,panel_M1,It was an instrument panel.,http://id.loc.gov/authorities/subjects/sh85031656,Control boards (Electrical engineering),panel_M2,It was a consumer panel.,http://id.loc.gov/authorities/subjects/sh85028974,Committees,False,inf,0,0.5847102403640747,,0.205780923,0.096011698,872,True,6.770789424,7.648057246,Polysemy,N,False,b3kl0cgv2r,125,48
panel,M2_a_M1_a,panel_M2,It was an advisory panel.,http://id.loc.gov/authorities/subjects/sh85028974,Committees,panel_M1,It was a control panel.,http://id.loc.gov/authorities/subjects/sh85031656,Control boards (Electrical engineering),False,inf,0,0.5847102403640747,,0.337162554,0.105567575,886,True,6.786716951,7.182685369,Polysemy,N,False,sn1yu7vsxd,239,48
panel,M2_b_M1_a,panel_M2,It was a consumer panel.,http://id.loc.gov/authorities/subjects/sh85028974,Committees,panel_M1,It was a control panel.,http://id.loc.gov/authorities/subjects/sh85031656,Control boards (Electrical engineering),False,inf,0,0.5847102403640747,,0.230144858,0.096629083,896,True,6.797940413,7.182685369,Polysemy,N,False,xqssc38w0c,61,48
panel,M2_a_M1_b,panel_M2,It was an advisory panel.,http://id.loc.gov/authorities/subjects/sh85028974,Committees,panel_M1,It was an instrument panel.,http://id.loc.gov/authorities/subjects/sh85031656,Control boards (Electrical engineering),False,inf,0,0.5847102403640747,,0.372277975,0.117012918,1980,False,7.590852124,7.469146136,Polysemy,N,False,4c5xx9azr7,65,48
panel,M2_a_M1_b,panel_M2,It was an advisory panel.,http://id.loc.gov/authorities/subjects/sh85028974,Committees,panel_M1,It was an instrument panel.,http://id.loc.gov/authorities/subjects/sh85031656,Control boards (Electrical engineering),False,inf,0,0.5847102403640747,,0.372277975,0.117012918,1692,False,7.43366654,7.469146136,Polysemy,N,False,p5fnydw94c,161,48
panel,M1_b_M2_b,panel_M1,It was an instrument panel.,http://id.loc.gov/authorities/subjects/sh85031656,Control boards (Electrical engineering),panel_M2,It was a consumer panel.,http://id.loc.gov/authorities/subjects/sh85028974,Committees,False,inf,0,0.5847102403640747,,0.205780923,0.096011698,1049,True,6.955592608,7.648057246,Polysemy,N,False,dbd0l1933k,115,48
panel,M2_a_M1_b,panel_M2,It was an advisory panel.,http://id.loc.gov/authorities/subjects/sh85028974,Committees,panel_M1,It was an instrument panel.,http://id.loc.gov/authorities/subjects/sh85031656,Control boards (Electrical engineering),False,inf,0,0.5847102403640747,,0.372277975,0.117012918,1888,True,7.543273347,7.469146136,Polysemy,N,False,spkx08cwjj,237,48
panel,M2_a_M1_a,panel_M2,It was an advisory panel.,http://id.loc.gov/authorities/subjects/sh85028974,Committees,panel_M1,It was a control panel.,http://id.loc.gov/authorities/subjects/sh85031656,Control boards (Electrical engineering),False,inf,0,0.5847102403640747,,0.337162554,0.105567575,1171,False,7.065613364,7.182685369,Polysemy,N,False,epkefl89q5,149,48
panel,M2_b_M1_b,panel_M2,It was a consumer panel.,http://id.loc.gov/authorities/subjects/sh85028974,Committees,panel_M1,It was an instrument panel.,http://id.loc.gov/authorities/subjects/sh85031656,Control boards (Electrical engineering),False,inf,0,0.5847102403640747,,0.205780923,0.096011698,2258,False,7.722234745,7.469146136,Polysemy,N,False,hdquts93lv,57,48
panel,M2_b_M1_b,panel_M2,It was a consumer panel.,http://id.loc.gov/authorities/subjects/sh85028974,Committees,panel_M1,It was an instrument panel.,http://id.loc.gov/authorities/subjects/sh85031656,Control boards (Electrical engineering),False,inf,0,0.5847102403640747,,0.205780923,0.096011698,2772,True,7.92732436,7.469146136,Polysemy,N,False,5zu5xn1fq8,229,48
panel,M1_a_M2_a,panel_M1,It was a control panel.,http://id.loc.gov/authorities/subjects/sh85031656,Control boards (Electrical engineering),panel_M2,It was an advisory panel.,http://id.loc.gov/authorities/subjects/sh85028974,Committees,False,inf,0,0.5847102403640747,,0.337162554,0.105567575,999,True,6.906754779,7.362928097,Polysemy,N,False,961ytz4h4r,93,48
panel,M2_a_M1_b,panel_M2,It was an advisory panel.,http://id.loc.gov/authorities/subjects/sh85028974,Committees,panel_M1,It was an instrument panel.,http://id.loc.gov/authorities/subjects/sh85031656,Control boards (Electrical engineering),False,inf,0,0.5847102403640747,,0.372277975,0.117012918,1973,False,7.587310506,7.469146136,Polysemy,N,False,tfq4ylwp1x,43,48
panel,M1_a_M2_b,panel_M1,It was a control panel.,http://id.loc.gov/authorities/subjects/sh85031656,Control boards (Electrical engineering),panel_M2,It was a consumer panel.,http://id.loc.gov/authorities/subjects/sh85028974,Committees,False,inf,0,0.5847102403640747,,0.230144858,0.096629083,1509,True,7.319202459,7.648057246,Polysemy,N,False,j9vhr9vzec,185,48
panel,M2_a_M1_a,panel_M2,It was an advisory panel.,http://id.loc.gov/authorities/subjects/sh85028974,Committees,panel_M1,It was a control panel.,http://id.loc.gov/authorities/subjects/sh85031656,Control boards (Electrical engineering),False,inf,0,0.5847102403640747,,0.337162554,0.105567575,1465,True,7.289610521,7.182685369,Polysemy,N,False,kfp2rkd57s,65,48
panel,M1_a_M2_a,panel_M1,It was a control panel.,http://id.loc.gov/authorities/subjects/sh85031656,Control boards (Electrical engineering),panel_M2,It was an advisory panel.,http://id.loc.gov/authorities/subjects/sh85028974,Committees,False,inf,0,0.5847102403640747,,0.337162554,0.105567575,1077,True,6.981934677,7.362928097,Polysemy,N,False,p5fm86046c,81,48
panel,M2_a_M1_a,panel_M2,It was an advisory panel.,http://id.loc.gov/authorities/subjects/sh85028974,Committees,panel_M1,It was a control panel.,http://id.loc.gov/authorities/subjects/sh85031656,Control boards (Electrical engineering),False,inf,0,0.5847102403640747,,0.337162554,0.105567575,910,True,6.8134446,7.182685369,Polysemy,N,False,y4puhchaf9,95,48
panel,M1_b_M2_b,panel_M1,It was an instrument panel.,http://id.loc.gov/authorities/subjects/sh85031656,Control boards (Electrical engineering),panel_M2,It was a consumer panel.,http://id.loc.gov/authorities/subjects/sh85028974,Committees,False,inf,0,0.5847102403640747,,0.205780923,0.096011698,1126,True,7.026426809,7.648057246,Polysemy,N,False,gdwec44k4r,227,48
panel,M2_b_M1_a,panel_M2,It was a consumer panel.,http://id.loc.gov/authorities/subjects/sh85028974,Committees,panel_M1,It was a control panel.,http://id.loc.gov/authorities/subjects/sh85031656,Control boards (Electrical engineering),False,inf,0,0.5847102403640747,,0.230144858,0.096629083,1005,True,6.91274282,7.182685369,Polysemy,N,False,z02r2dprrd,93,48
panel,M2_a_M2_b,panel_M2,It was an advisory panel.,http://id.loc.gov/authorities/subjects/sh85028974,Committees,panel_M2,It was a consumer panel.,http://id.loc.gov/authorities/subjects/sh85028974,Committees,True,0.0,1,0.07005268335342407,,0.307659984,0.109875023,848,True,6.742880636,7.648057246,Polysemy,N,True,w7t2pcpr1z,169,48
panel,M2_a_M1_a,panel_M2,It was an advisory panel.,http://id.loc.gov/authorities/subjects/sh85028974,Committees,panel_M1,It was a control panel.,http://id.loc.gov/authorities/subjects/sh85031656,Control boards (Electrical engineering),False,inf,0,0.5847102403640747,,0.337162554,0.105567575,826,True,6.716594774,7.182685369,Polysemy,N,False,0l5gfo1s81,87,48
panel,M1_a_M2_b,panel_M1,It was a control panel.,http://id.loc.gov/authorities/subjects/sh85031656,Control boards (Electrical engineering),panel_M2,It was a consumer panel.,http://id.loc.gov/authorities/subjects/sh85028974,Committees,False,inf,0,0.5847102403640747,,0.230144858,0.096629083,2383,False,7.776115477,7.648057246,Polysemy,N,False,qtxcwuzoo4,239,48
panel,M1_a_M2_a,panel_M1,It was a control panel.,http://id.loc.gov/authorities/subjects/sh85031656,Control boards (Electrical engineering),panel_M2,It was an advisory panel.,http://id.loc.gov/authorities/subjects/sh85028974,Committees,False,inf,0,0.5847102403640747,,0.337162554,0.105567575,711,True,6.56667243,7.362928097,Polysemy,N,False,ja9zqgwnkl,115,48
panel,M2_b_M2_a,panel_M2,It was a consumer panel.,http://id.loc.gov/authorities/subjects/sh85028974,Committees,panel_M2,It was an advisory panel.,http://id.loc.gov/authorities/subjects/sh85028974,Committees,True,0.0,1,0.07005268335342407,,0.307659984,0.109875023,772,True,6.64898455,7.362928097,Polysemy,N,True,hs560646yd,123,48
panel,M2_b_M1_a,panel_M2,It was a consumer panel.,http://id.loc.gov/authorities/subjects/sh85028974,Committees,panel_M1,It was a control panel.,http://id.loc.gov/authorities/subjects/sh85031656,Control boards (Electrical engineering),False,inf,0,0.5847102403640747,,0.230144858,0.096629083,814,True,6.701960366,7.182685369,Polysemy,N,False,uy86my9o9s,45,48
panel,M2_b_M1_a,panel_M2,It was a consumer panel.,http://id.loc.gov/authorities/subjects/sh85028974,Committees,panel_M1,It was a control panel.,http://id.loc.gov/authorities/subjects/sh85031656,Control boards (Electrical engineering),False,inf,0,0.5847102403640747,,0.230144858,0.096629083,642,True,6.464588304,7.182685369,Polysemy,N,False,mketfayzl8,57,48
panel,M2_a_M2_b,panel_M2,It was an advisory panel.,http://id.loc.gov/authorities/subjects/sh85028974,Committees,panel_M2,It was a consumer panel.,http://id.loc.gov/authorities/subjects/sh85028974,Committees,True,0.0,1,0.07005268335342407,,0.307659984,0.109875023,800,True,6.684611728,7.648057246,Polysemy,N,True,7hhbw0w7y1,29,48
panel,M1_a_M1_b,panel_M1,It was a control panel.,http://id.loc.gov/authorities/subjects/sh85031656,Control boards (Electrical engineering),panel_M1,It was an instrument panel.,http://id.loc.gov/authorities/subjects/sh85031656,Control boards (Electrical engineering),True,0.0,1,0.017848610877990723,,0.077652931,0.066153884,604,True,6.403574198,7.469146136,Polysemy,N,True,bcycp1bevl,169,48
panel,M2_a_M2_b,panel_M2,It was an advisory panel.,http://id.loc.gov/authorities/subjects/sh85028974,Committees,panel_M2,It was a consumer panel.,http://id.loc.gov/authorities/subjects/sh85028974,Committees,True,0.0,1,0.07005268335342407,,0.307659984,0.109875023,1071,True,6.97634807,7.648057246,Polysemy,N,True,gdlhwqulft,79,48
panel,M2_a_M1_a,panel_M2,It was an advisory panel.,http://id.loc.gov/authorities/subjects/sh85028974,Committees,panel_M1,It was a control panel.,http://id.loc.gov/authorities/subjects/sh85031656,Control boards (Electrical engineering),False,inf,0,0.5847102403640747,,0.337162554,0.105567575,970,True,6.877296071,7.182685369,Polysemy,N,False,yoo60pl9o6,173,48
panel,M1_b_M2_a,panel_M1,It was an instrument panel.,http://id.loc.gov/authorities/subjects/sh85031656,Control boards (Electrical engineering),panel_M2,It was an advisory panel.,http://id.loc.gov/authorities/subjects/sh85028974,Committees,False,inf,0,0.5847102403640747,,0.372277975,0.117012918,822,True,6.711740395,7.362928097,Polysemy,N,False,79d4rp4wbh,63,48
panel,M1_a_M1_b,panel_M1,It was a control panel.,http://id.loc.gov/authorities/subjects/sh85031656,Control boards (Electrical engineering),panel_M1,It was an instrument panel.,http://id.loc.gov/authorities/subjects/sh85031656,Control boards (Electrical engineering),True,0.0,1,0.017848610877990723,,0.077652931,0.066153884,1045,True,6.951772164,7.469146136,Polysemy,N,True,2usccf4uxc,111,48
panel,M1_a_M1_b,panel_M1,It was a control panel.,http://id.loc.gov/authorities/subjects/sh85031656,Control boards (Electrical engineering),panel_M1,It was an instrument panel.,http://id.loc.gov/authorities/subjects/sh85031656,Control boards (Electrical engineering),True,0.0,1,0.017848610877990723,,0.077652931,0.066153884,1301,False,7.170888479,7.469146136,Polysemy,N,True,sndaggja6a,211,48
panel,M1_b_M2_b,panel_M1,It was an instrument panel.,http://id.loc.gov/authorities/subjects/sh85031656,Control boards (Electrical engineering),panel_M2,It was a consumer panel.,http://id.loc.gov/authorities/subjects/sh85028974,Committees,False,inf,0,0.5847102403640747,,0.205780923,0.096011698,955,True,6.86171134,7.648057246,Polysemy,N,False,bqho6xb6vp,205,48
panel,M2_b_M1_a,panel_M2,It was a consumer panel.,http://id.loc.gov/authorities/subjects/sh85028974,Committees,panel_M1,It was a control panel.,http://id.loc.gov/authorities/subjects/sh85031656,Control boards (Electrical engineering),False,inf,0,0.5847102403640747,,0.230144858,0.096629083,3971,False,8.286773231,7.182685369,Polysemy,N,False,vm3yk3su0e,55,48
panel,M1_b_M2_a,panel_M1,It was an instrument panel.,http://id.loc.gov/authorities/subjects/sh85031656,Control boards (Electrical engineering),panel_M2,It was an advisory panel.,http://id.loc.gov/authorities/subjects/sh85028974,Committees,False,inf,0,0.5847102403640747,,0.372277975,0.117012918,1329,True,7.192182059,7.362928097,Polysemy,N,False,3focjo2q2y,77,48
panel,M1_a_M2_a,panel_M1,It was a control panel.,http://id.loc.gov/authorities/subjects/sh85031656,Control boards (Electrical engineering),panel_M2,It was an advisory panel.,http://id.loc.gov/authorities/subjects/sh85028974,Committees,False,inf,0,0.5847102403640747,,0.337162554,0.105567575,878,False,6.777646594,7.362928097,Polysemy,N,False,dol693zfl0,133,48
panel,M1_a_M1_b,panel_M1,It was a control panel.,http://id.loc.gov/authorities/subjects/sh85031656,Control boards (Electrical engineering),panel_M1,It was an instrument panel.,http://id.loc.gov/authorities/subjects/sh85031656,Control boards (Electrical engineering),True,0.0,1,0.017848610877990723,,0.077652931,0.066153884,919,True,6.823286122,7.469146136,Polysemy,N,True,8tl61v5cpb,177,48
panel,M1_b_M1_a,panel_M1,It was an instrument panel.,http://id.loc.gov/authorities/subjects/sh85031656,Control boards (Electrical engineering),panel_M1,It was a control panel.,http://id.loc.gov/authorities/subjects/sh85031656,Control boards (Electrical engineering),True,0.0,1,0.017848610877990723,,0.077652931,0.066153884,936,True,6.841615476,7.182685369,Polysemy,N,True,4edk6y2wlk,163,48
panel,M2_a_M1_a,panel_M2,It was an advisory panel.,http://id.loc.gov/authorities/subjects/sh85028974,Committees,panel_M1,It was a control panel.,http://id.loc.gov/authorities/subjects/sh85031656,Control boards (Electrical engineering),False,inf,0,0.5847102403640747,,0.337162554,0.105567575,1024,True,6.931471806,7.182685369,Polysemy,N,False,1qywoodmd2,51,48
panel,M2_a_M1_b,panel_M2,It was an advisory panel.,http://id.loc.gov/authorities/subjects/sh85028974,Committees,panel_M1,It was an instrument panel.,http://id.loc.gov/authorities/subjects/sh85031656,Control boards (Electrical engineering),False,inf,0,0.5847102403640747,,0.372277975,0.117012918,1958,False,7.579678823,7.469146136,Polysemy,N,False,dcy113hjjm,249,48
panel,M1_b_M2_a,panel_M1,It was an instrument panel.,http://id.loc.gov/authorities/subjects/sh85031656,Control boards (Electrical engineering),panel_M2,It was an advisory panel.,http://id.loc.gov/authorities/subjects/sh85028974,Committees,False,inf,0,0.5847102403640747,,0.372277975,0.117012918,652,True,6.480044562,7.362928097,Polysemy,N,False,xesfu0h98k,75,48
panel,M2_a_M2_b,panel_M2,It was an advisory panel.,http://id.loc.gov/authorities/subjects/sh85028974,Committees,panel_M2,It was a consumer panel.,http://id.loc.gov/authorities/subjects/sh85028974,Committees,True,0.0,1,0.07005268335342407,,0.307659984,0.109875023,2256,False,7.721348613,7.648057246,Polysemy,N,True,ea54kkhdyv,93,48
panel,M2_b_M2_a,panel_M2,It was a consumer panel.,http://id.loc.gov/authorities/subjects/sh85028974,Committees,panel_M2,It was an advisory panel.,http://id.loc.gov/authorities/subjects/sh85028974,Committees,True,0.0,1,0.07005268335342407,,0.307659984,0.109875023,1156,True,7.052721049,7.362928097,Polysemy,N,True,5jdbzv6v5c,39,48
panel,M1_a_M2_b,panel_M1,It was a control panel.,http://id.loc.gov/authorities/subjects/sh85031656,Control boards (Electrical engineering),panel_M2,It was a consumer panel.,http://id.loc.gov/authorities/subjects/sh85028974,Committees,False,inf,0,0.5847102403640747,,0.230144858,0.096629083,2462,False,7.808729307,7.648057246,Polysemy,N,False,g3flm4j14z,167,48
panel,M1_a_M1_b,panel_M1,It was a control panel.,http://id.loc.gov/authorities/subjects/sh85031656,Control boards (Electrical engineering),panel_M1,It was an instrument panel.,http://id.loc.gov/authorities/subjects/sh85031656,Control boards (Electrical engineering),True,0.0,1,0.017848610877990723,,0.077652931,0.066153884,867,False,6.765038977,7.469146136,Polysemy,N,True,864zg5t8jb,215,48
panel,M1_b_M2_b,panel_M1,It was an instrument panel.,http://id.loc.gov/authorities/subjects/sh85031656,Control boards (Electrical engineering),panel_M2,It was a consumer panel.,http://id.loc.gov/authorities/subjects/sh85028974,Committees,False,inf,0,0.5847102403640747,,0.205780923,0.096011698,929,True,6.834108739,7.648057246,Polysemy,N,False,21s95lnz0l,247,48
panel,M1_b_M1_a,panel_M1,It was an instrument panel.,http://id.loc.gov/authorities/subjects/sh85031656,Control boards (Electrical engineering),panel_M1,It was a control panel.,http://id.loc.gov/authorities/subjects/sh85031656,Control boards (Electrical engineering),True,0.0,1,0.017848610877990723,,0.077652931,0.066153884,768,True,6.643789733,7.182685369,Polysemy,N,True,kcv5v2zj80,133,48
panel,M2_a_M1_a,panel_M2,It was an advisory panel.,http://id.loc.gov/authorities/subjects/sh85028974,Committees,panel_M1,It was a control panel.,http://id.loc.gov/authorities/subjects/sh85031656,Control boards (Electrical engineering),False,inf,0,0.5847102403640747,,0.337162554,0.105567575,1143,True,7.041411664,7.182685369,Polysemy,N,False,skb4uv2kf9,133,48
panel,M2_a_M1_a,panel_M2,It was an advisory panel.,http://id.loc.gov/authorities/subjects/sh85028974,Committees,panel_M1,It was a control panel.,http://id.loc.gov/authorities/subjects/sh85031656,Control boards (Electrical engineering),False,inf,0,0.5847102403640747,,0.337162554,0.105567575,831,True,6.722629795,7.182685369,Polysemy,N,False,246unkcyak,111,48
panel,M2_a_M1_a,panel_M2,It was an advisory panel.,http://id.loc.gov/authorities/subjects/sh85028974,Committees,panel_M1,It was a control panel.,http://id.loc.gov/authorities/subjects/sh85031656,Control boards (Electrical engineering),False,inf,0,0.5847102403640747,,0.337162554,0.105567575,1033,True,6.940222469,7.182685369,Polysemy,N,False,34628l2rmq,143,48
panel,M2_a_M2_b,panel_M2,It was an advisory panel.,http://id.loc.gov/authorities/subjects/sh85028974,Committees,panel_M2,It was a consumer panel.,http://id.loc.gov/authorities/subjects/sh85028974,Committees,True,0.0,1,0.07005268335342407,,0.307659984,0.109875023,1563,True,7.35436233,7.648057246,Polysemy,N,True,3uxmxe02py,155,48
panel,M1_a_M2_a,panel_M1,It was a control panel.,http://id.loc.gov/authorities/subjects/sh85031656,Control boards (Electrical engineering),panel_M2,It was an advisory panel.,http://id.loc.gov/authorities/subjects/sh85028974,Committees,False,inf,0,0.5847102403640747,,0.337162554,0.105567575,907,True,6.81014245,7.362928097,Polysemy,N,False,cpjzep1zv0,105,48
panel,M2_a_M1_b,panel_M2,It was an advisory panel.,http://id.loc.gov/authorities/subjects/sh85028974,Committees,panel_M1,It was an instrument panel.,http://id.loc.gov/authorities/subjects/sh85031656,Control boards (Electrical engineering),False,inf,0,0.5847102403640747,,0.372277975,0.117012918,1091,False,6.994849986,7.469146136,Polysemy,N,False,guqltyqrjz,93,48
panel,M2_a_M1_b,panel_M2,It was an advisory panel.,http://id.loc.gov/authorities/subjects/sh85028974,Committees,panel_M1,It was an instrument panel.,http://id.loc.gov/authorities/subjects/sh85031656,Control boards (Electrical engineering),False,inf,0,0.5847102403640747,,0.372277975,0.117012918,786,True,6.666956792,7.469146136,Polysemy,N,False,jwcxuk91x6,45,48
panel,M2_a_M2_b,panel_M2,It was an advisory panel.,http://id.loc.gov/authorities/subjects/sh85028974,Committees,panel_M2,It was a consumer panel.,http://id.loc.gov/authorities/subjects/sh85028974,Committees,True,0.0,1,0.07005268335342407,,0.307659984,0.109875023,652,True,6.480044562,7.648057246,Polysemy,N,True,k9k5bl7bsa,177,48
panel,M1_a_M2_b,panel_M1,It was a control panel.,http://id.loc.gov/authorities/subjects/sh85031656,Control boards (Electrical engineering),panel_M2,It was a consumer panel.,http://id.loc.gov/authorities/subjects/sh85028974,Committees,False,inf,0,0.5847102403640747,,0.230144858,0.096629083,1093,False,6.996681488,7.648057246,Polysemy,N,False,aq8lxy7f2y,77,48
panel,M1_b_M1_a,panel_M1,It was an instrument panel.,http://id.loc.gov/authorities/subjects/sh85031656,Control boards (Electrical engineering),panel_M1,It was a control panel.,http://id.loc.gov/authorities/subjects/sh85031656,Control boards (Electrical engineering),True,0.0,1,0.017848610877990723,,0.077652931,0.066153884,927,True,6.831953566,7.182685369,Polysemy,N,True,6mgqfqnfnt,227,48
panel,M2_b_M1_a,panel_M2,It was a consumer panel.,http://id.loc.gov/authorities/subjects/sh85028974,Committees,panel_M1,It was a control panel.,http://id.loc.gov/authorities/subjects/sh85031656,Control boards (Electrical engineering),False,inf,0,0.5847102403640747,,0.230144858,0.096629083,973,True,6.880384082,7.182685369,Polysemy,N,False,y52zt9vjyf,93,48
panel,M1_a_M1_b,panel_M1,It was a control panel.,http://id.loc.gov/authorities/subjects/sh85031656,Control boards (Electrical engineering),panel_M1,It was an instrument panel.,http://id.loc.gov/authorities/subjects/sh85031656,Control boards (Electrical engineering),True,0.0,1,0.017848610877990723,,0.077652931,0.066153884,1443,False,7.274479559,7.469146136,Polysemy,N,True,va3hb1mkox,139,48
panel,M2_a_M2_b,panel_M2,It was an advisory panel.,http://id.loc.gov/authorities/subjects/sh85028974,Committees,panel_M2,It was a consumer panel.,http://id.loc.gov/authorities/subjects/sh85028974,Committees,True,0.0,1,0.07005268335342407,,0.307659984,0.109875023,823,True,6.712956201,7.648057246,Polysemy,N,True,rln6tvgsn6,73,48
panel,M2_b_M1_a,panel_M2,It was a consumer panel.,http://id.loc.gov/authorities/subjects/sh85028974,Committees,panel_M1,It was a control panel.,http://id.loc.gov/authorities/subjects/sh85031656,Control boards (Electrical engineering),False,inf,0,0.5847102403640747,,0.230144858,0.096629083,1201,True,7.090909822,7.182685369,Polysemy,N,False,rrded0u35m,161,48
panel,M1_b_M2_a,panel_M1,It was an instrument panel.,http://id.loc.gov/authorities/subjects/sh85031656,Control boards (Electrical engineering),panel_M2,It was an advisory panel.,http://id.loc.gov/authorities/subjects/sh85028974,Committees,False,inf,0,0.5847102403640747,,0.372277975,0.117012918,1173,True,7.067319849,7.362928097,Polysemy,N,False,tb47bk2csv,31,48
panel,M1_a_M1_b,panel_M1,It was a control panel.,http://id.loc.gov/authorities/subjects/sh85031656,Control boards (Electrical engineering),panel_M1,It was an instrument panel.,http://id.loc.gov/authorities/subjects/sh85031656,Control boards (Electrical engineering),True,0.0,1,0.017848610877990723,,0.077652931,0.066153884,507,True,6.228511004,7.469146136,Polysemy,N,True,gtj74gj1hs,207,48
panel,M2_a_M1_b,panel_M2,It was an advisory panel.,http://id.loc.gov/authorities/subjects/sh85028974,Committees,panel_M1,It was an instrument panel.,http://id.loc.gov/authorities/subjects/sh85031656,Control boards (Electrical engineering),False,inf,0,0.5847102403640747,,0.372277975,0.117012918,968,True,6.875232087,7.469146136,Polysemy,N,False,14y9ru14du,153,48
panel,M1_a_M2_a,panel_M1,It was a control panel.,http://id.loc.gov/authorities/subjects/sh85031656,Control boards (Electrical engineering),panel_M2,It was an advisory panel.,http://id.loc.gov/authorities/subjects/sh85028974,Committees,False,inf,0,0.5847102403640747,,0.337162554,0.105567575,1469,False,7.292337176,7.362928097,Polysemy,N,False,z2n4w2lvuj,249,48
panel,M2_b_M2_a,panel_M2,It was a consumer panel.,http://id.loc.gov/authorities/subjects/sh85028974,Committees,panel_M2,It was an advisory panel.,http://id.loc.gov/authorities/subjects/sh85028974,Committees,True,0.0,1,0.07005268335342407,,0.307659984,0.109875023,646,True,6.470799504,7.362928097,Polysemy,N,True,rgkj29k85f,175,48
panel,M1_b_M1_a,panel_M1,It was an instrument panel.,http://id.loc.gov/authorities/subjects/sh85031656,Control boards (Electrical engineering),panel_M1,It was a control panel.,http://id.loc.gov/authorities/subjects/sh85031656,Control boards (Electrical engineering),True,0.0,1,0.017848610877990723,,0.077652931,0.066153884,831,True,6.722629795,7.182685369,Polysemy,N,True,kzat707d4c,179,48
panel,M2_b_M2_a,panel_M2,It was a consumer panel.,http://id.loc.gov/authorities/subjects/sh85028974,Committees,panel_M2,It was an advisory panel.,http://id.loc.gov/authorities/subjects/sh85028974,Committees,True,0.0,1,0.07005268335342407,,0.307659984,0.109875023,1419,True,7.257707677,7.362928097,Polysemy,N,True,zc0tcyzalc,85,48
panel,M2_a_M2_b,panel_M2,It was an advisory panel.,http://id.loc.gov/authorities/subjects/sh85028974,Committees,panel_M2,It was a consumer panel.,http://id.loc.gov/authorities/subjects/sh85028974,Committees,True,0.0,1,0.07005268335342407,,0.307659984,0.109875023,1338,True,7.198931241,7.648057246,Polysemy,N,True,abcwwk8j44,223,48
panel,M1_b_M1_a,panel_M1,It was an instrument panel.,http://id.loc.gov/authorities/subjects/sh85031656,Control boards (Electrical engineering),panel_M1,It was a control panel.,http://id.loc.gov/authorities/subjects/sh85031656,Control boards (Electrical engineering),True,0.0,1,0.017848610877990723,,0.077652931,0.066153884,599,True,6.395261598,7.182685369,Polysemy,N,True,4ntjz706ef,81,48
panel,M1_b_M1_a,panel_M1,It was an instrument panel.,http://id.loc.gov/authorities/subjects/sh85031656,Control boards (Electrical engineering),panel_M1,It was a control panel.,http://id.loc.gov/authorities/subjects/sh85031656,Control boards (Electrical engineering),True,0.0,1,0.017848610877990723,,0.077652931,0.066153884,831,True,6.722629795,7.182685369,Polysemy,N,True,ppv7uctwr1,157,48
panel,M1_b_M1_a,panel_M1,It was an instrument panel.,http://id.loc.gov/authorities/subjects/sh85031656,Control boards (Electrical engineering),panel_M1,It was a control panel.,http://id.loc.gov/authorities/subjects/sh85031656,Control boards (Electrical engineering),True,0.0,1,0.017848610877990723,,0.077652931,0.066153884,744,True,6.612041035,7.182685369,Polysemy,N,True,wo6c5zy1c7,175,48
panel,M1_a_M1_b,panel_M1,It was a control panel.,http://id.loc.gov/authorities/subjects/sh85031656,Control boards (Electrical engineering),panel_M1,It was an instrument panel.,http://id.loc.gov/authorities/subjects/sh85031656,Control boards (Electrical engineering),True,0.0,1,0.017848610877990723,,0.077652931,0.066153884,1320,True,7.185387016,7.469146136,Polysemy,N,True,m6aw5veqof,143,48
panel,M2_b_M2_a,panel_M2,It was a consumer panel.,http://id.loc.gov/authorities/subjects/sh85028974,Committees,panel_M2,It was an advisory panel.,http://id.loc.gov/authorities/subjects/sh85028974,Committees,True,0.0,1,0.07005268335342407,,0.307659984,0.109875023,1175,True,7.069023427,7.362928097,Polysemy,N,True,6lbv5uhykm,133,48
panel,M1_a_M2_a,panel_M1,It was a control panel.,http://id.loc.gov/authorities/subjects/sh85031656,Control boards (Electrical engineering),panel_M2,It was an advisory panel.,http://id.loc.gov/authorities/subjects/sh85028974,Committees,False,inf,0,0.5847102403640747,,0.337162554,0.105567575,1254,True,7.134093721,7.362928097,Polysemy,N,False,68a6hn4uvz,155,48
panel,M1_a_M2_a,panel_M1,It was a control panel.,http://id.loc.gov/authorities/subjects/sh85031656,Control boards (Electrical engineering),panel_M2,It was an advisory panel.,http://id.loc.gov/authorities/subjects/sh85028974,Committees,False,inf,0,0.5847102403640747,,0.337162554,0.105567575,1555,True,7.349230825,7.362928097,Polysemy,N,False,r1c2epbxzl,145,48
panel,M2_b_M1_a,panel_M2,It was a consumer panel.,http://id.loc.gov/authorities/subjects/sh85028974,Committees,panel_M1,It was a control panel.,http://id.loc.gov/authorities/subjects/sh85031656,Control boards (Electrical engineering),False,inf,0,0.5847102403640747,,0.230144858,0.096629083,1269,True,7.145984468,7.182685369,Polysemy,N,False,vxyw6621ka,119,48
panel,M1_b_M2_b,panel_M1,It was an instrument panel.,http://id.loc.gov/authorities/subjects/sh85031656,Control boards (Electrical engineering),panel_M2,It was a consumer panel.,http://id.loc.gov/authorities/subjects/sh85028974,Committees,False,inf,0,0.5847102403640747,,0.205780923,0.096011698,937,False,6.842683282,7.648057246,Polysemy,N,False,4suqxr8zom,133,48
panel,M2_a_M1_a,panel_M2,It was an advisory panel.,http://id.loc.gov/authorities/subjects/sh85028974,Committees,panel_M1,It was a control panel.,http://id.loc.gov/authorities/subjects/sh85031656,Control boards (Electrical engineering),False,inf,0,0.5847102403640747,,0.337162554,0.105567575,730,True,6.593044534,7.182685369,Polysemy,N,False,xxh77u2udt,73,48
panel,M1_a_M2_b,panel_M1,It was a control panel.,http://id.loc.gov/authorities/subjects/sh85031656,Control boards (Electrical engineering),panel_M2,It was a consumer panel.,http://id.loc.gov/authorities/subjects/sh85028974,Committees,False,inf,0,0.5847102403640747,,0.230144858,0.096629083,1078,False,6.982862751,7.648057246,Polysemy,N,False,ne1wq8w4qw,215,48
panel,M2_b_M1_a,panel_M2,It was a consumer panel.,http://id.loc.gov/authorities/subjects/sh85028974,Committees,panel_M1,It was a control panel.,http://id.loc.gov/authorities/subjects/sh85031656,Control boards (Electrical engineering),False,inf,0,0.5847102403640747,,0.230144858,0.096629083,1028,True,6.935370446,7.182685369,Polysemy,N,False,kdxs9d2gww,71,48
panel,M1_a_M2_a,panel_M1,It was a control panel.,http://id.loc.gov/authorities/subjects/sh85031656,Control boards (Electrical engineering),panel_M2,It was an advisory panel.,http://id.loc.gov/authorities/subjects/sh85028974,Committees,False,inf,0,0.5847102403640747,,0.337162554,0.105567575,1245,False,7.126890809,7.362928097,Polysemy,N,False,6g6ama8qck,161,48
panel,M2_b_M2_a,panel_M2,It was a consumer panel.,http://id.loc.gov/authorities/subjects/sh85028974,Committees,panel_M2,It was an advisory panel.,http://id.loc.gov/authorities/subjects/sh85028974,Committees,True,0.0,1,0.07005268335342407,,0.307659984,0.109875023,908,True,6.811244379,7.362928097,Polysemy,N,True,rxphbopbuk,61,48
panel,M1_a_M2_a,panel_M1,It was a control panel.,http://id.loc.gov/authorities/subjects/sh85031656,Control boards (Electrical engineering),panel_M2,It was an advisory panel.,http://id.loc.gov/authorities/subjects/sh85028974,Committees,False,inf,0,0.5847102403640747,,0.337162554,0.105567575,1108,False,7.010311867,7.362928097,Polysemy,N,False,etthd39jyc,41,48
panel,M1_b_M2_a,panel_M1,It was an instrument panel.,http://id.loc.gov/authorities/subjects/sh85031656,Control boards (Electrical engineering),panel_M2,It was an advisory panel.,http://id.loc.gov/authorities/subjects/sh85028974,Committees,False,inf,0,0.5847102403640747,,0.372277975,0.117012918,1209,True,7.097548851,7.362928097,Polysemy,N,False,pm85lle7oc,85,48
panel,M1_a_M2_b,panel_M1,It was a control panel.,http://id.loc.gov/authorities/subjects/sh85031656,Control boards (Electrical engineering),panel_M2,It was a consumer panel.,http://id.loc.gov/authorities/subjects/sh85028974,Committees,False,inf,0,0.5847102403640747,,0.230144858,0.096629083,826,True,6.716594774,7.648057246,Polysemy,N,False,uaydq1djrs,169,48
panel,M1_a_M2_a,panel_M1,It was a control panel.,http://id.loc.gov/authorities/subjects/sh85031656,Control boards (Electrical engineering),panel_M2,It was an advisory panel.,http://id.loc.gov/authorities/subjects/sh85028974,Committees,False,inf,0,0.5847102403640747,,0.337162554,0.105567575,2072,True,7.636269603,7.362928097,Polysemy,N,False,4zpuq8ud9x,123,48
panel,M1_b_M1_a,panel_M1,It was an instrument panel.,http://id.loc.gov/authorities/subjects/sh85031656,Control boards (Electrical engineering),panel_M1,It was a control panel.,http://id.loc.gov/authorities/subjects/sh85031656,Control boards (Electrical engineering),True,0.0,1,0.017848610877990723,,0.077652931,0.066153884,812,True,6.69950034,7.182685369,Polysemy,N,True,nh9sg3fncc,61,48
panel,M1_b_M1_a,panel_M1,It was an instrument panel.,http://id.loc.gov/authorities/subjects/sh85031656,Control boards (Electrical engineering),panel_M1,It was a control panel.,http://id.loc.gov/authorities/subjects/sh85031656,Control boards (Electrical engineering),True,0.0,1,0.017848610877990723,,0.077652931,0.066153884,763,True,6.637258031,7.182685369,Polysemy,N,True,x784e4lcbj,239,48
panel,M2_b_M2_a,panel_M2,It was a consumer panel.,http://id.loc.gov/authorities/subjects/sh85028974,Committees,panel_M2,It was an advisory panel.,http://id.loc.gov/authorities/subjects/sh85028974,Committees,True,0.0,1,0.07005268335342407,,0.307659984,0.109875023,1171,True,7.065613364,7.362928097,Polysemy,N,True,sufdrtgf9g,91,48
stake,M1_b_M1_a,stake_M1,He staked his tent.,http://id.loc.gov/authorities/subjects/sh85005198,Animal immobilization,stake_M1,He staked his horse.,http://id.loc.gov/authorities/subjects/sh85005198,Animal immobilization,True,0.0,1,0.026202380657196045,,0.12285012,0.06813097,1718,True,7.448916103,7.62480947,Polysemy,V,True,u6tgegpyj0,209,71
stake,M2_a_M1_b,stake_M2,He staked his name.,http://id.loc.gov/authorities/subjects/sh85026530,Claims,stake_M1,He staked his tent.,http://id.loc.gov/authorities/subjects/sh85005198,Animal immobilization,False,inf,0,0.6308302879333496,,0.254777133,0.099855304,962,True,6.869014451,7.614025135,Polysemy,V,False,urq6h944hm,137,71
stake,M2_a_M2_b,stake_M2,He staked his name.,http://id.loc.gov/authorities/subjects/sh85026530,Claims,stake_M2,He staked his claim.,http://id.loc.gov/authorities/subjects/sh85026530,Claims,True,0.0,1,0.0797262191772461,,0.191575289,0.075505853,569,True,6.343880434,7.370490473,Polysemy,V,True,v75fv9pagb,93,71
stake,M2_b_M1_a,stake_M2,He staked his claim.,http://id.loc.gov/authorities/subjects/sh85026530,Claims,stake_M1,He staked his horse.,http://id.loc.gov/authorities/subjects/sh85005198,Animal immobilization,False,inf,0,0.6308302879333496,,0.294953108,0.117528498,1957,True,7.579167967,7.62480947,Polysemy,V,False,9fkbaxk3zu,231,71
stake,M1_b_M2_a,stake_M1,He staked his tent.,http://id.loc.gov/authorities/subjects/sh85005198,Animal immobilization,stake_M2,He staked his name.,http://id.loc.gov/authorities/subjects/sh85026530,Claims,False,inf,0,0.6308302879333496,,0.254777133,0.099855304,1133,False,7.032624261,7.563313524,Polysemy,V,False,jjpm6guwej,131,71
stake,M1_a_M2_b,stake_M1,He staked his horse.,http://id.loc.gov/authorities/subjects/sh85005198,Animal immobilization,stake_M2,He staked his claim.,http://id.loc.gov/authorities/subjects/sh85026530,Claims,False,inf,0,0.6308302879333496,,0.294953108,0.117528498,609,True,6.411818268,7.370490473,Polysemy,V,False,xyokc18f4l,249,71
stake,M1_b_M1_a,stake_M1,He staked his tent.,http://id.loc.gov/authorities/subjects/sh85005198,Animal immobilization,stake_M1,He staked his horse.,http://id.loc.gov/authorities/subjects/sh85005198,Animal immobilization,True,0.0,1,0.026202380657196045,,0.12285012,0.06813097,1537,True,7.337587744,7.62480947,Polysemy,V,True,nkwr4ou2vr,211,71
stake,M1_a_M1_b,stake_M1,He staked his horse.,http://id.loc.gov/authorities/subjects/sh85005198,Animal immobilization,stake_M1,He staked his tent.,http://id.loc.gov/authorities/subjects/sh85005198,Animal immobilization,True,0.0,1,0.026202380657196045,,0.12285012,0.06813097,1028,False,6.935370446,7.614025135,Polysemy,V,True,ael4gl3t9n,191,71
stake,M2_b_M1_a,stake_M2,He staked his claim.,http://id.loc.gov/authorities/subjects/sh85026530,Claims,stake_M1,He staked his horse.,http://id.loc.gov/authorities/subjects/sh85005198,Animal immobilization,False,inf,0,0.6308302879333496,,0.294953108,0.117528498,746,True,6.6147256,7.62480947,Polysemy,V,False,gl71hqusr0,127,71
stake,M2_a_M1_a,stake_M2,He staked his name.,http://id.loc.gov/authorities/subjects/sh85026530,Claims,stake_M1,He staked his horse.,http://id.loc.gov/authorities/subjects/sh85005198,Animal immobilization,False,inf,0,0.6308302879333496,,0.28088522,0.128690422,1413,False,7.253470383,7.62480947,Polysemy,V,False,b3kl0cgv2r,35,71
stake,M2_b_M1_a,stake_M2,He staked his claim.,http://id.loc.gov/authorities/subjects/sh85026530,Claims,stake_M1,He staked his horse.,http://id.loc.gov/authorities/subjects/sh85005198,Animal immobilization,False,inf,0,0.6308302879333496,,0.294953108,0.117528498,3871,False,8.261268151,7.62480947,Polysemy,V,False,ze8q4rklbg,39,71
stake,M1_b_M2_b,stake_M1,He staked his tent.,http://id.loc.gov/authorities/subjects/sh85005198,Animal immobilization,stake_M2,He staked his claim.,http://id.loc.gov/authorities/subjects/sh85026530,Claims,False,inf,0,0.6308302879333496,,0.31125623,0.09199506,968,True,6.875232087,7.370490473,Polysemy,V,False,sn1yu7vsxd,91,71
stake,M1_a_M1_b,stake_M1,He staked his horse.,http://id.loc.gov/authorities/subjects/sh85005198,Animal immobilization,stake_M1,He staked his tent.,http://id.loc.gov/authorities/subjects/sh85005198,Animal immobilization,True,0.0,1,0.026202380657196045,,0.12285012,0.06813097,1055,True,6.961296046,7.614025135,Polysemy,V,True,xqssc38w0c,169,71
stake,M1_b_M1_a,stake_M1,He staked his tent.,http://id.loc.gov/authorities/subjects/sh85005198,Animal immobilization,stake_M1,He staked his horse.,http://id.loc.gov/authorities/subjects/sh85005198,Animal immobilization,True,0.0,1,0.026202380657196045,,0.12285012,0.06813097,1185,True,7.077498054,7.62480947,Polysemy,V,True,4c5xx9azr7,39,71
stake,M1_a_M1_b,stake_M1,He staked his horse.,http://id.loc.gov/authorities/subjects/sh85005198,Animal immobilization,stake_M1,He staked his tent.,http://id.loc.gov/authorities/subjects/sh85005198,Animal immobilization,True,0.0,1,0.026202380657196045,,0.12285012,0.06813097,994,True,6.901737207,7.614025135,Polysemy,V,True,p5fnydw94c,167,71
stake,M2_a_M2_b,stake_M2,He staked his name.,http://id.loc.gov/authorities/subjects/sh85026530,Claims,stake_M2,He staked his claim.,http://id.loc.gov/authorities/subjects/sh85026530,Claims,True,0.0,1,0.0797262191772461,,0.191575289,0.075505853,1214,False,7.101675972,7.370490473,Polysemy,V,True,dbd0l1933k,179,71
stake,M2_a_M1_b,stake_M2,He staked his name.,http://id.loc.gov/authorities/subjects/sh85026530,Claims,stake_M1,He staked his tent.,http://id.loc.gov/authorities/subjects/sh85005198,Animal immobilization,False,inf,0,0.6308302879333496,,0.254777133,0.099855304,1266,False,7.143617603,7.614025135,Polysemy,V,False,36hk5eeq3x,203,71
stake,M2_b_M1_b,stake_M2,He staked his claim.,http://id.loc.gov/authorities/subjects/sh85026530,Claims,stake_M1,He staked his tent.,http://id.loc.gov/authorities/subjects/sh85005198,Animal immobilization,False,inf,0,0.6308302879333496,,0.31125623,0.09199506,1479,True,7.299121463,7.614025135,Polysemy,V,False,se4vr7yp8v,185,71
stake,M1_a_M2_b,stake_M1,He staked his horse.,http://id.loc.gov/authorities/subjects/sh85005198,Animal immobilization,stake_M2,He staked his claim.,http://id.loc.gov/authorities/subjects/sh85026530,Claims,False,inf,0,0.6308302879333496,,0.294953108,0.117528498,1958,True,7.579678823,7.370490473,Polysemy,V,False,5zu5xn1fq8,35,71
stake,M2_b_M2_a,stake_M2,He staked his claim.,http://id.loc.gov/authorities/subjects/sh85026530,Claims,stake_M2,He staked his name.,http://id.loc.gov/authorities/subjects/sh85026530,Claims,True,0.0,1,0.0797262191772461,,0.191575289,0.075505853,2122,False,7.660114319,7.563313524,Polysemy,V,True,ra0zaqlxos,109,71
stake,M1_a_M2_b,stake_M1,He staked his horse.,http://id.loc.gov/authorities/subjects/sh85005198,Animal immobilization,stake_M2,He staked his claim.,http://id.loc.gov/authorities/subjects/sh85026530,Claims,False,inf,0,0.6308302879333496,,0.294953108,0.117528498,800,True,6.684611728,7.370490473,Polysemy,V,False,961ytz4h4r,193,71
stake,M2_a_M2_b,stake_M2,He staked his name.,http://id.loc.gov/authorities/subjects/sh85026530,Claims,stake_M2,He staked his claim.,http://id.loc.gov/authorities/subjects/sh85026530,Claims,True,0.0,1,0.0797262191772461,,0.191575289,0.075505853,2144,True,7.670428522,7.370490473,Polysemy,V,True,lt0kapj5fz,135,71
stake,M2_a_M1_b,stake_M2,He staked his name.,http://id.loc.gov/authorities/subjects/sh85026530,Claims,stake_M1,He staked his tent.,http://id.loc.gov/authorities/subjects/sh85005198,Animal immobilization,False,inf,0,0.6308302879333496,,0.254777133,0.099855304,1309,True,7.177018766,7.614025135,Polysemy,V,False,69bk8m4fc2,223,71
stake,M2_a_M1_b,stake_M2,He staked his name.,http://id.loc.gov/authorities/subjects/sh85026530,Claims,stake_M1,He staked his tent.,http://id.loc.gov/authorities/subjects/sh85005198,Animal immobilization,False,inf,0,0.6308302879333496,,0.254777133,0.099855304,1376,True,7.226936018,7.614025135,Polysemy,V,False,j9vhr9vzec,143,71
stake,M1_a_M2_b,stake_M1,He staked his horse.,http://id.loc.gov/authorities/subjects/sh85005198,Animal immobilization,stake_M2,He staked his claim.,http://id.loc.gov/authorities/subjects/sh85026530,Claims,False,inf,0,0.6308302879333496,,0.294953108,0.117528498,3356,True,8.118505068,7.370490473,Polysemy,V,False,kfp2rkd57s,223,71
stake,M1_b_M1_a,stake_M1,He staked his tent.,http://id.loc.gov/authorities/subjects/sh85005198,Animal immobilization,stake_M1,He staked his horse.,http://id.loc.gov/authorities/subjects/sh85005198,Animal immobilization,True,0.0,1,0.026202380657196045,,0.12285012,0.06813097,12332,False,9.419952789,7.62480947,Polysemy,V,True,m3g5101vta,113,71
stake,M1_a_M2_b,stake_M1,He staked his horse.,http://id.loc.gov/authorities/subjects/sh85005198,Animal immobilization,stake_M2,He staked his claim.,http://id.loc.gov/authorities/subjects/sh85026530,Claims,False,inf,0,0.6308302879333496,,0.294953108,0.117528498,1679,True,7.425953657,7.370490473,Polysemy,V,False,p5fm86046c,129,71
stake,M1_a_M2_b,stake_M1,He staked his horse.,http://id.loc.gov/authorities/subjects/sh85005198,Animal immobilization,stake_M2,He staked his claim.,http://id.loc.gov/authorities/subjects/sh85026530,Claims,False,inf,0,0.6308302879333496,,0.294953108,0.117528498,920,True,6.82437367,7.370490473,Polysemy,V,False,y4puhchaf9,215,71
stake,M1_a_M2_b,stake_M1,He staked his horse.,http://id.loc.gov/authorities/subjects/sh85005198,Animal immobilization,stake_M2,He staked his claim.,http://id.loc.gov/authorities/subjects/sh85026530,Claims,False,inf,0,0.6308302879333496,,0.294953108,0.117528498,917,False,6.821107472,7.370490473,Polysemy,V,False,1lzneddpkq,39,71
stake,M1_a_M2_a,stake_M1,He staked his horse.,http://id.loc.gov/authorities/subjects/sh85005198,Animal immobilization,stake_M2,He staked his name.,http://id.loc.gov/authorities/subjects/sh85026530,Claims,False,inf,0,0.6308302879333496,,0.28088522,0.128690422,1619,True,7.389563954,7.563313524,Polysemy,V,False,tra6y98mle,165,71
stake,M1_a_M2_b,stake_M1,He staked his horse.,http://id.loc.gov/authorities/subjects/sh85005198,Animal immobilization,stake_M2,He staked his claim.,http://id.loc.gov/authorities/subjects/sh85026530,Claims,False,inf,0,0.6308302879333496,,0.294953108,0.117528498,1246,True,7.127693699,7.370490473,Polysemy,V,False,somzvrxnz4,143,71
stake,M1_a_M1_b,stake_M1,He staked his horse.,http://id.loc.gov/authorities/subjects/sh85005198,Animal immobilization,stake_M1,He staked his tent.,http://id.loc.gov/authorities/subjects/sh85005198,Animal immobilization,True,0.0,1,0.026202380657196045,,0.12285012,0.06813097,955,True,6.86171134,7.614025135,Polysemy,V,True,hs560646yd,201,71
stake,M2_b_M2_a,stake_M2,He staked his claim.,http://id.loc.gov/authorities/subjects/sh85026530,Claims,stake_M2,He staked his name.,http://id.loc.gov/authorities/subjects/sh85026530,Claims,True,0.0,1,0.0797262191772461,,0.191575289,0.075505853,1191,False,7.082548569,7.563313524,Polysemy,V,True,mketfayzl8,165,71
stake,M2_b_M1_b,stake_M2,He staked his claim.,http://id.loc.gov/authorities/subjects/sh85026530,Claims,stake_M1,He staked his tent.,http://id.loc.gov/authorities/subjects/sh85005198,Animal immobilization,False,inf,0,0.6308302879333496,,0.31125623,0.09199506,661,False,6.49375384,7.614025135,Polysemy,V,False,ygz7kz72u2,191,71
stake,M2_a_M1_b,stake_M2,He staked his name.,http://id.loc.gov/authorities/subjects/sh85026530,Claims,stake_M1,He staked his tent.,http://id.loc.gov/authorities/subjects/sh85005198,Animal immobilization,False,inf,0,0.6308302879333496,,0.254777133,0.099855304,2161,True,7.678326357,7.614025135,Polysemy,V,False,4q5dxb7nhf,67,71
stake,M2_b_M2_a,stake_M2,He staked his claim.,http://id.loc.gov/authorities/subjects/sh85026530,Claims,stake_M2,He staked his name.,http://id.loc.gov/authorities/subjects/sh85026530,Claims,True,0.0,1,0.0797262191772461,,0.191575289,0.075505853,1406,False,7.248504072,7.563313524,Polysemy,V,True,luke3ctol0,173,71
stake,M1_a_M2_a,stake_M1,He staked his horse.,http://id.loc.gov/authorities/subjects/sh85005198,Animal immobilization,stake_M2,He staked his name.,http://id.loc.gov/authorities/subjects/sh85026530,Claims,False,inf,0,0.6308302879333496,,0.28088522,0.128690422,2515,False,7.830028083,7.563313524,Polysemy,V,False,79d4rp4wbh,241,71
stake,M1_a_M2_b,stake_M1,He staked his horse.,http://id.loc.gov/authorities/subjects/sh85005198,Animal immobilization,stake_M2,He staked his claim.,http://id.loc.gov/authorities/subjects/sh85026530,Claims,False,inf,0,0.6308302879333496,,0.294953108,0.117528498,884,True,6.784457063,7.370490473,Polysemy,V,False,2usccf4uxc,215,71
stake,M1_a_M2_a,stake_M1,He staked his horse.,http://id.loc.gov/authorities/subjects/sh85005198,Animal immobilization,stake_M2,He staked his name.,http://id.loc.gov/authorities/subjects/sh85026530,Claims,False,inf,0,0.6308302879333496,,0.28088522,0.128690422,1893,False,7.545918151,7.563313524,Polysemy,V,False,sndaggja6a,81,71
stake,M1_b_M2_a,stake_M1,He staked his tent.,http://id.loc.gov/authorities/subjects/sh85005198,Animal immobilization,stake_M2,He staked his name.,http://id.loc.gov/authorities/subjects/sh85026530,Claims,False,inf,0,0.6308302879333496,,0.254777133,0.099855304,1743,True,7.463363046,7.563313524,Polysemy,V,False,bqho6xb6vp,133,71
stake,M1_b_M2_a,stake_M1,He staked his tent.,http://id.loc.gov/authorities/subjects/sh85005198,Animal immobilization,stake_M2,He staked his name.,http://id.loc.gov/authorities/subjects/sh85026530,Claims,False,inf,0,0.6308302879333496,,0.254777133,0.099855304,1624,True,7.392647521,7.563313524,Polysemy,V,False,frqx6vw2d1,187,71
stake,M2_a_M1_a,stake_M2,He staked his name.,http://id.loc.gov/authorities/subjects/sh85026530,Claims,stake_M1,He staked his horse.,http://id.loc.gov/authorities/subjects/sh85005198,Animal immobilization,False,inf,0,0.6308302879333496,,0.28088522,0.128690422,1029,True,6.936342736,7.62480947,Polysemy,V,False,l4avquduxt,101,71
stake,M2_a_M1_a,stake_M2,He staked his name.,http://id.loc.gov/authorities/subjects/sh85026530,Claims,stake_M1,He staked his horse.,http://id.loc.gov/authorities/subjects/sh85005198,Animal immobilization,False,inf,0,0.6308302879333496,,0.28088522,0.128690422,2195,False,7.693937326,7.62480947,Polysemy,V,False,3focjo2q2y,129,71
stake,M1_a_M1_b,stake_M1,He staked his horse.,http://id.loc.gov/authorities/subjects/sh85005198,Animal immobilization,stake_M1,He staked his tent.,http://id.loc.gov/authorities/subjects/sh85005198,Animal immobilization,True,0.0,1,0.026202380657196045,,0.12285012,0.06813097,973,True,6.880384082,7.614025135,Polysemy,V,True,4edk6y2wlk,79,71
stake,M1_a_M2_a,stake_M1,He staked his horse.,http://id.loc.gov/authorities/subjects/sh85005198,Animal immobilization,stake_M2,He staked his name.,http://id.loc.gov/authorities/subjects/sh85026530,Claims,False,inf,0,0.6308302879333496,,0.28088522,0.128690422,1718,True,7.448916103,7.563313524,Polysemy,V,False,1qywoodmd2,65,71
stake,M1_a_M1_b,stake_M1,He staked his horse.,http://id.loc.gov/authorities/subjects/sh85005198,Animal immobilization,stake_M1,He staked his tent.,http://id.loc.gov/authorities/subjects/sh85005198,Animal immobilization,True,0.0,1,0.026202380657196045,,0.12285012,0.06813097,1366,True,7.21964204,7.614025135,Polysemy,V,True,1wzodbsf7y,29,71
stake,M2_a_M1_b,stake_M2,He staked his name.,http://id.loc.gov/authorities/subjects/sh85026530,Claims,stake_M1,He staked his tent.,http://id.loc.gov/authorities/subjects/sh85005198,Animal immobilization,False,inf,0,0.6308302879333496,,0.254777133,0.099855304,1139,False,7.037905963,7.614025135,Polysemy,V,False,qpgf6y0h0r,81,71
stake,M2_a_M1_a,stake_M2,He staked his name.,http://id.loc.gov/authorities/subjects/sh85026530,Claims,stake_M1,He staked his horse.,http://id.loc.gov/authorities/subjects/sh85005198,Animal immobilization,False,inf,0,0.6308302879333496,,0.28088522,0.128690422,3214,False,8.075271546,7.62480947,Polysemy,V,False,5jdbzv6v5c,133,71
stake,M1_b_M2_b,stake_M1,He staked his tent.,http://id.loc.gov/authorities/subjects/sh85005198,Animal immobilization,stake_M2,He staked his claim.,http://id.loc.gov/authorities/subjects/sh85026530,Claims,False,inf,0,0.6308302879333496,,0.31125623,0.09199506,1190,True,7.081708586,7.370490473,Polysemy,V,False,mhz82a74k9,103,71
stake,M1_b_M2_b,stake_M1,He staked his tent.,http://id.loc.gov/authorities/subjects/sh85005198,Animal immobilization,stake_M2,He staked his claim.,http://id.loc.gov/authorities/subjects/sh85026530,Claims,False,inf,0,0.6308302879333496,,0.31125623,0.09199506,893,True,6.794586581,7.370490473,Polysemy,V,False,p7h7xsjj50,249,71
stake,M1_a_M2_a,stake_M1,He staked his horse.,http://id.loc.gov/authorities/subjects/sh85005198,Animal immobilization,stake_M2,He staked his name.,http://id.loc.gov/authorities/subjects/sh85026530,Claims,False,inf,0,0.6308302879333496,,0.28088522,0.128690422,1687,False,7.430707083,7.563313524,Polysemy,V,False,g3flm4j14z,141,71
stake,M1_b_M2_a,stake_M1,He staked his tent.,http://id.loc.gov/authorities/subjects/sh85005198,Animal immobilization,stake_M2,He staked his name.,http://id.loc.gov/authorities/subjects/sh85026530,Claims,False,inf,0,0.6308302879333496,,0.254777133,0.099855304,782,False,6.661854741,7.563313524,Polysemy,V,False,21s95lnz0l,241,71
stake,M2_b_M1_a,stake_M2,He staked his claim.,http://id.loc.gov/authorities/subjects/sh85026530,Claims,stake_M1,He staked his horse.,http://id.loc.gov/authorities/subjects/sh85005198,Animal immobilization,False,inf,0,0.6308302879333496,,0.294953108,0.117528498,1011,False,6.918695219,7.62480947,Polysemy,V,False,kcv5v2zj80,59,71
stake,M2_b_M2_a,stake_M2,He staked his claim.,http://id.loc.gov/authorities/subjects/sh85026530,Claims,stake_M2,He staked his name.,http://id.loc.gov/authorities/subjects/sh85026530,Claims,True,0.0,1,0.0797262191772461,,0.191575289,0.075505853,2198,False,7.695303135,7.563313524,Polysemy,V,True,246unkcyak,101,71
stake,M2_a_M1_a,stake_M2,He staked his name.,http://id.loc.gov/authorities/subjects/sh85026530,Claims,stake_M1,He staked his horse.,http://id.loc.gov/authorities/subjects/sh85005198,Animal immobilization,False,inf,0,0.6308302879333496,,0.28088522,0.128690422,1001,True,6.908754779,7.62480947,Polysemy,V,False,tzstmyxntu,41,71
stake,M2_a_M1_b,stake_M2,He staked his name.,http://id.loc.gov/authorities/subjects/sh85026530,Claims,stake_M1,He staked his tent.,http://id.loc.gov/authorities/subjects/sh85005198,Animal immobilization,False,inf,0,0.6308302879333496,,0.254777133,0.099855304,2879,True,7.965198291,7.614025135,Polysemy,V,False,3uxmxe02py,81,71
stake,M1_a_M1_b,stake_M1,He staked his horse.,http://id.loc.gov/authorities/subjects/sh85005198,Animal immobilization,stake_M1,He staked his tent.,http://id.loc.gov/authorities/subjects/sh85005198,Animal immobilization,True,0.0,1,0.026202380657196045,,0.12285012,0.06813097,1044,True,6.950814768,7.614025135,Polysemy,V,True,cpjzep1zv0,123,71
stake,M1_a_M1_b,stake_M1,He staked his horse.,http://id.loc.gov/authorities/subjects/sh85005198,Animal immobilization,stake_M1,He staked his tent.,http://id.loc.gov/authorities/subjects/sh85005198,Animal immobilization,True,0.0,1,0.026202380657196045,,0.12285012,0.06813097,835,True,6.727431725,7.614025135,Polysemy,V,True,du57z90equ,145,71
stake,M1_b_M2_a,stake_M1,He staked his tent.,http://id.loc.gov/authorities/subjects/sh85005198,Animal immobilization,stake_M2,He staked his name.,http://id.loc.gov/authorities/subjects/sh85026530,Claims,False,inf,0,0.6308302879333496,,0.254777133,0.099855304,2101,False,7.650168701,7.563313524,Polysemy,V,False,jwcxuk91x6,233,71
stake,M1_a_M2_b,stake_M1,He staked his horse.,http://id.loc.gov/authorities/subjects/sh85005198,Animal immobilization,stake_M2,He staked his claim.,http://id.loc.gov/authorities/subjects/sh85026530,Claims,False,inf,0,0.6308302879333496,,0.294953108,0.117528498,628,True,6.442540166,7.370490473,Polysemy,V,False,k9k5bl7bsa,133,71
stake,M1_a_M2_b,stake_M1,He staked his horse.,http://id.loc.gov/authorities/subjects/sh85005198,Animal immobilization,stake_M2,He staked his claim.,http://id.loc.gov/authorities/subjects/sh85026530,Claims,False,inf,0,0.6308302879333496,,0.294953108,0.117528498,1189,False,7.080867897,7.370490473,Polysemy,V,False,o40xglp55j,47,71
stake,M1_a_M2_a,stake_M1,He staked his horse.,http://id.loc.gov/authorities/subjects/sh85005198,Animal immobilization,stake_M2,He staked his name.,http://id.loc.gov/authorities/subjects/sh85026530,Claims,False,inf,0,0.6308302879333496,,0.28088522,0.128690422,2430,False,7.795646536,7.563313524,Polysemy,V,False,va3hb1mkox,53,71
stake,M1_b_M2_b,stake_M1,He staked his tent.,http://id.loc.gov/authorities/subjects/sh85005198,Animal immobilization,stake_M2,He staked his claim.,http://id.loc.gov/authorities/subjects/sh85026530,Claims,False,inf,0,0.6308302879333496,,0.31125623,0.09199506,807,True,6.693323668,7.370490473,Polysemy,V,False,ctcq5oob70,131,71
stake,M2_a_M1_a,stake_M2,He staked his name.,http://id.loc.gov/authorities/subjects/sh85026530,Claims,stake_M1,He staked his horse.,http://id.loc.gov/authorities/subjects/sh85005198,Animal immobilization,False,inf,0,0.6308302879333496,,0.28088522,0.128690422,510,True,6.234410726,7.62480947,Polysemy,V,False,rln6tvgsn6,97,71
stake,M1_a_M1_b,stake_M1,He staked his horse.,http://id.loc.gov/authorities/subjects/sh85005198,Animal immobilization,stake_M1,He staked his tent.,http://id.loc.gov/authorities/subjects/sh85005198,Animal immobilization,True,0.0,1,0.026202380657196045,,0.12285012,0.06813097,2279,True,7.731492029,7.614025135,Polysemy,V,True,meaaxoxjw2,127,71
stake,M2_b_M1_b,stake_M2,He staked his claim.,http://id.loc.gov/authorities/subjects/sh85026530,Claims,stake_M1,He staked his tent.,http://id.loc.gov/authorities/subjects/sh85005198,Animal immobilization,False,inf,0,0.6308302879333496,,0.31125623,0.09199506,3043,False,8.02059915,7.614025135,Polysemy,V,False,rrded0u35m,209,71
stake,M1_a_M2_a,stake_M1,He staked his horse.,http://id.loc.gov/authorities/subjects/sh85005198,Animal immobilization,stake_M2,He staked his name.,http://id.loc.gov/authorities/subjects/sh85026530,Claims,False,inf,0,0.6308302879333496,,0.28088522,0.128690422,1366,False,7.21964204,7.563313524,Polysemy,V,False,z2n4w2lvuj,157,71
stake,M1_a_M2_b,stake_M1,He staked his horse.,http://id.loc.gov/authorities/subjects/sh85005198,Animal immobilization,stake_M2,He staked his claim.,http://id.loc.gov/authorities/subjects/sh85026530,Claims,False,inf,0,0.6308302879333496,,0.294953108,0.117528498,644,True,6.467698726,7.370490473,Polysemy,V,False,rgkj29k85f,241,71
stake,M2_a_M1_b,stake_M2,He staked his name.,http://id.loc.gov/authorities/subjects/sh85026530,Claims,stake_M1,He staked his tent.,http://id.loc.gov/authorities/subjects/sh85005198,Animal immobilization,False,inf,0,0.6308302879333496,,0.254777133,0.099855304,1002,True,6.909753282,7.614025135,Polysemy,V,False,ylr2c47dx9,55,71
stake,M2_a_M2_b,stake_M2,He staked his name.,http://id.loc.gov/authorities/subjects/sh85026530,Claims,stake_M2,He staked his claim.,http://id.loc.gov/authorities/subjects/sh85026530,Claims,True,0.0,1,0.0797262191772461,,0.191575289,0.075505853,824,True,6.71417053,7.370490473,Polysemy,V,True,kzat707d4c,73,71
stake,M2_a_M2_b,stake_M2,He staked his name.,http://id.loc.gov/authorities/subjects/sh85026530,Claims,stake_M2,He staked his claim.,http://id.loc.gov/authorities/subjects/sh85026530,Claims,True,0.0,1,0.0797262191772461,,0.191575289,0.075505853,1561,False,7.353081921,7.370490473,Polysemy,V,True,11s3zyvhm4,33,71
stake,M1_b_M2_b,stake_M1,He staked his tent.,http://id.loc.gov/authorities/subjects/sh85005198,Animal immobilization,stake_M2,He staked his claim.,http://id.loc.gov/authorities/subjects/sh85026530,Claims,False,inf,0,0.6308302879333496,,0.31125623,0.09199506,1659,True,7.41397029,7.370490473,Polysemy,V,False,abcwwk8j44,151,71
stake,M2_a_M2_b,stake_M2,He staked his name.,http://id.loc.gov/authorities/subjects/sh85026530,Claims,stake_M2,He staked his claim.,http://id.loc.gov/authorities/subjects/sh85026530,Claims,True,0.0,1,0.0797262191772461,,0.191575289,0.075505853,656,True,6.486160789,7.370490473,Polysemy,V,True,4ntjz706ef,129,71
stake,M2_a_M1_b,stake_M2,He staked his name.,http://id.loc.gov/authorities/subjects/sh85026530,Claims,stake_M1,He staked his tent.,http://id.loc.gov/authorities/subjects/sh85005198,Animal immobilization,False,inf,0,0.6308302879333496,,0.254777133,0.099855304,1544,True,7.342131731,7.614025135,Polysemy,V,False,awnat83w0r,71,71
stake,M1_b_M2_b,stake_M1,He staked his tent.,http://id.loc.gov/authorities/subjects/sh85005198,Animal immobilization,stake_M2,He staked his claim.,http://id.loc.gov/authorities/subjects/sh85026530,Claims,False,inf,0,0.6308302879333496,,0.31125623,0.09199506,881,True,6.781057626,7.370490473,Polysemy,V,False,wo6c5zy1c7,53,71
stake,M1_b_M2_b,stake_M1,He staked his tent.,http://id.loc.gov/authorities/subjects/sh85005198,Animal immobilization,stake_M2,He staked his claim.,http://id.loc.gov/authorities/subjects/sh85026530,Claims,False,inf,0,0.6308302879333496,,0.31125623,0.09199506,1917,True,7.558516743,7.370490473,Polysemy,V,False,6lbv5uhykm,117,71
stake,M1_b_M2_a,stake_M1,He staked his tent.,http://id.loc.gov/authorities/subjects/sh85005198,Animal immobilization,stake_M2,He staked his name.,http://id.loc.gov/authorities/subjects/sh85026530,Claims,False,inf,0,0.6308302879333496,,0.254777133,0.099855304,1568,False,7.357556201,7.563313524,Polysemy,V,False,68a6hn4uvz,131,71
stake,M2_b_M1_a,stake_M2,He staked his claim.,http://id.loc.gov/authorities/subjects/sh85026530,Claims,stake_M1,He staked his horse.,http://id.loc.gov/authorities/subjects/sh85005198,Animal immobilization,False,inf,0,0.6308302879333496,,0.294953108,0.117528498,773,True,6.650279049,7.62480947,Polysemy,V,False,9xyz8zlap8,215,71
stake,M1_b_M1_a,stake_M1,He staked his tent.,http://id.loc.gov/authorities/subjects/sh85005198,Animal immobilization,stake_M1,He staked his horse.,http://id.loc.gov/authorities/subjects/sh85005198,Animal immobilization,True,0.0,1,0.026202380657196045,,0.12285012,0.06813097,1280,False,7.154615357,7.62480947,Polysemy,V,True,r1c2epbxzl,153,71
stake,M1_a_M2_a,stake_M1,He staked his horse.,http://id.loc.gov/authorities/subjects/sh85005198,Animal immobilization,stake_M2,He staked his name.,http://id.loc.gov/authorities/subjects/sh85026530,Claims,False,inf,0,0.6308302879333496,,0.28088522,0.128690422,1514,True,7.322510434,7.563313524,Polysemy,V,False,vc2ac751cz,73,71
stake,M2_b_M1_b,stake_M2,He staked his claim.,http://id.loc.gov/authorities/subjects/sh85026530,Claims,stake_M1,He staked his tent.,http://id.loc.gov/authorities/subjects/sh85005198,Animal immobilization,False,inf,0,0.6308302879333496,,0.31125623,0.09199506,1488,False,7.305188215,7.614025135,Polysemy,V,False,4suqxr8zom,207,71
stake,M2_b_M1_a,stake_M2,He staked his claim.,http://id.loc.gov/authorities/subjects/sh85026530,Claims,stake_M1,He staked his horse.,http://id.loc.gov/authorities/subjects/sh85005198,Animal immobilization,False,inf,0,0.6308302879333496,,0.294953108,0.117528498,1543,False,7.341483852,7.62480947,Polysemy,V,False,jls43v8rj0,137,71
stake,M2_a_M1_b,stake_M2,He staked his name.,http://id.loc.gov/authorities/subjects/sh85026530,Claims,stake_M1,He staked his tent.,http://id.loc.gov/authorities/subjects/sh85005198,Animal immobilization,False,inf,0,0.6308302879333496,,0.254777133,0.099855304,595,True,6.388561406,7.614025135,Polysemy,V,False,xdapyucpqa,197,71
stake,M1_b_M2_b,stake_M1,He staked his tent.,http://id.loc.gov/authorities/subjects/sh85005198,Animal immobilization,stake_M2,He staked his claim.,http://id.loc.gov/authorities/subjects/sh85026530,Claims,False,inf,0,0.6308302879333496,,0.31125623,0.09199506,954,False,6.860663671,7.370490473,Polysemy,V,False,6g6ama8qck,99,71
stake,M1_b_M2_b,stake_M1,He staked his tent.,http://id.loc.gov/authorities/subjects/sh85005198,Animal immobilization,stake_M2,He staked his claim.,http://id.loc.gov/authorities/subjects/sh85026530,Claims,False,inf,0,0.6308302879333496,,0.31125623,0.09199506,1684,True,7.428927195,7.370490473,Polysemy,V,False,jrnkr73qqa,73,71
stake,M2_b_M1_b,stake_M2,He staked his claim.,http://id.loc.gov/authorities/subjects/sh85026530,Claims,stake_M1,He staked his tent.,http://id.loc.gov/authorities/subjects/sh85005198,Animal immobilization,False,inf,0,0.6308302879333496,,0.31125623,0.09199506,2775,False,7.928406026,7.614025135,Polysemy,V,False,kgyhdlaomp,203,71
stake,M2_a_M1_b,stake_M2,He staked his name.,http://id.loc.gov/authorities/subjects/sh85026530,Claims,stake_M1,He staked his tent.,http://id.loc.gov/authorities/subjects/sh85005198,Animal immobilization,False,inf,0,0.6308302879333496,,0.254777133,0.099855304,2531,True,7.836369761,7.614025135,Polysemy,V,False,lpduruhrnk,125,71
stake,M2_a_M1_b,stake_M2,He staked his name.,http://id.loc.gov/authorities/subjects/sh85026530,Claims,stake_M1,He staked his tent.,http://id.loc.gov/authorities/subjects/sh85005198,Animal immobilization,False,inf,0,0.6308302879333496,,0.254777133,0.099855304,1630,True,7.396335294,7.614025135,Polysemy,V,False,m7n1h07aw2,163,71
stake,M1_b_M1_a,stake_M1,He staked his tent.,http://id.loc.gov/authorities/subjects/sh85005198,Animal immobilization,stake_M1,He staked his horse.,http://id.loc.gov/authorities/subjects/sh85005198,Animal immobilization,True,0.0,1,0.026202380657196045,,0.12285012,0.06813097,2491,False,7.820439515,7.62480947,Polysemy,V,True,4zpuq8ud9x,93,71
stake,M1_b_M1_a,stake_M1,He staked his tent.,http://id.loc.gov/authorities/subjects/sh85005198,Animal immobilization,stake_M1,He staked his horse.,http://id.loc.gov/authorities/subjects/sh85005198,Animal immobilization,True,0.0,1,0.026202380657196045,,0.12285012,0.06813097,1890,True,7.544332108,7.62480947,Polysemy,V,True,nh9sg3fncc,195,71
company,M1_b_M2_a,company_M1,He liked the pharmaceutical company.,http://id.loc.gov/authorities/subjects/sh85018285,Business enterprises,company_M2,He liked the pleasant company.,http://id.loc.gov/authorities/subjects/sh85047713,Fellowship,False,8.0,0,0.5734601020812988,,0.46819371,0.212740541,1480,True,7.299797367,7.505286349,Polysemy,N,False,qck08emfde,83,39
company,M1_b_M1_a,company_M1,He liked the pharmaceutical company.,http://id.loc.gov/authorities/subjects/sh85018285,Business enterprises,company_M1,He liked the investment company.,http://id.loc.gov/authorities/subjects/sh85018285,Business enterprises,True,0.0,1,0.02639150619506836,,0.169793963,0.102344513,1589,True,7.370860167,7.250339152,Polysemy,N,True,urq6h944hm,45,39
company,M1_b_M2_b,company_M1,He liked the pharmaceutical company.,http://id.loc.gov/authorities/subjects/sh85018285,Business enterprises,company_M2,He liked the polite company.,http://id.loc.gov/authorities/subjects/sh85047713,Fellowship,False,8.0,0,0.5734601020812988,,0.461689591,0.205292463,1301,True,7.170888479,7.330594783,Polysemy,N,False,1vz3fdcvtw,53,39
company,M1_b_M1_a,company_M1,He liked the pharmaceutical company.,http://id.loc.gov/authorities/subjects/sh85018285,Business enterprises,company_M1,He liked the investment company.,http://id.loc.gov/authorities/subjects/sh85018285,Business enterprises,True,0.0,1,0.02639150619506836,,0.169793963,0.102344513,770,True,6.646390515,7.250339152,Polysemy,N,True,np8fheoehh,153,39
company,M2_a_M1_b,company_M2,He liked the pleasant company.,http://id.loc.gov/authorities/subjects/sh85047713,Fellowship,company_M1,He liked the pharmaceutical company.,http://id.loc.gov/authorities/subjects/sh85018285,Business enterprises,False,8.0,0,0.5734601020812988,,0.46819371,0.212740541,1405,True,7.247792582,7.385032037,Polysemy,N,False,jjpm6guwej,89,39
company,M1_a_M2_a,company_M1,He liked the investment company.,http://id.loc.gov/authorities/subjects/sh85018285,Business enterprises,company_M2,He liked the pleasant company.,http://id.loc.gov/authorities/subjects/sh85047713,Fellowship,False,8.0,0,0.5734601020812988,,0.488830864,0.145881116,1211,True,7.099201744,7.505286349,Polysemy,N,False,hdblro1e9q,35,39
company,M2_a_M1_a,company_M2,He liked the pleasant company.,http://id.loc.gov/authorities/subjects/sh85047713,Fellowship,company_M1,He liked the investment company.,http://id.loc.gov/authorities/subjects/sh85018285,Business enterprises,False,8.0,0,0.5734601020812988,,0.488830864,0.145881116,1165,False,7.060476366,7.250339152,Polysemy,N,False,xyokc18f4l,71,39
company,M2_b_M1_b,company_M2,He liked the polite company.,http://id.loc.gov/authorities/subjects/sh85047713,Fellowship,company_M1,He liked the pharmaceutical company.,http://id.loc.gov/authorities/subjects/sh85018285,Business enterprises,False,8.0,0,0.5734601020812988,,0.461689591,0.205292463,953,True,6.859614904,7.385032037,Polysemy,N,False,so1m7krwy9,105,39
company,M1_b_M2_b,company_M1,He liked the pharmaceutical company.,http://id.loc.gov/authorities/subjects/sh85018285,Business enterprises,company_M2,He liked the polite company.,http://id.loc.gov/authorities/subjects/sh85047713,Fellowship,False,8.0,0,0.5734601020812988,,0.461689591,0.205292463,1671,True,7.421177529,7.330594783,Polysemy,N,False,bjdam1cm56,73,39
company,M2_b_M2_a,company_M2,He liked the polite company.,http://id.loc.gov/authorities/subjects/sh85047713,Fellowship,company_M2,He liked the pleasant company.,http://id.loc.gov/authorities/subjects/sh85047713,Fellowship,True,0.0,1,0.01806396245956421,,0.057559729,0.049681246,665,True,6.499787041,7.505286349,Polysemy,N,True,op2dnqu0a7,113,39
company,M2_b_M2_a,company_M2,He liked the polite company.,http://id.loc.gov/authorities/subjects/sh85047713,Fellowship,company_M2,He liked the pleasant company.,http://id.loc.gov/authorities/subjects/sh85047713,Fellowship,True,0.0,1,0.01806396245956421,,0.057559729,0.049681246,1115,True,7.016609684,7.505286349,Polysemy,N,True,sn1yu7vsxd,131,39
company,M2_b_M1_a,company_M2,He liked the polite company.,http://id.loc.gov/authorities/subjects/sh85047713,Fellowship,company_M1,He liked the investment company.,http://id.loc.gov/authorities/subjects/sh85018285,Business enterprises,False,8.0,0,0.5734601020812988,,0.481504261,0.141207337,1350,True,7.207859871,7.250339152,Polysemy,N,False,4c5xx9azr7,105,39
company,M1_a_M2_a,company_M1,He liked the investment company.,http://id.loc.gov/authorities/subjects/sh85018285,Business enterprises,company_M2,He liked the pleasant company.,http://id.loc.gov/authorities/subjects/sh85047713,Fellowship,False,8.0,0,0.5734601020812988,,0.488830864,0.145881116,617,True,6.424869024,7.505286349,Polysemy,N,False,dbd0l1933k,39,39
company,M2_b_M1_b,company_M2,He liked the polite company.,http://id.loc.gov/authorities/subjects/sh85047713,Fellowship,company_M1,He liked the pharmaceutical company.,http://id.loc.gov/authorities/subjects/sh85018285,Business enterprises,False,8.0,0,0.5734601020812988,,0.461689591,0.205292463,1259,True,7.138073034,7.385032037,Polysemy,N,False,y8z6hxvply,217,39
company,M2_a_M1_b,company_M2,He liked the pleasant company.,http://id.loc.gov/authorities/subjects/sh85047713,Fellowship,company_M1,He liked the pharmaceutical company.,http://id.loc.gov/authorities/subjects/sh85018285,Business enterprises,False,8.0,0,0.5734601020812988,,0.46819371,0.212740541,2350,True,7.762170607,7.385032037,Polysemy,N,False,3lr2j29be7,161,39
company,M1_a_M2_b,company_M1,He liked the investment company.,http://id.loc.gov/authorities/subjects/sh85018285,Business enterprises,company_M2,He liked the polite company.,http://id.loc.gov/authorities/subjects/sh85047713,Fellowship,False,8.0,0,0.5734601020812988,,0.481504261,0.141207337,1409,False,7.250635512,7.330594783,Polysemy,N,False,se4vr7yp8v,223,39
company,M1_b_M1_a,company_M1,He liked the pharmaceutical company.,http://id.loc.gov/authorities/subjects/sh85018285,Business enterprises,company_M1,He liked the investment company.,http://id.loc.gov/authorities/subjects/sh85018285,Business enterprises,True,0.0,1,0.02639150619506836,,0.169793963,0.102344513,2010,True,7.605890001,7.250339152,Polysemy,N,True,r5r8zoalta,243,39
company,M2_a_M2_b,company_M2,He liked the pleasant company.,http://id.loc.gov/authorities/subjects/sh85047713,Fellowship,company_M2,He liked the polite company.,http://id.loc.gov/authorities/subjects/sh85047713,Fellowship,True,0.0,1,0.01806396245956421,,0.057559729,0.049681246,1723,True,7.451822237,7.330594783,Polysemy,N,True,ra0zaqlxos,89,39
company,M1_a_M2_a,company_M1,He liked the investment company.,http://id.loc.gov/authorities/subjects/sh85018285,Business enterprises,company_M2,He liked the pleasant company.,http://id.loc.gov/authorities/subjects/sh85047713,Fellowship,False,8.0,0,0.5734601020812988,,0.488830864,0.145881116,1236,True,7.119635638,7.505286349,Polysemy,N,False,evdgzy3cvj,209,39
company,M1_b_M2_a,company_M1,He liked the pharmaceutical company.,http://id.loc.gov/authorities/subjects/sh85018285,Business enterprises,company_M2,He liked the pleasant company.,http://id.loc.gov/authorities/subjects/sh85047713,Fellowship,False,8.0,0,0.5734601020812988,,0.46819371,0.212740541,815,True,6.703188113,7.505286349,Polysemy,N,False,meoc92246n,237,39
company,M2_a_M1_b,company_M2,He liked the pleasant company.,http://id.loc.gov/authorities/subjects/sh85047713,Fellowship,company_M1,He liked the pharmaceutical company.,http://id.loc.gov/authorities/subjects/sh85018285,Business enterprises,False,8.0,0,0.5734601020812988,,0.46819371,0.212740541,1075,False,6.980075941,7.385032037,Polysemy,N,False,koccaak1qr,39,39
company,M2_b_M2_a,company_M2,He liked the polite company.,http://id.loc.gov/authorities/subjects/sh85047713,Fellowship,company_M2,He liked the pleasant company.,http://id.loc.gov/authorities/subjects/sh85047713,Fellowship,True,0.0,1,0.01806396245956421,,0.057559729,0.049681246,1044,True,6.950814768,7.505286349,Polysemy,N,True,tfq4ylwp1x,85,39
company,M1_b_M2_a,company_M1,He liked the pharmaceutical company.,http://id.loc.gov/authorities/subjects/sh85018285,Business enterprises,company_M2,He liked the pleasant company.,http://id.loc.gov/authorities/subjects/sh85047713,Fellowship,False,8.0,0,0.5734601020812988,,0.46819371,0.212740541,2232,True,7.710653324,7.505286349,Polysemy,N,False,lt0kapj5fz,107,39
company,M2_b_M1_b,company_M2,He liked the polite company.,http://id.loc.gov/authorities/subjects/sh85047713,Fellowship,company_M1,He liked the pharmaceutical company.,http://id.loc.gov/authorities/subjects/sh85018285,Business enterprises,False,8.0,0,0.5734601020812988,,0.461689591,0.205292463,1005,True,6.91274282,7.385032037,Polysemy,N,False,69bk8m4fc2,247,39
company,M1_b_M2_b,company_M1,He liked the pharmaceutical company.,http://id.loc.gov/authorities/subjects/sh85018285,Business enterprises,company_M2,He liked the polite company.,http://id.loc.gov/authorities/subjects/sh85047713,Fellowship,False,8.0,0,0.5734601020812988,,0.461689591,0.205292463,2691,False,7.897668151,7.330594783,Polysemy,N,False,j9vhr9vzec,147,39
company,M1_b_M2_b,company_M1,He liked the pharmaceutical company.,http://id.loc.gov/authorities/subjects/sh85018285,Business enterprises,company_M2,He liked the polite company.,http://id.loc.gov/authorities/subjects/sh85047713,Fellowship,False,8.0,0,0.5734601020812988,,0.461689591,0.205292463,2731,True,7.912423121,7.330594783,Polysemy,N,False,kfp2rkd57s,131,39
company,M2_a_M2_b,company_M2,He liked the pleasant company.,http://id.loc.gov/authorities/subjects/sh85047713,Fellowship,company_M2,He liked the polite company.,http://id.loc.gov/authorities/subjects/sh85047713,Fellowship,True,0.0,1,0.01806396245956421,,0.057559729,0.049681246,852,True,6.747586527,7.330594783,Polysemy,N,True,m3g5101vta,243,39
company,M1_b_M2_b,company_M1,He liked the pharmaceutical company.,http://id.loc.gov/authorities/subjects/sh85018285,Business enterprises,company_M2,He liked the polite company.,http://id.loc.gov/authorities/subjects/sh85047713,Fellowship,False,8.0,0,0.5734601020812988,,0.461689591,0.205292463,2636,True,7.877017896,7.330594783,Polysemy,N,False,y4puhchaf9,161,39
company,M1_a_M1_b,company_M1,He liked the investment company.,http://id.loc.gov/authorities/subjects/sh85018285,Business enterprises,company_M1,He liked the pharmaceutical company.,http://id.loc.gov/authorities/subjects/sh85018285,Business enterprises,True,0.0,1,0.02639150619506836,,0.169793963,0.102344513,2265,True,7.725330038,7.385032037,Polysemy,N,True,kd178dnoub,233,39
company,M2_a_M1_a,company_M2,He liked the pleasant company.,http://id.loc.gov/authorities/subjects/sh85047713,Fellowship,company_M1,He liked the investment company.,http://id.loc.gov/authorities/subjects/sh85018285,Business enterprises,False,8.0,0,0.5734601020812988,,0.488830864,0.145881116,878,True,6.777646594,7.250339152,Polysemy,N,False,1lzneddpkq,141,39
company,M1_a_M1_b,company_M1,He liked the investment company.,http://id.loc.gov/authorities/subjects/sh85018285,Business enterprises,company_M1,He liked the pharmaceutical company.,http://id.loc.gov/authorities/subjects/sh85018285,Business enterprises,True,0.0,1,0.02639150619506836,,0.169793963,0.102344513,814,True,6.701960366,7.385032037,Polysemy,N,True,92yp2w9v56,211,39
company,M2_a_M1_a,company_M2,He liked the pleasant company.,http://id.loc.gov/authorities/subjects/sh85047713,Fellowship,company_M1,He liked the investment company.,http://id.loc.gov/authorities/subjects/sh85018285,Business enterprises,False,8.0,0,0.5734601020812988,,0.488830864,0.145881116,1290,False,7.162397497,7.250339152,Polysemy,N,False,gdwec44k4r,209,39
company,M2_b_M1_a,company_M2,He liked the polite company.,http://id.loc.gov/authorities/subjects/sh85047713,Fellowship,company_M1,He liked the investment company.,http://id.loc.gov/authorities/subjects/sh85018285,Business enterprises,False,8.0,0,0.5734601020812988,,0.481504261,0.141207337,1045,True,6.951772164,7.250339152,Polysemy,N,False,z02r2dprrd,217,39
company,M2_a_M1_a,company_M2,He liked the pleasant company.,http://id.loc.gov/authorities/subjects/sh85047713,Fellowship,company_M1,He liked the investment company.,http://id.loc.gov/authorities/subjects/sh85018285,Business enterprises,False,8.0,0,0.5734601020812988,,0.488830864,0.145881116,1505,True,7.316548177,7.250339152,Polysemy,N,False,w7t2pcpr1z,229,39
company,M1_b_M2_a,company_M1,He liked the pharmaceutical company.,http://id.loc.gov/authorities/subjects/sh85018285,Business enterprises,company_M2,He liked the pleasant company.,http://id.loc.gov/authorities/subjects/sh85047713,Fellowship,False,8.0,0,0.5734601020812988,,0.46819371,0.212740541,1381,True,7.230563153,7.505286349,Polysemy,N,False,qtxcwuzoo4,105,39
company,M2_b_M1_b,company_M2,He liked the polite company.,http://id.loc.gov/authorities/subjects/sh85047713,Fellowship,company_M1,He liked the pharmaceutical company.,http://id.loc.gov/authorities/subjects/sh85018285,Business enterprises,False,8.0,0,0.5734601020812988,,0.461689591,0.205292463,1447,True,7.277247727,7.385032037,Polysemy,N,False,somzvrxnz4,45,39
company,M2_b_M2_a,company_M2,He liked the polite company.,http://id.loc.gov/authorities/subjects/sh85047713,Fellowship,company_M2,He liked the pleasant company.,http://id.loc.gov/authorities/subjects/sh85047713,Fellowship,True,0.0,1,0.01806396245956421,,0.057559729,0.049681246,1117,True,7.018401799,7.505286349,Polysemy,N,True,hs560646yd,159,39
company,M2_b_M1_a,company_M2,He liked the polite company.,http://id.loc.gov/authorities/subjects/sh85047713,Fellowship,company_M1,He liked the investment company.,http://id.loc.gov/authorities/subjects/sh85018285,Business enterprises,False,8.0,0,0.5734601020812988,,0.481504261,0.141207337,927,True,6.831953566,7.250339152,Polysemy,N,False,uy86my9o9s,67,39
company,M2_a_M2_b,company_M2,He liked the pleasant company.,http://id.loc.gov/authorities/subjects/sh85047713,Fellowship,company_M2,He liked the polite company.,http://id.loc.gov/authorities/subjects/sh85047713,Fellowship,True,0.0,1,0.01806396245956421,,0.057559729,0.049681246,756,True,6.628041376,7.330594783,Polysemy,N,True,ygz7kz72u2,201,39
company,M2_b_M2_a,company_M2,He liked the polite company.,http://id.loc.gov/authorities/subjects/sh85047713,Fellowship,company_M2,He liked the pleasant company.,http://id.loc.gov/authorities/subjects/sh85047713,Fellowship,True,0.0,1,0.01806396245956421,,0.057559729,0.049681246,739,True,6.605297921,7.505286349,Polysemy,N,True,bcycp1bevl,217,39
company,M1_a_M2_b,company_M1,He liked the investment company.,http://id.loc.gov/authorities/subjects/sh85018285,Business enterprises,company_M2,He liked the polite company.,http://id.loc.gov/authorities/subjects/sh85047713,Fellowship,False,8.0,0,0.5734601020812988,,0.481504261,0.141207337,724,True,6.584791392,7.330594783,Polysemy,N,False,gdlhwqulft,247,39
company,M1_b_M2_a,company_M1,He liked the pharmaceutical company.,http://id.loc.gov/authorities/subjects/sh85018285,Business enterprises,company_M2,He liked the pleasant company.,http://id.loc.gov/authorities/subjects/sh85047713,Fellowship,False,8.0,0,0.5734601020812988,,0.46819371,0.212740541,1824,True,7.508787171,7.505286349,Polysemy,N,False,4q5dxb7nhf,153,39
company,M2_a_M1_b,company_M2,He liked the pleasant company.,http://id.loc.gov/authorities/subjects/sh85047713,Fellowship,company_M1,He liked the pharmaceutical company.,http://id.loc.gov/authorities/subjects/sh85018285,Business enterprises,False,8.0,0,0.5734601020812988,,0.46819371,0.212740541,1018,True,6.925595197,7.385032037,Polysemy,N,False,yoo60pl9o6,187,39
company,M1_b_M2_b,company_M1,He liked the pharmaceutical company.,http://id.loc.gov/authorities/subjects/sh85018285,Business enterprises,company_M2,He liked the polite company.,http://id.loc.gov/authorities/subjects/sh85047713,Fellowship,False,8.0,0,0.5734601020812988,,0.461689591,0.205292463,1049,True,6.955592608,7.330594783,Polysemy,N,False,zglqpt5fh7,201,39
company,M2_a_M2_b,company_M2,He liked the pleasant company.,http://id.loc.gov/authorities/subjects/sh85047713,Fellowship,company_M2,He liked the polite company.,http://id.loc.gov/authorities/subjects/sh85047713,Fellowship,True,0.0,1,0.01806396245956421,,0.057559729,0.049681246,882,True,6.782192056,7.330594783,Polysemy,N,True,prlu1sa9my,225,39
company,M2_a_M1_b,company_M2,He liked the pleasant company.,http://id.loc.gov/authorities/subjects/sh85047713,Fellowship,company_M1,He liked the pharmaceutical company.,http://id.loc.gov/authorities/subjects/sh85018285,Business enterprises,False,8.0,0,0.5734601020812988,,0.46819371,0.212740541,1037,True,6.944087208,7.385032037,Polysemy,N,False,luke3ctol0,163,39
company,M2_a_M1_b,company_M2,He liked the pleasant company.,http://id.loc.gov/authorities/subjects/sh85047713,Fellowship,company_M1,He liked the pharmaceutical company.,http://id.loc.gov/authorities/subjects/sh85018285,Business enterprises,False,8.0,0,0.5734601020812988,,0.46819371,0.212740541,1114,True,7.01571242,7.385032037,Polysemy,N,False,79d4rp4wbh,243,39
company,M2_a_M1_b,company_M2,He liked the pleasant company.,http://id.loc.gov/authorities/subjects/sh85047713,Fellowship,company_M1,He liked the pharmaceutical company.,http://id.loc.gov/authorities/subjects/sh85018285,Business enterprises,False,8.0,0,0.5734601020812988,,0.46819371,0.212740541,1066,False,6.971668605,7.385032037,Polysemy,N,False,2usccf4uxc,173,39
company,M2_b_M1_a,company_M2,He liked the polite company.,http://id.loc.gov/authorities/subjects/sh85047713,Fellowship,company_M1,He liked the investment company.,http://id.loc.gov/authorities/subjects/sh85018285,Business enterprises,False,8.0,0,0.5734601020812988,,0.481504261,0.141207337,899,True,6.801283034,7.250339152,Polysemy,N,False,w18v804q9v,251,39
company,M1_a_M2_b,company_M1,He liked the investment company.,http://id.loc.gov/authorities/subjects/sh85018285,Business enterprises,company_M2,He liked the polite company.,http://id.loc.gov/authorities/subjects/sh85047713,Fellowship,False,8.0,0,0.5734601020812988,,0.481504261,0.141207337,1424,True,7.261225092,7.330594783,Polysemy,N,False,50rd5uu19e,91,39
company,M1_b_M2_a,company_M1,He liked the pharmaceutical company.,http://id.loc.gov/authorities/subjects/sh85018285,Business enterprises,company_M2,He liked the pleasant company.,http://id.loc.gov/authorities/subjects/sh85047713,Fellowship,False,8.0,0,0.5734601020812988,,0.46819371,0.212740541,1327,False,7.190676034,7.505286349,Polysemy,N,False,l4avquduxt,71,39
company,M1_a_M2_b,company_M1,He liked the investment company.,http://id.loc.gov/authorities/subjects/sh85018285,Business enterprises,company_M2,He liked the polite company.,http://id.loc.gov/authorities/subjects/sh85047713,Fellowship,False,8.0,0,0.5734601020812988,,0.481504261,0.141207337,2046,True,7.623641947,7.330594783,Polysemy,N,False,dthp9ekqaq,183,39
company,M1_b_M1_a,company_M1,He liked the pharmaceutical company.,http://id.loc.gov/authorities/subjects/sh85018285,Business enterprises,company_M1,He liked the investment company.,http://id.loc.gov/authorities/subjects/sh85018285,Business enterprises,True,0.0,1,0.02639150619506836,,0.169793963,0.102344513,963,True,6.870053412,7.250339152,Polysemy,N,True,4edk6y2wlk,81,39
company,M1_b_M2_b,company_M1,He liked the pharmaceutical company.,http://id.loc.gov/authorities/subjects/sh85018285,Business enterprises,company_M2,He liked the polite company.,http://id.loc.gov/authorities/subjects/sh85047713,Fellowship,False,8.0,0,0.5734601020812988,,0.461689591,0.205292463,1189,False,7.080867897,7.330594783,Polysemy,N,False,qpgf6y0h0r,145,39
company,M1_b_M2_b,company_M1,He liked the pharmaceutical company.,http://id.loc.gov/authorities/subjects/sh85018285,Business enterprises,company_M2,He liked the polite company.,http://id.loc.gov/authorities/subjects/sh85047713,Fellowship,False,8.0,0,0.5734601020812988,,0.461689591,0.205292463,1054,True,6.960347729,7.330594783,Polysemy,N,False,d4b99ue0tu,167,39
company,M1_b_M2_b,company_M1,He liked the pharmaceutical company.,http://id.loc.gov/authorities/subjects/sh85018285,Business enterprises,company_M2,He liked the polite company.,http://id.loc.gov/authorities/subjects/sh85047713,Fellowship,False,8.0,0,0.5734601020812988,,0.461689591,0.205292463,1356,False,7.212294469,7.330594783,Polysemy,N,False,dcy113hjjm,71,39
company,M1_b_M2_a,company_M1,He liked the pharmaceutical company.,http://id.loc.gov/authorities/subjects/sh85018285,Business enterprises,company_M2,He liked the pleasant company.,http://id.loc.gov/authorities/subjects/sh85047713,Fellowship,False,8.0,0,0.5734601020812988,,0.46819371,0.212740541,1512,True,7.321188557,7.505286349,Polysemy,N,False,xesfu0h98k,31,39
company,M2_a_M2_b,company_M2,He liked the pleasant company.,http://id.loc.gov/authorities/subjects/sh85047713,Fellowship,company_M2,He liked the polite company.,http://id.loc.gov/authorities/subjects/sh85047713,Fellowship,True,0.0,1,0.01806396245956421,,0.057559729,0.049681246,1385,True,7.233455419,7.330594783,Polysemy,N,True,h0th05ppt7,85,39
company,M2_b_M2_a,company_M2,He liked the polite company.,http://id.loc.gov/authorities/subjects/sh85047713,Fellowship,company_M2,He liked the pleasant company.,http://id.loc.gov/authorities/subjects/sh85047713,Fellowship,True,0.0,1,0.01806396245956421,,0.057559729,0.049681246,2521,True,7.832410927,7.505286349,Polysemy,N,True,ea54kkhdyv,35,39
company,M1_a_M1_b,company_M1,He liked the investment company.,http://id.loc.gov/authorities/subjects/sh85018285,Business enterprises,company_M1,He liked the pharmaceutical company.,http://id.loc.gov/authorities/subjects/sh85018285,Business enterprises,True,0.0,1,0.02639150619506836,,0.169793963,0.102344513,1091,True,6.994849986,7.385032037,Polysemy,N,True,5jdbzv6v5c,123,39
company,M2_b_M1_b,company_M2,He liked the polite company.,http://id.loc.gov/authorities/subjects/sh85047713,Fellowship,company_M1,He liked the pharmaceutical company.,http://id.loc.gov/authorities/subjects/sh85018285,Business enterprises,False,8.0,0,0.5734601020812988,,0.461689591,0.205292463,823,True,6.712956201,7.385032037,Polysemy,N,False,p7h7xsjj50,177,39
company,M1_a_M2_b,company_M1,He liked the investment company.,http://id.loc.gov/authorities/subjects/sh85018285,Business enterprises,company_M2,He liked the polite company.,http://id.loc.gov/authorities/subjects/sh85047713,Fellowship,False,8.0,0,0.5734601020812988,,0.481504261,0.141207337,901,False,6.803505258,7.330594783,Polysemy,N,False,21s95lnz0l,239,39
company,M1_a_M1_b,company_M1,He liked the investment company.,http://id.loc.gov/authorities/subjects/sh85018285,Business enterprises,company_M1,He liked the pharmaceutical company.,http://id.loc.gov/authorities/subjects/sh85018285,Business enterprises,True,0.0,1,0.02639150619506836,,0.169793963,0.102344513,1448,True,7.277938573,7.385032037,Polysemy,N,True,skb4uv2kf9,125,39
company,M1_b_M2_b,company_M1,He liked the pharmaceutical company.,http://id.loc.gov/authorities/subjects/sh85018285,Business enterprises,company_M2,He liked the polite company.,http://id.loc.gov/authorities/subjects/sh85047713,Fellowship,False,8.0,0,0.5734601020812988,,0.461689591,0.205292463,1263,False,7.141245122,7.330594783,Polysemy,N,False,02cpp7rcbk,115,39
company,M1_b_M2_b,company_M1,He liked the pharmaceutical company.,http://id.loc.gov/authorities/subjects/sh85018285,Business enterprises,company_M2,He liked the polite company.,http://id.loc.gov/authorities/subjects/sh85047713,Fellowship,False,8.0,0,0.5734601020812988,,0.461689591,0.205292463,1413,False,7.253470383,7.330594783,Polysemy,N,False,a0u2yg5j7e,63,39
company,M1_a_M2_b,company_M1,He liked the investment company.,http://id.loc.gov/authorities/subjects/sh85018285,Business enterprises,company_M2,He liked the polite company.,http://id.loc.gov/authorities/subjects/sh85047713,Fellowship,False,8.0,0,0.5734601020812988,,0.481504261,0.141207337,891,True,6.792344427,7.330594783,Polysemy,N,False,tzstmyxntu,131,39
company,M2_b_M2_a,company_M2,He liked the polite company.,http://id.loc.gov/authorities/subjects/sh85047713,Fellowship,company_M2,He liked the pleasant company.,http://id.loc.gov/authorities/subjects/sh85047713,Fellowship,True,0.0,1,0.01806396245956421,,0.057559729,0.049681246,1447,True,7.277247727,7.505286349,Polysemy,N,True,3uxmxe02py,91,39
company,M2_a_M2_b,company_M2,He liked the pleasant company.,http://id.loc.gov/authorities/subjects/sh85047713,Fellowship,company_M2,He liked the polite company.,http://id.loc.gov/authorities/subjects/sh85047713,Fellowship,True,0.0,1,0.01806396245956421,,0.057559729,0.049681246,1281,True,7.155396302,7.330594783,Polysemy,N,True,cpjzep1zv0,45,39
company,M1_b_M1_a,company_M1,He liked the pharmaceutical company.,http://id.loc.gov/authorities/subjects/sh85018285,Business enterprises,company_M1,He liked the investment company.,http://id.loc.gov/authorities/subjects/sh85018285,Business enterprises,True,0.0,1,0.02639150619506836,,0.169793963,0.102344513,1032,True,6.939253946,7.250339152,Polysemy,N,True,du57z90equ,131,39
company,M2_b_M1_b,company_M2,He liked the polite company.,http://id.loc.gov/authorities/subjects/sh85047713,Fellowship,company_M1,He liked the pharmaceutical company.,http://id.loc.gov/authorities/subjects/sh85018285,Business enterprises,False,8.0,0,0.5734601020812988,,0.461689591,0.205292463,1102,True,7.00488199,7.385032037,Polysemy,N,False,aq8lxy7f2y,217,39
company,M1_b_M1_a,company_M1,He liked the pharmaceutical company.,http://id.loc.gov/authorities/subjects/sh85018285,Business enterprises,company_M1,He liked the investment company.,http://id.loc.gov/authorities/subjects/sh85018285,Business enterprises,True,0.0,1,0.02639150619506836,,0.169793963,0.102344513,1498,True,7.311886164,7.250339152,Polysemy,N,True,o40xglp55j,141,39
company,M1_a_M1_b,company_M1,He liked the investment company.,http://id.loc.gov/authorities/subjects/sh85018285,Business enterprises,company_M1,He liked the pharmaceutical company.,http://id.loc.gov/authorities/subjects/sh85018285,Business enterprises,True,0.0,1,0.02639150619506836,,0.169793963,0.102344513,1759,True,7.472500745,7.385032037,Polysemy,N,True,va3hb1mkox,75,39
company,M2_a_M2_b,company_M2,He liked the pleasant company.,http://id.loc.gov/authorities/subjects/sh85047713,Fellowship,company_M2,He liked the polite company.,http://id.loc.gov/authorities/subjects/sh85047713,Fellowship,True,0.0,1,0.01806396245956421,,0.057559729,0.049681246,746,True,6.6147256,7.330594783,Polysemy,N,True,ctcq5oob70,41,39
company,M2_a_M2_b,company_M2,He liked the pleasant company.,http://id.loc.gov/authorities/subjects/sh85047713,Fellowship,company_M2,He liked the polite company.,http://id.loc.gov/authorities/subjects/sh85047713,Fellowship,True,0.0,1,0.01806396245956421,,0.057559729,0.049681246,1526,False,7.330405212,7.330594783,Polysemy,N,True,meaaxoxjw2,37,39
company,M2_a_M1_b,company_M2,He liked the pleasant company.,http://id.loc.gov/authorities/subjects/sh85047713,Fellowship,company_M1,He liked the pharmaceutical company.,http://id.loc.gov/authorities/subjects/sh85018285,Business enterprises,False,8.0,0,0.5734601020812988,,0.46819371,0.212740541,2943,True,7.987184748,7.385032037,Polysemy,N,False,rrded0u35m,201,39
company,M1_a_M1_b,company_M1,He liked the investment company.,http://id.loc.gov/authorities/subjects/sh85018285,Business enterprises,company_M1,He liked the pharmaceutical company.,http://id.loc.gov/authorities/subjects/sh85018285,Business enterprises,True,0.0,1,0.02639150619506836,,0.169793963,0.102344513,1459,True,7.285506549,7.385032037,Polysemy,N,True,tb47bk2csv,221,39
company,M1_b_M2_a,company_M1,He liked the pharmaceutical company.,http://id.loc.gov/authorities/subjects/sh85018285,Business enterprises,company_M2,He liked the pleasant company.,http://id.loc.gov/authorities/subjects/sh85047713,Fellowship,False,8.0,0,0.5734601020812988,,0.46819371,0.212740541,1091,True,6.994849986,7.505286349,Polysemy,N,False,gtj74gj1hs,249,39
company,M1_b_M2_b,company_M1,He liked the pharmaceutical company.,http://id.loc.gov/authorities/subjects/sh85018285,Business enterprises,company_M2,He liked the polite company.,http://id.loc.gov/authorities/subjects/sh85047713,Fellowship,False,8.0,0,0.5734601020812988,,0.461689591,0.205292463,1319,True,7.184629153,7.330594783,Polysemy,N,False,kzt7mhlhq0,99,39
company,M2_b_M1_b,company_M2,He liked the polite company.,http://id.loc.gov/authorities/subjects/sh85047713,Fellowship,company_M1,He liked the pharmaceutical company.,http://id.loc.gov/authorities/subjects/sh85018285,Business enterprises,False,8.0,0,0.5734601020812988,,0.461689591,0.205292463,982,True,6.889591308,7.385032037,Polysemy,N,False,14y9ru14du,225,39
company,M1_b_M2_a,company_M1,He liked the pharmaceutical company.,http://id.loc.gov/authorities/subjects/sh85018285,Business enterprises,company_M2,He liked the pleasant company.,http://id.loc.gov/authorities/subjects/sh85047713,Fellowship,False,8.0,0,0.5734601020812988,,0.46819371,0.212740541,1121,True,7.021976423,7.505286349,Polysemy,N,False,z2n4w2lvuj,81,39
company,M1_b_M1_a,company_M1,He liked the pharmaceutical company.,http://id.loc.gov/authorities/subjects/sh85018285,Business enterprises,company_M1,He liked the investment company.,http://id.loc.gov/authorities/subjects/sh85018285,Business enterprises,True,0.0,1,0.02639150619506836,,0.169793963,0.102344513,1409,True,7.250635512,7.250339152,Polysemy,N,True,zc0tcyzalc,67,39
company,M1_b_M2_b,company_M1,He liked the pharmaceutical company.,http://id.loc.gov/authorities/subjects/sh85018285,Business enterprises,company_M2,He liked the polite company.,http://id.loc.gov/authorities/subjects/sh85047713,Fellowship,False,8.0,0,0.5734601020812988,,0.461689591,0.205292463,1490,False,7.306531399,7.330594783,Polysemy,N,False,11s3zyvhm4,235,39
company,M2_b_M2_a,company_M2,He liked the polite company.,http://id.loc.gov/authorities/subjects/sh85047713,Fellowship,company_M2,He liked the pleasant company.,http://id.loc.gov/authorities/subjects/sh85047713,Fellowship,True,0.0,1,0.01806396245956421,,0.057559729,0.049681246,985,True,6.892641641,7.505286349,Polysemy,N,True,abcwwk8j44,221,39
company,M1_b_M2_b,company_M1,He liked the pharmaceutical company.,http://id.loc.gov/authorities/subjects/sh85018285,Business enterprises,company_M2,He liked the polite company.,http://id.loc.gov/authorities/subjects/sh85047713,Fellowship,False,8.0,0,0.5734601020812988,,0.461689591,0.205292463,1586,True,7.368970402,7.330594783,Polysemy,N,False,ppv7uctwr1,145,39
company,M2_a_M2_b,company_M2,He liked the pleasant company.,http://id.loc.gov/authorities/subjects/sh85047713,Fellowship,company_M2,He liked the polite company.,http://id.loc.gov/authorities/subjects/sh85047713,Fellowship,True,0.0,1,0.01806396245956421,,0.057559729,0.049681246,1783,False,7.486052618,7.330594783,Polysemy,N,True,s4hekwenop,103,39
company,M2_b_M2_a,company_M2,He liked the polite company.,http://id.loc.gov/authorities/subjects/sh85047713,Fellowship,company_M2,He liked the pleasant company.,http://id.loc.gov/authorities/subjects/sh85047713,Fellowship,True,0.0,1,0.01806396245956421,,0.057559729,0.049681246,705,True,6.558197803,7.505286349,Polysemy,N,True,wo6c5zy1c7,143,39
company,M1_a_M1_b,company_M1,He liked the investment company.,http://id.loc.gov/authorities/subjects/sh85018285,Business enterprises,company_M1,He liked the pharmaceutical company.,http://id.loc.gov/authorities/subjects/sh85018285,Business enterprises,True,0.0,1,0.02639150619506836,,0.169793963,0.102344513,1119,True,7.020190708,7.385032037,Polysemy,N,True,vc2ac751cz,225,39
company,M2_a_M2_b,company_M2,He liked the pleasant company.,http://id.loc.gov/authorities/subjects/sh85047713,Fellowship,company_M2,He liked the polite company.,http://id.loc.gov/authorities/subjects/sh85047713,Fellowship,True,0.0,1,0.01806396245956421,,0.057559729,0.049681246,1403,True,7.24636808,7.330594783,Polysemy,N,True,4suqxr8zom,219,39
company,M1_b_M2_b,company_M1,He liked the pharmaceutical company.,http://id.loc.gov/authorities/subjects/sh85018285,Business enterprises,company_M2,He liked the polite company.,http://id.loc.gov/authorities/subjects/sh85047713,Fellowship,False,8.0,0,0.5734601020812988,,0.461689591,0.205292463,1584,True,7.367708572,7.330594783,Polysemy,N,False,xxh77u2udt,175,39
company,M2_a_M2_b,company_M2,He liked the pleasant company.,http://id.loc.gov/authorities/subjects/sh85047713,Fellowship,company_M2,He liked the polite company.,http://id.loc.gov/authorities/subjects/sh85047713,Fellowship,True,0.0,1,0.01806396245956421,,0.057559729,0.049681246,1024,True,6.931471806,7.330594783,Polysemy,N,True,jls43v8rj0,235,39
company,M2_b_M1_b,company_M2,He liked the polite company.,http://id.loc.gov/authorities/subjects/sh85047713,Fellowship,company_M1,He liked the pharmaceutical company.,http://id.loc.gov/authorities/subjects/sh85018285,Business enterprises,False,8.0,0,0.5734601020812988,,0.461689591,0.205292463,1323,True,7.187657164,7.385032037,Polysemy,N,False,jrnkr73qqa,59,39
company,M2_b_M1_a,company_M2,He liked the polite company.,http://id.loc.gov/authorities/subjects/sh85047713,Fellowship,company_M1,He liked the investment company.,http://id.loc.gov/authorities/subjects/sh85018285,Business enterprises,False,8.0,0,0.5734601020812988,,0.481504261,0.141207337,3114,False,8.043663352,7.250339152,Polysemy,N,False,kgyhdlaomp,229,39
company,M1_a_M2_a,company_M1,He liked the investment company.,http://id.loc.gov/authorities/subjects/sh85018285,Business enterprises,company_M2,He liked the pleasant company.,http://id.loc.gov/authorities/subjects/sh85047713,Fellowship,False,8.0,0,0.5734601020812988,,0.488830864,0.145881116,1980,True,7.590852124,7.505286349,Polysemy,N,False,pm85lle7oc,109,39
company,M1_b_M2_b,company_M1,He liked the pharmaceutical company.,http://id.loc.gov/authorities/subjects/sh85018285,Business enterprises,company_M2,He liked the polite company.,http://id.loc.gov/authorities/subjects/sh85047713,Fellowship,False,8.0,0,0.5734601020812988,,0.461689591,0.205292463,2894,True,7.970394907,7.330594783,Polysemy,N,False,4zpuq8ud9x,219,39
company,M1_b_M2_a,company_M1,He liked the pharmaceutical company.,http://id.loc.gov/authorities/subjects/sh85018285,Business enterprises,company_M2,He liked the pleasant company.,http://id.loc.gov/authorities/subjects/sh85047713,Fellowship,False,8.0,0,0.5734601020812988,,0.46819371,0.212740541,1438,True,7.271008538,7.505286349,Polysemy,N,False,nh9sg3fncc,211,39
company,M2_b_M2_a,company_M2,He liked the polite company.,http://id.loc.gov/authorities/subjects/sh85047713,Fellowship,company_M2,He liked the pleasant company.,http://id.loc.gov/authorities/subjects/sh85047713,Fellowship,True,0.0,1,0.01806396245956421,,0.057559729,0.049681246,797,True,6.680854679,7.505286349,Polysemy,N,True,x784e4lcbj,87,39
company,M2_a_M2_b,company_M2,He liked the pleasant company.,http://id.loc.gov/authorities/subjects/sh85047713,Fellowship,company_M2,He liked the polite company.,http://id.loc.gov/authorities/subjects/sh85047713,Fellowship,True,0.0,1,0.01806396245956421,,0.057559729,0.049681246,999,True,6.906754779,7.330594783,Polysemy,N,True,sufdrtgf9g,75,39
lap,M2_a_M1_b,lap_M2,She lapped the runners.,http://id.loc.gov/authorities/subjects/sh85110265,Racing,lap_M1,She lapped the water.,http://id.loc.gov/authorities/subjects/sh85039580,Drinking behavior,False,10.0,0,0.495924711227417,,0.179503739,0.07594049,766,True,6.64118217,7.468270934,Homonymy,V,False,u6tgegpyj0,203,99
lap,M2_b_M1_a,lap_M2,She lapped the competitors.,http://id.loc.gov/authorities/subjects/sh85110265,Racing,lap_M1,She lapped the milk.,http://id.loc.gov/authorities/subjects/sh85039580,Drinking behavior,False,10.0,0,0.495924711227417,,0.412111938,0.140125692,1261,True,7.139660336,7.328663311,Homonymy,V,False,satgb3rqke,45,99
lap,M2_a_M1_b,lap_M2,She lapped the runners.,http://id.loc.gov/authorities/subjects/sh85110265,Racing,lap_M1,She lapped the water.,http://id.loc.gov/authorities/subjects/sh85039580,Drinking behavior,False,10.0,0,0.495924711227417,,0.179503739,0.07594049,1257,False,7.136483209,7.468270934,Homonymy,V,False,1vz3fdcvtw,213,99
lap,M1_a_M2_b,lap_M1,She lapped the milk.,http://id.loc.gov/authorities/subjects/sh85039580,Drinking behavior,lap_M2,She lapped the competitors.,http://id.loc.gov/authorities/subjects/sh85110265,Racing,False,10.0,0,0.495924711227417,,0.412111938,0.140125692,1530,True,7.333023014,7.646447698,Homonymy,V,False,mwacu22792,139,99
lap,M1_a_M2_a,lap_M1,She lapped the milk.,http://id.loc.gov/authorities/subjects/sh85039580,Drinking behavior,lap_M2,She lapped the runners.,http://id.loc.gov/authorities/subjects/sh85110265,Racing,False,10.0,0,0.495924711227417,,0.331312001,0.118968368,1322,True,7.18690102,7.432864471,Homonymy,V,False,wsf5xp226q,223,99
lap,M1_b_M2_b,lap_M1,She lapped the water.,http://id.loc.gov/authorities/subjects/sh85039580,Drinking behavior,lap_M2,She lapped the competitors.,http://id.loc.gov/authorities/subjects/sh85110265,Racing,False,10.0,0,0.495924711227417,,0.295544863,0.102032185,998,False,6.905753276,7.646447698,Homonymy,V,False,v75fv9pagb,85,99
lap,M2_b_M1_b,lap_M2,She lapped the competitors.,http://id.loc.gov/authorities/subjects/sh85110265,Racing,lap_M1,She lapped the water.,http://id.loc.gov/authorities/subjects/sh85039580,Drinking behavior,False,10.0,0,0.495924711227417,,0.295544863,0.102032185,1596,True,7.375255778,7.468270934,Homonymy,V,False,9fkbaxk3zu,81,99
lap,M2_a_M1_b,lap_M2,She lapped the runners.,http://id.loc.gov/authorities/subjects/sh85110265,Racing,lap_M1,She lapped the water.,http://id.loc.gov/authorities/subjects/sh85039580,Drinking behavior,False,10.0,0,0.495924711227417,,0.179503739,0.07594049,1445,False,7.275864601,7.468270934,Homonymy,V,False,jjpm6guwej,139,99
lap,M1_a_M2_a,lap_M1,She lapped the milk.,http://id.loc.gov/authorities/subjects/sh85039580,Drinking behavior,lap_M2,She lapped the runners.,http://id.loc.gov/authorities/subjects/sh85110265,Racing,False,10.0,0,0.495924711227417,,0.331312001,0.118968368,1414,True,7.254177846,7.432864471,Homonymy,V,False,xyokc18f4l,63,99
lap,M2_a_M1_b,lap_M2,She lapped the runners.,http://id.loc.gov/authorities/subjects/sh85110265,Racing,lap_M1,She lapped the water.,http://id.loc.gov/authorities/subjects/sh85039580,Drinking behavior,False,10.0,0,0.495924711227417,,0.179503739,0.07594049,2300,False,7.740664402,7.468270934,Homonymy,V,False,ael4gl3t9n,223,99
lap,M1_b_M1_a,lap_M1,She lapped the water.,http://id.loc.gov/authorities/subjects/sh85039580,Drinking behavior,lap_M1,She lapped the milk.,http://id.loc.gov/authorities/subjects/sh85039580,Drinking behavior,True,0.0,1,0.022809624671936035,,0.180359662,0.078547239,823,False,6.712956201,7.328663311,Homonymy,V,True,op2dnqu0a7,75,99
lap,M1_b_M1_a,lap_M1,She lapped the water.,http://id.loc.gov/authorities/subjects/sh85039580,Drinking behavior,lap_M1,She lapped the milk.,http://id.loc.gov/authorities/subjects/sh85039580,Drinking behavior,True,0.0,1,0.022809624671936035,,0.180359662,0.078547239,780,False,6.65929392,7.328663311,Homonymy,V,True,b3kl0cgv2r,213,99
lap,M1_b_M2_a,lap_M1,She lapped the water.,http://id.loc.gov/authorities/subjects/sh85039580,Drinking behavior,lap_M2,She lapped the runners.,http://id.loc.gov/authorities/subjects/sh85110265,Racing,False,10.0,0,0.495924711227417,,0.179503739,0.07594049,1349,True,7.207118856,7.432864471,Homonymy,V,False,ze8q4rklbg,185,99
lap,M2_b_M1_b,lap_M2,She lapped the competitors.,http://id.loc.gov/authorities/subjects/sh85110265,Racing,lap_M1,She lapped the water.,http://id.loc.gov/authorities/subjects/sh85039580,Drinking behavior,False,10.0,0,0.495924711227417,,0.295544863,0.102032185,1007,False,6.914730893,7.468270934,Homonymy,V,False,xqssc38w0c,41,99
lap,M2_b_M1_a,lap_M2,She lapped the competitors.,http://id.loc.gov/authorities/subjects/sh85110265,Racing,lap_M1,She lapped the milk.,http://id.loc.gov/authorities/subjects/sh85039580,Drinking behavior,False,10.0,0,0.495924711227417,,0.412111938,0.140125692,1910,True,7.554858521,7.328663311,Homonymy,V,False,h6swhj4mme,179,99
lap,M2_a_M1_b,lap_M2,She lapped the runners.,http://id.loc.gov/authorities/subjects/sh85110265,Racing,lap_M1,She lapped the water.,http://id.loc.gov/authorities/subjects/sh85039580,Drinking behavior,False,10.0,0,0.495924711227417,,0.179503739,0.07594049,579,True,6.361302478,7.468270934,Homonymy,V,False,p5fnydw94c,153,99
lap,M2_b_M1_b,lap_M2,She lapped the competitors.,http://id.loc.gov/authorities/subjects/sh85110265,Racing,lap_M1,She lapped the water.,http://id.loc.gov/authorities/subjects/sh85039580,Drinking behavior,False,10.0,0,0.495924711227417,,0.295544863,0.102032185,2176,False,7.685243608,7.468270934,Homonymy,V,False,epkefl89q5,157,99
lap,M1_a_M2_a,lap_M1,She lapped the milk.,http://id.loc.gov/authorities/subjects/sh85039580,Drinking behavior,lap_M2,She lapped the runners.,http://id.loc.gov/authorities/subjects/sh85110265,Racing,False,10.0,0,0.495924711227417,,0.331312001,0.118968368,1457,True,7.284134806,7.432864471,Homonymy,V,False,y8z6hxvply,71,99
lap,M2_a_M2_b,lap_M2,She lapped the runners.,http://id.loc.gov/authorities/subjects/sh85110265,Racing,lap_M2,She lapped the competitors.,http://id.loc.gov/authorities/subjects/sh85110265,Racing,True,0.0,1,0.033205270767211914,,0.108225286,0.041925013,1164,True,7.059617628,7.646447698,Homonymy,V,True,nrxcy3jh2z,127,99
lap,M1_b_M2_b,lap_M1,She lapped the water.,http://id.loc.gov/authorities/subjects/sh85039580,Drinking behavior,lap_M2,She lapped the competitors.,http://id.loc.gov/authorities/subjects/sh85110265,Racing,False,10.0,0,0.495924711227417,,0.295544863,0.102032185,2453,True,7.805067044,7.646447698,Homonymy,V,False,3lr2j29be7,61,99
lap,M2_b_M1_a,lap_M2,She lapped the competitors.,http://id.loc.gov/authorities/subjects/sh85110265,Racing,lap_M1,She lapped the milk.,http://id.loc.gov/authorities/subjects/sh85039580,Drinking behavior,False,10.0,0,0.495924711227417,,0.412111938,0.140125692,1199,True,7.089243155,7.328663311,Homonymy,V,False,se4vr7yp8v,135,99
lap,M1_a_M1_b,lap_M1,She lapped the milk.,http://id.loc.gov/authorities/subjects/sh85039580,Drinking behavior,lap_M1,She lapped the water.,http://id.loc.gov/authorities/subjects/sh85039580,Drinking behavior,True,0.0,1,0.022809624671936035,,0.180359662,0.078547239,1782,False,7.485491608,7.468270934,Homonymy,V,True,ezjkm10dx5,163,99
lap,M1_b_M1_a,lap_M1,She lapped the water.,http://id.loc.gov/authorities/subjects/sh85039580,Drinking behavior,lap_M1,She lapped the milk.,http://id.loc.gov/authorities/subjects/sh85039580,Drinking behavior,True,0.0,1,0.022809624671936035,,0.180359662,0.078547239,653,True,6.481577129,7.328663311,Homonymy,V,True,evdgzy3cvj,197,99
lap,M1_b_M2_a,lap_M1,She lapped the water.,http://id.loc.gov/authorities/subjects/sh85039580,Drinking behavior,lap_M2,She lapped the runners.,http://id.loc.gov/authorities/subjects/sh85110265,Racing,False,10.0,0,0.495924711227417,,0.179503739,0.07594049,838,True,6.7310181,7.432864471,Homonymy,V,False,0jrp4p98ro,105,99
lap,M2_b_M2_a,lap_M2,She lapped the competitors.,http://id.loc.gov/authorities/subjects/sh85110265,Racing,lap_M2,She lapped the runners.,http://id.loc.gov/authorities/subjects/sh85110265,Racing,True,0.0,1,0.033205270767211914,,0.108225286,0.041925013,1043,True,6.949856455,7.432864471,Homonymy,V,True,koccaak1qr,249,99
lap,M1_b_M2_b,lap_M1,She lapped the water.,http://id.loc.gov/authorities/subjects/sh85039580,Drinking behavior,lap_M2,She lapped the competitors.,http://id.loc.gov/authorities/subjects/sh85110265,Racing,False,10.0,0,0.495924711227417,,0.295544863,0.102032185,2049,True,7.625107148,7.646447698,Homonymy,V,False,lt0kapj5fz,235,99
lap,M1_a_M2_a,lap_M1,She lapped the milk.,http://id.loc.gov/authorities/subjects/sh85039580,Drinking behavior,lap_M2,She lapped the runners.,http://id.loc.gov/authorities/subjects/sh85110265,Racing,False,10.0,0,0.495924711227417,,0.331312001,0.118968368,1342,True,7.201916318,7.432864471,Homonymy,V,False,j9vhr9vzec,41,99
lap,M1_a_M2_b,lap_M1,She lapped the milk.,http://id.loc.gov/authorities/subjects/sh85039580,Drinking behavior,lap_M2,She lapped the competitors.,http://id.loc.gov/authorities/subjects/sh85110265,Racing,False,10.0,0,0.495924711227417,,0.412111938,0.140125692,1816,True,7.504391559,7.646447698,Homonymy,V,False,p5fm86046c,31,99
lap,M1_a_M1_b,lap_M1,She lapped the milk.,http://id.loc.gov/authorities/subjects/sh85039580,Drinking behavior,lap_M1,She lapped the water.,http://id.loc.gov/authorities/subjects/sh85039580,Drinking behavior,True,0.0,1,0.022809624671936035,,0.180359662,0.078547239,1035,True,6.942156706,7.468270934,Homonymy,V,True,kd178dnoub,107,99
lap,M1_a_M2_a,lap_M1,She lapped the milk.,http://id.loc.gov/authorities/subjects/sh85039580,Drinking behavior,lap_M2,She lapped the runners.,http://id.loc.gov/authorities/subjects/sh85110265,Racing,False,10.0,0,0.495924711227417,,0.331312001,0.118968368,685,False,6.529418838,7.432864471,Homonymy,V,False,1lzneddpkq,137,99
lap,M1_b_M2_b,lap_M1,She lapped the water.,http://id.loc.gov/authorities/subjects/sh85039580,Drinking behavior,lap_M2,She lapped the competitors.,http://id.loc.gov/authorities/subjects/sh85110265,Racing,False,10.0,0,0.495924711227417,,0.295544863,0.102032185,1697,True,7.436617265,7.646447698,Homonymy,V,False,92yp2w9v56,117,99
lap,M1_b_M1_a,lap_M1,She lapped the water.,http://id.loc.gov/authorities/subjects/sh85039580,Drinking behavior,lap_M1,She lapped the milk.,http://id.loc.gov/authorities/subjects/sh85039580,Drinking behavior,True,0.0,1,0.022809624671936035,,0.180359662,0.078547239,1346,False,7.20489251,7.328663311,Homonymy,V,True,gdwec44k4r,229,99
lap,M2_a_M1_b,lap_M2,She lapped the runners.,http://id.loc.gov/authorities/subjects/sh85110265,Racing,lap_M1,She lapped the water.,http://id.loc.gov/authorities/subjects/sh85039580,Drinking behavior,False,10.0,0,0.495924711227417,,0.179503739,0.07594049,1346,True,7.20489251,7.468270934,Homonymy,V,False,z02r2dprrd,225,99
lap,M2_b_M2_a,lap_M2,She lapped the competitors.,http://id.loc.gov/authorities/subjects/sh85110265,Racing,lap_M2,She lapped the runners.,http://id.loc.gov/authorities/subjects/sh85110265,Racing,True,0.0,1,0.033205270767211914,,0.108225286,0.041925013,2050,True,7.625595072,7.432864471,Homonymy,V,True,w7t2pcpr1z,33,99
lap,M2_a_M1_b,lap_M2,She lapped the runners.,http://id.loc.gov/authorities/subjects/sh85110265,Racing,lap_M1,She lapped the water.,http://id.loc.gov/authorities/subjects/sh85039580,Drinking behavior,False,10.0,0,0.495924711227417,,0.179503739,0.07594049,1343,True,7.202661197,7.468270934,Homonymy,V,False,qtxcwuzoo4,47,99
lap,M1_b_M1_a,lap_M1,She lapped the water.,http://id.loc.gov/authorities/subjects/sh85039580,Drinking behavior,lap_M1,She lapped the milk.,http://id.loc.gov/authorities/subjects/sh85039580,Drinking behavior,True,0.0,1,0.022809624671936035,,0.180359662,0.078547239,864,True,6.761572769,7.328663311,Homonymy,V,True,zjgl4twyhs,215,99
lap,M2_a_M2_b,lap_M2,She lapped the runners.,http://id.loc.gov/authorities/subjects/sh85110265,Racing,lap_M2,She lapped the competitors.,http://id.loc.gov/authorities/subjects/sh85110265,Racing,True,0.0,1,0.033205270767211914,,0.108225286,0.041925013,1990,False,7.595889918,7.646447698,Homonymy,V,True,somzvrxnz4,47,99
lap,M1_a_M2_b,lap_M1,She lapped the milk.,http://id.loc.gov/authorities/subjects/sh85039580,Drinking behavior,lap_M2,She lapped the competitors.,http://id.loc.gov/authorities/subjects/sh85110265,Racing,False,10.0,0,0.495924711227417,,0.412111938,0.140125692,1168,True,7.063048163,7.646447698,Homonymy,V,False,hs560646yd,101,99
lap,M1_a_M2_a,lap_M1,She lapped the milk.,http://id.loc.gov/authorities/subjects/sh85039580,Drinking behavior,lap_M2,She lapped the runners.,http://id.loc.gov/authorities/subjects/sh85110265,Racing,False,10.0,0,0.495924711227417,,0.331312001,0.118968368,557,True,6.32256524,7.432864471,Homonymy,V,False,uy86my9o9s,225,99
lap,M2_b_M2_a,lap_M2,She lapped the competitors.,http://id.loc.gov/authorities/subjects/sh85110265,Racing,lap_M2,She lapped the runners.,http://id.loc.gov/authorities/subjects/sh85110265,Racing,True,0.0,1,0.033205270767211914,,0.108225286,0.041925013,959,True,6.865891075,7.432864471,Homonymy,V,True,mketfayzl8,85,99
lap,M2_b_M1_a,lap_M2,She lapped the competitors.,http://id.loc.gov/authorities/subjects/sh85110265,Racing,lap_M1,She lapped the milk.,http://id.loc.gov/authorities/subjects/sh85039580,Drinking behavior,False,10.0,0,0.495924711227417,,0.412111938,0.140125692,621,True,6.431331082,7.328663311,Homonymy,V,False,ygz7kz72u2,67,99
lap,M2_b_M1_b,lap_M2,She lapped the competitors.,http://id.loc.gov/authorities/subjects/sh85110265,Racing,lap_M1,She lapped the water.,http://id.loc.gov/authorities/subjects/sh85039580,Drinking behavior,False,10.0,0,0.495924711227417,,0.295544863,0.102032185,1319,True,7.184629153,7.468270934,Homonymy,V,False,4q5dxb7nhf,243,99
lap,M2_b_M2_a,lap_M2,She lapped the competitors.,http://id.loc.gov/authorities/subjects/sh85110265,Racing,lap_M2,She lapped the runners.,http://id.loc.gov/authorities/subjects/sh85110265,Racing,True,0.0,1,0.033205270767211914,,0.108225286,0.041925013,1344,True,7.203405521,7.432864471,Homonymy,V,True,yoo60pl9o6,207,99
lap,M2_a_M2_b,lap_M2,She lapped the runners.,http://id.loc.gov/authorities/subjects/sh85110265,Racing,lap_M2,She lapped the competitors.,http://id.loc.gov/authorities/subjects/sh85110265,Racing,True,0.0,1,0.033205270767211914,,0.108225286,0.041925013,1267,True,7.14440718,7.646447698,Homonymy,V,True,luke3ctol0,187,99
lap,M2_b_M1_a,lap_M2,She lapped the competitors.,http://id.loc.gov/authorities/subjects/sh85110265,Racing,lap_M1,She lapped the milk.,http://id.loc.gov/authorities/subjects/sh85039580,Drinking behavior,False,10.0,0,0.495924711227417,,0.412111938,0.140125692,1528,False,7.33171497,7.328663311,Homonymy,V,False,2usccf4uxc,151,99
lap,M1_b_M2_b,lap_M1,She lapped the water.,http://id.loc.gov/authorities/subjects/sh85039580,Drinking behavior,lap_M2,She lapped the competitors.,http://id.loc.gov/authorities/subjects/sh85110265,Racing,False,10.0,0,0.495924711227417,,0.295544863,0.102032185,1147,False,7.044905117,7.646447698,Homonymy,V,False,sndaggja6a,181,99
lap,M1_b_M2_a,lap_M1,She lapped the water.,http://id.loc.gov/authorities/subjects/sh85039580,Drinking behavior,lap_M2,She lapped the runners.,http://id.loc.gov/authorities/subjects/sh85110265,Racing,False,10.0,0,0.495924711227417,,0.179503739,0.07594049,1293,True,7.164720379,7.432864471,Homonymy,V,False,bqho6xb6vp,87,99
lap,M2_b_M2_a,lap_M2,She lapped the competitors.,http://id.loc.gov/authorities/subjects/sh85110265,Racing,lap_M2,She lapped the runners.,http://id.loc.gov/authorities/subjects/sh85110265,Racing,True,0.0,1,0.033205270767211914,,0.108225286,0.041925013,1192,False,7.083387848,7.432864471,Homonymy,V,True,dthp9ekqaq,219,99
lap,M2_a_M1_b,lap_M2,She lapped the runners.,http://id.loc.gov/authorities/subjects/sh85110265,Racing,lap_M1,She lapped the water.,http://id.loc.gov/authorities/subjects/sh85039580,Drinking behavior,False,10.0,0,0.495924711227417,,0.179503739,0.07594049,1107,True,7.009408933,7.468270934,Homonymy,V,False,3focjo2q2y,131,99
lap,M2_b_M1_a,lap_M2,She lapped the competitors.,http://id.loc.gov/authorities/subjects/sh85110265,Racing,lap_M1,She lapped the milk.,http://id.loc.gov/authorities/subjects/sh85039580,Drinking behavior,False,10.0,0,0.495924711227417,,0.412111938,0.140125692,1446,False,7.276556403,7.328663311,Homonymy,V,False,4edk6y2wlk,63,99
lap,M1_b_M2_a,lap_M1,She lapped the water.,http://id.loc.gov/authorities/subjects/sh85039580,Drinking behavior,lap_M2,She lapped the runners.,http://id.loc.gov/authorities/subjects/sh85110265,Racing,False,10.0,0,0.495924711227417,,0.179503739,0.07594049,2476,True,7.814399634,7.432864471,Homonymy,V,False,rrf38z917v,155,99
lap,M2_b_M1_a,lap_M2,She lapped the competitors.,http://id.loc.gov/authorities/subjects/sh85110265,Racing,lap_M1,She lapped the milk.,http://id.loc.gov/authorities/subjects/sh85039580,Drinking behavior,False,10.0,0,0.495924711227417,,0.412111938,0.140125692,1228,True,7.113142109,7.328663311,Homonymy,V,False,bacqef0gje,187,99
lap,M2_a_M2_b,lap_M2,She lapped the runners.,http://id.loc.gov/authorities/subjects/sh85110265,Racing,lap_M2,She lapped the competitors.,http://id.loc.gov/authorities/subjects/sh85110265,Racing,True,0.0,1,0.033205270767211914,,0.108225286,0.041925013,2557,True,7.846589975,7.646447698,Homonymy,V,True,ea54kkhdyv,59,99
lap,M1_b_M1_a,lap_M1,She lapped the water.,http://id.loc.gov/authorities/subjects/sh85039580,Drinking behavior,lap_M1,She lapped the milk.,http://id.loc.gov/authorities/subjects/sh85039580,Drinking behavior,True,0.0,1,0.022809624671936035,,0.180359662,0.078547239,1738,False,7.460490306,7.328663311,Homonymy,V,True,5jdbzv6v5c,179,99
lap,M2_a_M1_b,lap_M2,She lapped the runners.,http://id.loc.gov/authorities/subjects/sh85110265,Racing,lap_M1,She lapped the water.,http://id.loc.gov/authorities/subjects/sh85039580,Drinking behavior,False,10.0,0,0.495924711227417,,0.179503739,0.07594049,1023,False,6.930494766,7.468270934,Homonymy,V,False,g3flm4j14z,209,99
lap,M2_a_M1_b,lap_M2,She lapped the runners.,http://id.loc.gov/authorities/subjects/sh85110265,Racing,lap_M1,She lapped the water.,http://id.loc.gov/authorities/subjects/sh85039580,Drinking behavior,False,10.0,0,0.495924711227417,,0.179503739,0.07594049,1449,False,7.278628942,7.468270934,Homonymy,V,False,7poq0nl7yt,89,99
lap,M1_b_M2_b,lap_M1,She lapped the water.,http://id.loc.gov/authorities/subjects/sh85039580,Drinking behavior,lap_M2,She lapped the competitors.,http://id.loc.gov/authorities/subjects/sh85110265,Racing,False,10.0,0,0.495924711227417,,0.295544863,0.102032185,1573,True,7.360739903,7.646447698,Homonymy,V,False,kcv5v2zj80,63,99
lap,M1_a_M1_b,lap_M1,She lapped the milk.,http://id.loc.gov/authorities/subjects/sh85039580,Drinking behavior,lap_M1,She lapped the water.,http://id.loc.gov/authorities/subjects/sh85039580,Drinking behavior,True,0.0,1,0.022809624671936035,,0.180359662,0.078547239,1216,False,7.103322063,7.468270934,Homonymy,V,True,34628l2rmq,193,99
lap,M1_b_M2_a,lap_M1,She lapped the water.,http://id.loc.gov/authorities/subjects/sh85039580,Drinking behavior,lap_M2,She lapped the runners.,http://id.loc.gov/authorities/subjects/sh85110265,Racing,False,10.0,0,0.495924711227417,,0.179503739,0.07594049,766,False,6.64118217,7.432864471,Homonymy,V,False,02cpp7rcbk,229,99
lap,M1_b_M2_a,lap_M1,She lapped the water.,http://id.loc.gov/authorities/subjects/sh85039580,Drinking behavior,lap_M2,She lapped the runners.,http://id.loc.gov/authorities/subjects/sh85110265,Racing,False,10.0,0,0.495924711227417,,0.179503739,0.07594049,1028,True,6.935370446,7.432864471,Homonymy,V,False,a0u2yg5j7e,41,99
lap,M2_b_M1_b,lap_M2,She lapped the competitors.,http://id.loc.gov/authorities/subjects/sh85110265,Racing,lap_M1,She lapped the water.,http://id.loc.gov/authorities/subjects/sh85039580,Drinking behavior,False,10.0,0,0.495924711227417,,0.295544863,0.102032185,1842,True,7.518607217,7.468270934,Homonymy,V,False,11pz67y2jv,87,99
lap,M1_b_M2_b,lap_M1,She lapped the water.,http://id.loc.gov/authorities/subjects/sh85039580,Drinking behavior,lap_M2,She lapped the competitors.,http://id.loc.gov/authorities/subjects/sh85110265,Racing,False,10.0,0,0.495924711227417,,0.295544863,0.102032185,1079,True,6.983789965,7.646447698,Homonymy,V,False,tzstmyxntu,213,99
lap,M1_a_M2_b,lap_M1,She lapped the milk.,http://id.loc.gov/authorities/subjects/sh85039580,Drinking behavior,lap_M2,She lapped the competitors.,http://id.loc.gov/authorities/subjects/sh85110265,Racing,False,10.0,0,0.495924711227417,,0.412111938,0.140125692,2658,False,7.885329239,7.646447698,Homonymy,V,False,3uxmxe02py,247,99
lap,M2_a_M1_a,lap_M2,She lapped the runners.,http://id.loc.gov/authorities/subjects/sh85110265,Racing,lap_M1,She lapped the milk.,http://id.loc.gov/authorities/subjects/sh85039580,Drinking behavior,False,10.0,0,0.495924711227417,,0.331312001,0.118968368,1022,True,6.929516771,7.328663311,Homonymy,V,False,guqltyqrjz,229,99
lap,M1_a_M1_b,lap_M1,She lapped the milk.,http://id.loc.gov/authorities/subjects/sh85039580,Drinking behavior,lap_M1,She lapped the water.,http://id.loc.gov/authorities/subjects/sh85039580,Drinking behavior,True,0.0,1,0.022809624671936035,,0.180359662,0.078547239,1110,False,7.012115294,7.468270934,Homonymy,V,True,jwcxuk91x6,217,99
lap,M1_a_M2_a,lap_M1,She lapped the milk.,http://id.loc.gov/authorities/subjects/sh85039580,Drinking behavior,lap_M2,She lapped the runners.,http://id.loc.gov/authorities/subjects/sh85110265,Racing,False,10.0,0,0.495924711227417,,0.331312001,0.118968368,560,True,6.327936784,7.432864471,Homonymy,V,False,k9k5bl7bsa,199,99
lap,M1_a_M2_b,lap_M1,She lapped the milk.,http://id.loc.gov/authorities/subjects/sh85039580,Drinking behavior,lap_M2,She lapped the competitors.,http://id.loc.gov/authorities/subjects/sh85110265,Racing,False,10.0,0,0.495924711227417,,0.412111938,0.140125692,1912,False,7.555905094,7.646447698,Homonymy,V,False,6mgqfqnfnt,233,99
lap,M2_a_M1_a,lap_M2,She lapped the runners.,http://id.loc.gov/authorities/subjects/sh85110265,Racing,lap_M1,She lapped the milk.,http://id.loc.gov/authorities/subjects/sh85039580,Drinking behavior,False,10.0,0,0.495924711227417,,0.331312001,0.118968368,987,False,6.894670039,7.328663311,Homonymy,V,False,y52zt9vjyf,233,99
lap,M2_a_M2_b,lap_M2,She lapped the runners.,http://id.loc.gov/authorities/subjects/sh85110265,Racing,lap_M2,She lapped the competitors.,http://id.loc.gov/authorities/subjects/sh85110265,Racing,True,0.0,1,0.033205270767211914,,0.108225286,0.041925013,1885,False,7.5416831,7.646447698,Homonymy,V,True,va3hb1mkox,71,99
lap,M1_b_M1_a,lap_M1,She lapped the water.,http://id.loc.gov/authorities/subjects/sh85039580,Drinking behavior,lap_M1,She lapped the milk.,http://id.loc.gov/authorities/subjects/sh85039580,Drinking behavior,True,0.0,1,0.022809624671936035,,0.180359662,0.078547239,643,True,6.466144724,7.328663311,Homonymy,V,True,xdomj2pout,111,99
lap,M2_a_M1_a,lap_M2,She lapped the runners.,http://id.loc.gov/authorities/subjects/sh85110265,Racing,lap_M1,She lapped the milk.,http://id.loc.gov/authorities/subjects/sh85039580,Drinking behavior,False,10.0,0,0.495924711227417,,0.331312001,0.118968368,856,True,6.752270376,7.328663311,Homonymy,V,False,rln6tvgsn6,113,99
lap,M2_b_M2_a,lap_M2,She lapped the competitors.,http://id.loc.gov/authorities/subjects/sh85110265,Racing,lap_M2,She lapped the runners.,http://id.loc.gov/authorities/subjects/sh85110265,Racing,True,0.0,1,0.033205270767211914,,0.108225286,0.041925013,1018,True,6.925595197,7.432864471,Homonymy,V,True,rrded0u35m,211,99
lap,M2_b_M2_a,lap_M2,She lapped the competitors.,http://id.loc.gov/authorities/subjects/sh85110265,Racing,lap_M2,She lapped the runners.,http://id.loc.gov/authorities/subjects/sh85110265,Racing,True,0.0,1,0.033205270767211914,,0.108225286,0.041925013,1471,True,7.293697721,7.432864471,Homonymy,V,True,kzt7mhlhq0,193,99
lap,M1_a_M2_a,lap_M1,She lapped the milk.,http://id.loc.gov/authorities/subjects/sh85039580,Drinking behavior,lap_M2,She lapped the runners.,http://id.loc.gov/authorities/subjects/sh85110265,Racing,False,10.0,0,0.495924711227417,,0.331312001,0.118968368,1448,True,7.277938573,7.432864471,Homonymy,V,False,14y9ru14du,97,99
lap,M1_b_M1_a,lap_M1,She lapped the water.,http://id.loc.gov/authorities/subjects/sh85039580,Drinking behavior,lap_M1,She lapped the milk.,http://id.loc.gov/authorities/subjects/sh85039580,Drinking behavior,True,0.0,1,0.022809624671936035,,0.180359662,0.078547239,1015,True,6.922643891,7.328663311,Homonymy,V,True,z2n4w2lvuj,135,99
lap,M2_a_M1_b,lap_M2,She lapped the runners.,http://id.loc.gov/authorities/subjects/sh85110265,Racing,lap_M1,She lapped the water.,http://id.loc.gov/authorities/subjects/sh85039580,Drinking behavior,False,10.0,0,0.495924711227417,,0.179503739,0.07594049,1251,False,7.13169851,7.468270934,Homonymy,V,False,kzat707d4c,103,99
lap,M1_a_M2_b,lap_M1,She lapped the milk.,http://id.loc.gov/authorities/subjects/sh85039580,Drinking behavior,lap_M2,She lapped the competitors.,http://id.loc.gov/authorities/subjects/sh85110265,Racing,False,10.0,0,0.495924711227417,,0.412111938,0.140125692,2470,True,7.81197343,7.646447698,Homonymy,V,False,zc0tcyzalc,49,99
lap,M2_a_M2_b,lap_M2,She lapped the runners.,http://id.loc.gov/authorities/subjects/sh85110265,Racing,lap_M2,She lapped the competitors.,http://id.loc.gov/authorities/subjects/sh85110265,Racing,True,0.0,1,0.033205270767211914,,0.108225286,0.041925013,1972,True,7.586803535,7.646447698,Homonymy,V,True,abcwwk8j44,53,99
lap,M1_a_M2_a,lap_M1,She lapped the milk.,http://id.loc.gov/authorities/subjects/sh85039580,Drinking behavior,lap_M2,She lapped the runners.,http://id.loc.gov/authorities/subjects/sh85110265,Racing,False,10.0,0,0.495924711227417,,0.331312001,0.118968368,971,True,6.878326468,7.432864471,Homonymy,V,False,4ntjz706ef,121,99
lap,M1_a_M2_b,lap_M1,She lapped the milk.,http://id.loc.gov/authorities/subjects/sh85039580,Drinking behavior,lap_M2,She lapped the competitors.,http://id.loc.gov/authorities/subjects/sh85110265,Racing,False,10.0,0,0.495924711227417,,0.412111938,0.140125692,2336,True,7.756195344,7.646447698,Homonymy,V,False,ppv7uctwr1,73,99
lap,M1_b_M1_a,lap_M1,She lapped the water.,http://id.loc.gov/authorities/subjects/sh85039580,Drinking behavior,lap_M1,She lapped the milk.,http://id.loc.gov/authorities/subjects/sh85039580,Drinking behavior,True,0.0,1,0.022809624671936035,,0.180359662,0.078547239,1687,True,7.430707083,7.328663311,Homonymy,V,True,s4hekwenop,69,99
lap,M2_a_M1_a,lap_M2,She lapped the runners.,http://id.loc.gov/authorities/subjects/sh85110265,Racing,lap_M1,She lapped the milk.,http://id.loc.gov/authorities/subjects/sh85039580,Drinking behavior,False,10.0,0,0.495924711227417,,0.331312001,0.118968368,848,True,6.742880636,7.328663311,Homonymy,V,False,wo6c5zy1c7,115,99
lap,M2_a_M2_b,lap_M2,She lapped the runners.,http://id.loc.gov/authorities/subjects/sh85110265,Racing,lap_M2,She lapped the competitors.,http://id.loc.gov/authorities/subjects/sh85110265,Racing,True,0.0,1,0.033205270767211914,,0.108225286,0.041925013,1550,False,7.34601021,7.646447698,Homonymy,V,True,6lbv5uhykm,137,99
lap,M1_a_M1_b,lap_M1,She lapped the milk.,http://id.loc.gov/authorities/subjects/sh85039580,Drinking behavior,lap_M1,She lapped the water.,http://id.loc.gov/authorities/subjects/sh85039580,Drinking behavior,True,0.0,1,0.022809624671936035,,0.180359662,0.078547239,1335,True,7.196686571,7.468270934,Homonymy,V,True,68a6hn4uvz,31,99
lap,M1_a_M2_b,lap_M1,She lapped the milk.,http://id.loc.gov/authorities/subjects/sh85039580,Drinking behavior,lap_M2,She lapped the competitors.,http://id.loc.gov/authorities/subjects/sh85110265,Racing,False,10.0,0,0.495924711227417,,0.412111938,0.140125692,1183,True,7.075808864,7.646447698,Homonymy,V,False,vxyw6621ka,135,99
lap,M1_b_M1_a,lap_M1,She lapped the water.,http://id.loc.gov/authorities/subjects/sh85039580,Drinking behavior,lap_M1,She lapped the milk.,http://id.loc.gov/authorities/subjects/sh85039580,Drinking behavior,True,0.0,1,0.022809624671936035,,0.180359662,0.078547239,1710,False,7.444248649,7.328663311,Homonymy,V,True,kdxs9d2gww,103,99
lap,M2_b_M1_a,lap_M2,She lapped the competitors.,http://id.loc.gov/authorities/subjects/sh85110265,Racing,lap_M1,She lapped the milk.,http://id.loc.gov/authorities/subjects/sh85039580,Drinking behavior,False,10.0,0,0.495924711227417,,0.412111938,0.140125692,859,False,6.755768922,7.328663311,Homonymy,V,False,6g6ama8qck,157,99
lap,M1_b_M2_b,lap_M1,She lapped the water.,http://id.loc.gov/authorities/subjects/sh85039580,Drinking behavior,lap_M2,She lapped the competitors.,http://id.loc.gov/authorities/subjects/sh85110265,Racing,False,10.0,0,0.495924711227417,,0.295544863,0.102032185,1227,True,7.112327445,7.646447698,Homonymy,V,False,rxphbopbuk,101,99
lap,M2_b_M1_a,lap_M2,She lapped the competitors.,http://id.loc.gov/authorities/subjects/sh85110265,Racing,lap_M1,She lapped the milk.,http://id.loc.gov/authorities/subjects/sh85039580,Drinking behavior,False,10.0,0,0.495924711227417,,0.412111938,0.140125692,1644,False,7.404887576,7.328663311,Homonymy,V,False,lpduruhrnk,203,99
lap,M2_a_M2_b,lap_M2,She lapped the runners.,http://id.loc.gov/authorities/subjects/sh85110265,Racing,lap_M2,She lapped the competitors.,http://id.loc.gov/authorities/subjects/sh85110265,Racing,True,0.0,1,0.033205270767211914,,0.108225286,0.041925013,819,True,6.708084084,7.646447698,Homonymy,V,True,pm85lle7oc,141,99
lap,M1_a_M1_b,lap_M1,She lapped the milk.,http://id.loc.gov/authorities/subjects/sh85039580,Drinking behavior,lap_M1,She lapped the water.,http://id.loc.gov/authorities/subjects/sh85039580,Drinking behavior,True,0.0,1,0.022809624671936035,,0.180359662,0.078547239,904,True,6.80682936,7.468270934,Homonymy,V,True,m7n1h07aw2,167,99
lap,M1_b_M2_b,lap_M1,She lapped the water.,http://id.loc.gov/authorities/subjects/sh85039580,Drinking behavior,lap_M2,She lapped the competitors.,http://id.loc.gov/authorities/subjects/sh85110265,Racing,False,10.0,0,0.495924711227417,,0.295544863,0.102032185,1900,True,7.549609165,7.646447698,Homonymy,V,False,4zpuq8ud9x,183,99
lap,M1_b_M1_a,lap_M1,She lapped the water.,http://id.loc.gov/authorities/subjects/sh85039580,Drinking behavior,lap_M1,She lapped the milk.,http://id.loc.gov/authorities/subjects/sh85039580,Drinking behavior,True,0.0,1,0.022809624671936035,,0.180359662,0.078547239,1586,True,7.368970402,7.328663311,Homonymy,V,True,nh9sg3fncc,213,99
lap,M2_b_M1_a,lap_M2,She lapped the competitors.,http://id.loc.gov/authorities/subjects/sh85110265,Racing,lap_M1,She lapped the milk.,http://id.loc.gov/authorities/subjects/sh85039580,Drinking behavior,False,10.0,0,0.495924711227417,,0.412111938,0.140125692,2709,False,7.904334842,7.328663311,Homonymy,V,False,sufdrtgf9g,145,99
beam,M1_b_M2_b,beam_M1,He saw the bright beam.,http://id.loc.gov/authorities/subjects/sh85074768,Laser beams,beam_M2,He saw the balance beam.,http://id.loc.gov/authorities/subjects/sh85055003,Girders,False,inf,0,0.5154791474342346,,0.323186874,0.126451135,1655,True,7.411556288,7.35397727,Polysemy,N,False,u6tgegpyj0,57,19
beam,M2_b_M1_a,beam_M2,He saw the balance beam.,http://id.loc.gov/authorities/subjects/sh85055003,Girders,beam_M1,He saw the laser beam.,http://id.loc.gov/authorities/subjects/sh85074768,Laser beams,False,inf,0,0.5154791474342346,,0.334815323,0.102861106,1016,True,6.923628628,7.181202419,Polysemy,N,False,satgb3rqke,145,19
beam,M1_b_M2_b,beam_M1,He saw the bright beam.,http://id.loc.gov/authorities/subjects/sh85074768,Laser beams,beam_M2,He saw the balance beam.,http://id.loc.gov/authorities/subjects/sh85055003,Girders,False,inf,0,0.5154791474342346,,0.323186874,0.126451135,608,True,6.410174882,7.35397727,Polysemy,N,False,78f1p4m7t2,39,19
beam,M1_a_M1_b,beam_M1,He saw the laser beam.,http://id.loc.gov/authorities/subjects/sh85074768,Laser beams,beam_M1,He saw the bright beam.,http://id.loc.gov/authorities/subjects/sh85074768,Laser beams,True,0.0,1,0.021797597408294678,,0.14106673,0.063059807,795,True,6.678342115,7.384421794,Polysemy,N,True,v75fv9pagb,69,19
beam,M2_a_M2_b,beam_M2,He saw the wood beam.,http://id.loc.gov/authorities/subjects/sh85055003,Girders,beam_M2,He saw the balance beam.,http://id.loc.gov/authorities/subjects/sh85055003,Girders,True,0.0,1,0.02238672971725464,,0.259652674,0.094416857,1201,True,7.090909822,7.35397727,Polysemy,N,True,9fkbaxk3zu,75,19
beam,M2_a_M1_a,beam_M2,He saw the wood beam.,http://id.loc.gov/authorities/subjects/sh85055003,Girders,beam_M1,He saw the laser beam.,http://id.loc.gov/authorities/subjects/sh85074768,Laser beams,False,inf,0,0.5154791474342346,,0.312720001,0.051152468,1178,True,7.071573364,7.181202419,Polysemy,N,False,jjpm6guwej,157,19
beam,M1_b_M2_a,beam_M1,He saw the bright beam.,http://id.loc.gov/authorities/subjects/sh85074768,Laser beams,beam_M2,He saw the wood beam.,http://id.loc.gov/authorities/subjects/sh85055003,Girders,False,inf,0,0.5154791474342346,,0.237403274,0.073608041,971,True,6.878326468,7.525405555,Polysemy,N,False,hdblro1e9q,99,19
beam,M2_b_M2_a,beam_M2,He saw the balance beam.,http://id.loc.gov/authorities/subjects/sh85055003,Girders,beam_M2,He saw the wood beam.,http://id.loc.gov/authorities/subjects/sh85055003,Girders,True,0.0,1,0.02238672971725464,,0.259652674,0.094416857,724,True,6.584791392,7.525405555,Polysemy,N,True,xyokc18f4l,167,19
beam,M1_a_M2_a,beam_M1,He saw the laser beam.,http://id.loc.gov/authorities/subjects/sh85074768,Laser beams,beam_M2,He saw the wood beam.,http://id.loc.gov/authorities/subjects/sh85055003,Girders,False,inf,0,0.5154791474342346,,0.312720001,0.051152468,945,True,6.851184927,7.525405555,Polysemy,N,False,so1m7krwy9,31,19
beam,M2_b_M1_a,beam_M2,He saw the balance beam.,http://id.loc.gov/authorities/subjects/sh85055003,Girders,beam_M1,He saw the laser beam.,http://id.loc.gov/authorities/subjects/sh85074768,Laser beams,False,inf,0,0.5154791474342346,,0.334815323,0.102861106,999,True,6.906754779,7.181202419,Polysemy,N,False,bjdam1cm56,215,19
beam,M1_a_M2_b,beam_M1,He saw the laser beam.,http://id.loc.gov/authorities/subjects/sh85074768,Laser beams,beam_M2,He saw the balance beam.,http://id.loc.gov/authorities/subjects/sh85055003,Girders,False,inf,0,0.5154791474342346,,0.334815323,0.102861106,1670,True,7.420578905,7.35397727,Polysemy,N,False,gl71hqusr0,135,19
beam,M1_b_M2_b,beam_M1,He saw the bright beam.,http://id.loc.gov/authorities/subjects/sh85074768,Laser beams,beam_M2,He saw the balance beam.,http://id.loc.gov/authorities/subjects/sh85055003,Girders,False,inf,0,0.5154791474342346,,0.323186874,0.126451135,1098,True,7.001245622,7.35397727,Polysemy,N,False,ze8q4rklbg,45,19
beam,M1_a_M2_a,beam_M1,He saw the laser beam.,http://id.loc.gov/authorities/subjects/sh85074768,Laser beams,beam_M2,He saw the wood beam.,http://id.loc.gov/authorities/subjects/sh85055003,Girders,False,inf,0,0.5154791474342346,,0.312720001,0.051152468,1046,True,6.952728645,7.525405555,Polysemy,N,False,sn1yu7vsxd,81,19
beam,M2_b_M2_a,beam_M2,He saw the balance beam.,http://id.loc.gov/authorities/subjects/sh85055003,Girders,beam_M2,He saw the wood beam.,http://id.loc.gov/authorities/subjects/sh85055003,Girders,True,0.0,1,0.02238672971725464,,0.259652674,0.094416857,1696,True,7.436027816,7.525405555,Polysemy,N,True,xqssc38w0c,195,19
beam,M1_a_M2_a,beam_M1,He saw the laser beam.,http://id.loc.gov/authorities/subjects/sh85074768,Laser beams,beam_M2,He saw the wood beam.,http://id.loc.gov/authorities/subjects/sh85055003,Girders,False,inf,0,0.5154791474342346,,0.312720001,0.051152468,511,True,6.23636959,7.525405555,Polysemy,N,False,h6swhj4mme,225,19
beam,M1_a_M2_a,beam_M1,He saw the laser beam.,http://id.loc.gov/authorities/subjects/sh85074768,Laser beams,beam_M2,He saw the wood beam.,http://id.loc.gov/authorities/subjects/sh85055003,Girders,False,inf,0,0.5154791474342346,,0.312720001,0.051152468,1430,True,7.265429723,7.525405555,Polysemy,N,False,spkx08cwjj,117,19
beam,M2_b_M2_a,beam_M2,He saw the balance beam.,http://id.loc.gov/authorities/subjects/sh85055003,Girders,beam_M2,He saw the wood beam.,http://id.loc.gov/authorities/subjects/sh85055003,Girders,True,0.0,1,0.02238672971725464,,0.259652674,0.094416857,2008,True,7.604894481,7.525405555,Polysemy,N,True,epkefl89q5,117,19
beam,M2_b_M2_a,beam_M2,He saw the balance beam.,http://id.loc.gov/authorities/subjects/sh85055003,Girders,beam_M2,He saw the wood beam.,http://id.loc.gov/authorities/subjects/sh85055003,Girders,True,0.0,1,0.02238672971725464,,0.259652674,0.094416857,951,True,6.857514063,7.525405555,Polysemy,N,True,hdquts93lv,75,19
beam,M1_b_M1_a,beam_M1,He saw the bright beam.,http://id.loc.gov/authorities/subjects/sh85074768,Laser beams,beam_M1,He saw the laser beam.,http://id.loc.gov/authorities/subjects/sh85074768,Laser beams,True,0.0,1,0.021797597408294678,,0.14106673,0.063059807,954,True,6.860663671,7.181202419,Polysemy,N,True,flr5bk7hm2,105,19
beam,M2_b_M1_b,beam_M2,He saw the balance beam.,http://id.loc.gov/authorities/subjects/sh85055003,Girders,beam_M1,He saw the bright beam.,http://id.loc.gov/authorities/subjects/sh85074768,Laser beams,False,inf,0,0.5154791474342346,,0.323186874,0.126451135,1090,True,6.993932975,7.384421794,Polysemy,N,False,wdgq8cekjp,161,19
beam,M2_b_M1_a,beam_M2,He saw the balance beam.,http://id.loc.gov/authorities/subjects/sh85055003,Girders,beam_M1,He saw the laser beam.,http://id.loc.gov/authorities/subjects/sh85074768,Laser beams,False,inf,0,0.5154791474342346,,0.334815323,0.102861106,1069,True,6.974478911,7.181202419,Polysemy,N,False,5zu5xn1fq8,127,19
beam,M1_b_M2_b,beam_M1,He saw the bright beam.,http://id.loc.gov/authorities/subjects/sh85074768,Laser beams,beam_M2,He saw the balance beam.,http://id.loc.gov/authorities/subjects/sh85055003,Girders,False,inf,0,0.5154791474342346,,0.323186874,0.126451135,1154,True,7.050989447,7.35397727,Polysemy,N,False,ra0zaqlxos,75,19
beam,M2_a_M1_a,beam_M2,He saw the wood beam.,http://id.loc.gov/authorities/subjects/sh85055003,Girders,beam_M1,He saw the laser beam.,http://id.loc.gov/authorities/subjects/sh85074768,Laser beams,False,inf,0,0.5154791474342346,,0.312720001,0.051152468,771,True,6.647688374,7.181202419,Polysemy,N,False,961ytz4h4r,251,19
beam,M2_a_M1_b,beam_M2,He saw the wood beam.,http://id.loc.gov/authorities/subjects/sh85055003,Girders,beam_M1,He saw the bright beam.,http://id.loc.gov/authorities/subjects/sh85074768,Laser beams,False,inf,0,0.5154791474342346,,0.237403274,0.073608041,835,True,6.727431725,7.384421794,Polysemy,N,False,evdgzy3cvj,33,19
beam,M1_a_M2_b,beam_M1,He saw the laser beam.,http://id.loc.gov/authorities/subjects/sh85074768,Laser beams,beam_M2,He saw the balance beam.,http://id.loc.gov/authorities/subjects/sh85055003,Girders,False,inf,0,0.5154791474342346,,0.334815323,0.102861106,1030,True,6.937314081,7.35397727,Polysemy,N,False,0jrp4p98ro,241,19
beam,M1_a_M2_b,beam_M1,He saw the laser beam.,http://id.loc.gov/authorities/subjects/sh85074768,Laser beams,beam_M2,He saw the balance beam.,http://id.loc.gov/authorities/subjects/sh85055003,Girders,False,inf,0,0.5154791474342346,,0.334815323,0.102861106,1302,False,7.171656823,7.35397727,Polysemy,N,False,nuoxoyemfp,117,19
beam,M2_b_M1_a,beam_M2,He saw the balance beam.,http://id.loc.gov/authorities/subjects/sh85055003,Girders,beam_M1,He saw the laser beam.,http://id.loc.gov/authorities/subjects/sh85074768,Laser beams,False,inf,0,0.5154791474342346,,0.334815323,0.102861106,1318,True,7.183870715,7.181202419,Polysemy,N,False,lt0kapj5fz,159,19
beam,M2_a_M1_a,beam_M2,He saw the wood beam.,http://id.loc.gov/authorities/subjects/sh85055003,Girders,beam_M1,He saw the laser beam.,http://id.loc.gov/authorities/subjects/sh85074768,Laser beams,False,inf,0,0.5154791474342346,,0.312720001,0.051152468,1263,True,7.141245122,7.181202419,Polysemy,N,False,kfp2rkd57s,243,19
beam,M2_b_M2_a,beam_M2,He saw the balance beam.,http://id.loc.gov/authorities/subjects/sh85055003,Girders,beam_M2,He saw the wood beam.,http://id.loc.gov/authorities/subjects/sh85055003,Girders,True,0.0,1,0.02238672971725464,,0.259652674,0.094416857,1004,True,6.9117473,7.525405555,Polysemy,N,True,y4puhchaf9,105,19
beam,M1_b_M2_a,beam_M1,He saw the bright beam.,http://id.loc.gov/authorities/subjects/sh85074768,Laser beams,beam_M2,He saw the wood beam.,http://id.loc.gov/authorities/subjects/sh85055003,Girders,False,inf,0,0.5154791474342346,,0.237403274,0.073608041,868,False,6.766191715,7.525405555,Polysemy,N,False,1lzneddpkq,103,19
beam,M1_a_M1_b,beam_M1,He saw the laser beam.,http://id.loc.gov/authorities/subjects/sh85074768,Laser beams,beam_M1,He saw the bright beam.,http://id.loc.gov/authorities/subjects/sh85074768,Laser beams,True,0.0,1,0.021797597408294678,,0.14106673,0.063059807,1705,True,7.44132039,7.384421794,Polysemy,N,True,gdwec44k4r,243,19
beam,M1_b_M2_b,beam_M1,He saw the bright beam.,http://id.loc.gov/authorities/subjects/sh85074768,Laser beams,beam_M2,He saw the balance beam.,http://id.loc.gov/authorities/subjects/sh85055003,Girders,False,inf,0,0.5154791474342346,,0.323186874,0.126451135,941,True,6.84694314,7.35397727,Polysemy,N,False,z02r2dprrd,203,19
beam,M1_a_M1_b,beam_M1,He saw the laser beam.,http://id.loc.gov/authorities/subjects/sh85074768,Laser beams,beam_M1,He saw the bright beam.,http://id.loc.gov/authorities/subjects/sh85074768,Laser beams,True,0.0,1,0.021797597408294678,,0.14106673,0.063059807,899,True,6.801283034,7.384421794,Polysemy,N,True,tra6y98mle,147,19
beam,M2_a_M2_b,beam_M2,He saw the wood beam.,http://id.loc.gov/authorities/subjects/sh85055003,Girders,beam_M2,He saw the balance beam.,http://id.loc.gov/authorities/subjects/sh85055003,Girders,True,0.0,1,0.02238672971725464,,0.259652674,0.094416857,968,True,6.875232087,7.35397727,Polysemy,N,True,w7t2pcpr1z,137,19
beam,M1_a_M2_b,beam_M1,He saw the laser beam.,http://id.loc.gov/authorities/subjects/sh85074768,Laser beams,beam_M2,He saw the balance beam.,http://id.loc.gov/authorities/subjects/sh85055003,Girders,False,inf,0,0.5154791474342346,,0.334815323,0.102861106,1377,True,7.227662499,7.35397727,Polysemy,N,False,zjgl4twyhs,233,19
beam,M1_a_M2_b,beam_M1,He saw the laser beam.,http://id.loc.gov/authorities/subjects/sh85074768,Laser beams,beam_M2,He saw the balance beam.,http://id.loc.gov/authorities/subjects/sh85055003,Girders,False,inf,0,0.5154791474342346,,0.334815323,0.102861106,1240,True,7.122866659,7.35397727,Polysemy,N,False,somzvrxnz4,31,19
beam,M2_a_M2_b,beam_M2,He saw the wood beam.,http://id.loc.gov/authorities/subjects/sh85055003,Girders,beam_M2,He saw the balance beam.,http://id.loc.gov/authorities/subjects/sh85055003,Girders,True,0.0,1,0.02238672971725464,,0.259652674,0.094416857,1490,True,7.306531399,7.35397727,Polysemy,N,True,unzj7yx25l,233,19
beam,M1_b_M2_a,beam_M1,He saw the bright beam.,http://id.loc.gov/authorities/subjects/sh85074768,Laser beams,beam_M2,He saw the wood beam.,http://id.loc.gov/authorities/subjects/sh85055003,Girders,False,inf,0,0.5154791474342346,,0.237403274,0.073608041,1000,True,6.907755279,7.525405555,Polysemy,N,False,bcycp1bevl,69,19
beam,M1_a_M2_b,beam_M1,He saw the laser beam.,http://id.loc.gov/authorities/subjects/sh85074768,Laser beams,beam_M2,He saw the balance beam.,http://id.loc.gov/authorities/subjects/sh85055003,Girders,False,inf,0,0.5154791474342346,,0.334815323,0.102861106,1485,True,7.303170051,7.35397727,Polysemy,N,False,gdlhwqulft,93,19
beam,M2_a_M2_b,beam_M2,He saw the wood beam.,http://id.loc.gov/authorities/subjects/sh85055003,Girders,beam_M2,He saw the balance beam.,http://id.loc.gov/authorities/subjects/sh85055003,Girders,True,0.0,1,0.02238672971725464,,0.259652674,0.094416857,952,True,6.858565035,7.35397727,Polysemy,N,True,aekg0u74jn,217,19
beam,M2_a_M1_b,beam_M2,He saw the wood beam.,http://id.loc.gov/authorities/subjects/sh85055003,Girders,beam_M1,He saw the bright beam.,http://id.loc.gov/authorities/subjects/sh85074768,Laser beams,False,inf,0,0.5154791474342346,,0.237403274,0.073608041,1029,True,6.936342736,7.384421794,Polysemy,N,False,yoo60pl9o6,53,19
beam,M2_b_M1_a,beam_M2,He saw the balance beam.,http://id.loc.gov/authorities/subjects/sh85055003,Girders,beam_M1,He saw the laser beam.,http://id.loc.gov/authorities/subjects/sh85074768,Laser beams,False,inf,0,0.5154791474342346,,0.334815323,0.102861106,1483,True,7.301822342,7.181202419,Polysemy,N,False,zglqpt5fh7,137,19
beam,M1_b_M2_a,beam_M1,He saw the bright beam.,http://id.loc.gov/authorities/subjects/sh85074768,Laser beams,beam_M2,He saw the wood beam.,http://id.loc.gov/authorities/subjects/sh85055003,Girders,False,inf,0,0.5154791474342346,,0.237403274,0.073608041,1030,False,6.937314081,7.525405555,Polysemy,N,False,prlu1sa9my,67,19
beam,M1_a_M2_a,beam_M1,He saw the laser beam.,http://id.loc.gov/authorities/subjects/sh85074768,Laser beams,beam_M2,He saw the wood beam.,http://id.loc.gov/authorities/subjects/sh85055003,Girders,False,inf,0,0.5154791474342346,,0.312720001,0.051152468,1088,False,6.992096427,7.525405555,Polysemy,N,False,luke3ctol0,95,19
beam,M2_a_M1_a,beam_M2,He saw the wood beam.,http://id.loc.gov/authorities/subjects/sh85055003,Girders,beam_M1,He saw the laser beam.,http://id.loc.gov/authorities/subjects/sh85074768,Laser beams,False,inf,0,0.5154791474342346,,0.312720001,0.051152468,1153,True,7.05012252,7.181202419,Polysemy,N,False,79d4rp4wbh,215,19
beam,M2_b_M1_a,beam_M2,He saw the balance beam.,http://id.loc.gov/authorities/subjects/sh85055003,Girders,beam_M1,He saw the laser beam.,http://id.loc.gov/authorities/subjects/sh85074768,Laser beams,False,inf,0,0.5154791474342346,,0.334815323,0.102861106,1002,True,6.909753282,7.181202419,Polysemy,N,False,2usccf4uxc,193,19
beam,M1_a_M2_a,beam_M1,He saw the laser beam.,http://id.loc.gov/authorities/subjects/sh85074768,Laser beams,beam_M2,He saw the wood beam.,http://id.loc.gov/authorities/subjects/sh85055003,Girders,False,inf,0,0.5154791474342346,,0.312720001,0.051152468,1877,True,7.537430037,7.525405555,Polysemy,N,False,bqho6xb6vp,223,19
beam,M2_b_M2_a,beam_M2,He saw the balance beam.,http://id.loc.gov/authorities/subjects/sh85055003,Girders,beam_M2,He saw the wood beam.,http://id.loc.gov/authorities/subjects/sh85055003,Girders,True,0.0,1,0.02238672971725464,,0.259652674,0.094416857,905,True,6.807934944,7.525405555,Polysemy,N,True,50rd5uu19e,103,19
beam,M2_a_M1_b,beam_M2,He saw the wood beam.,http://id.loc.gov/authorities/subjects/sh85055003,Girders,beam_M1,He saw the bright beam.,http://id.loc.gov/authorities/subjects/sh85074768,Laser beams,False,inf,0,0.5154791474342346,,0.237403274,0.073608041,820,True,6.70930434,7.384421794,Polysemy,N,False,frqx6vw2d1,161,19
beam,M1_a_M1_b,beam_M1,He saw the laser beam.,http://id.loc.gov/authorities/subjects/sh85074768,Laser beams,beam_M1,He saw the bright beam.,http://id.loc.gov/authorities/subjects/sh85074768,Laser beams,True,0.0,1,0.021797597408294678,,0.14106673,0.063059807,1834,False,7.514254653,7.384421794,Polysemy,N,True,vm3yk3su0e,159,19
beam,M2_b_M2_a,beam_M2,He saw the balance beam.,http://id.loc.gov/authorities/subjects/sh85055003,Girders,beam_M2,He saw the wood beam.,http://id.loc.gov/authorities/subjects/sh85055003,Girders,True,0.0,1,0.02238672971725464,,0.259652674,0.094416857,751,True,6.621405652,7.525405555,Polysemy,N,True,l4avquduxt,115,19
beam,M2_b_M1_b,beam_M2,He saw the balance beam.,http://id.loc.gov/authorities/subjects/sh85055003,Girders,beam_M1,He saw the bright beam.,http://id.loc.gov/authorities/subjects/sh85074768,Laser beams,False,inf,0,0.5154791474342346,,0.323186874,0.126451135,764,True,6.638567789,7.384421794,Polysemy,N,False,dol693zfl0,177,19
beam,M1_b_M2_b,beam_M1,He saw the bright beam.,http://id.loc.gov/authorities/subjects/sh85074768,Laser beams,beam_M2,He saw the balance beam.,http://id.loc.gov/authorities/subjects/sh85055003,Girders,False,inf,0,0.5154791474342346,,0.323186874,0.126451135,2295,True,7.738488122,7.35397727,Polysemy,N,False,8tl61v5cpb,173,19
beam,M2_a_M2_b,beam_M2,He saw the wood beam.,http://id.loc.gov/authorities/subjects/sh85055003,Girders,beam_M2,He saw the balance beam.,http://id.loc.gov/authorities/subjects/sh85055003,Girders,True,0.0,1,0.02238672971725464,,0.259652674,0.094416857,1303,True,7.172424577,7.35397727,Polysemy,N,True,4edk6y2wlk,61,19
beam,M1_a_M2_a,beam_M1,He saw the laser beam.,http://id.loc.gov/authorities/subjects/sh85074768,Laser beams,beam_M2,He saw the wood beam.,http://id.loc.gov/authorities/subjects/sh85055003,Girders,False,inf,0,0.5154791474342346,,0.312720001,0.051152468,1397,False,7.242082359,7.525405555,Polysemy,N,False,1qywoodmd2,45,19
beam,M2_a_M1_b,beam_M2,He saw the wood beam.,http://id.loc.gov/authorities/subjects/sh85055003,Girders,beam_M1,He saw the bright beam.,http://id.loc.gov/authorities/subjects/sh85074768,Laser beams,False,inf,0,0.5154791474342346,,0.237403274,0.073608041,3111,True,8.042699497,7.384421794,Polysemy,N,False,1wzodbsf7y,63,19
beam,M1_b_M1_a,beam_M1,He saw the bright beam.,http://id.loc.gov/authorities/subjects/sh85074768,Laser beams,beam_M1,He saw the laser beam.,http://id.loc.gov/authorities/subjects/sh85074768,Laser beams,True,0.0,1,0.021797597408294678,,0.14106673,0.063059807,965,True,6.872128101,7.181202419,Polysemy,N,True,qpgf6y0h0r,57,19
beam,M2_b_M1_a,beam_M2,He saw the balance beam.,http://id.loc.gov/authorities/subjects/sh85055003,Girders,beam_M1,He saw the laser beam.,http://id.loc.gov/authorities/subjects/sh85074768,Laser beams,False,inf,0,0.5154791474342346,,0.334815323,0.102861106,1647,True,7.40671073,7.181202419,Polysemy,N,False,d4b99ue0tu,87,19
beam,M2_b_M1_b,beam_M2,He saw the balance beam.,http://id.loc.gov/authorities/subjects/sh85055003,Girders,beam_M1,He saw the bright beam.,http://id.loc.gov/authorities/subjects/sh85074768,Laser beams,False,inf,0,0.5154791474342346,,0.323186874,0.126451135,1246,True,7.127693699,7.384421794,Polysemy,N,False,xesfu0h98k,73,19
beam,M2_a_M1_a,beam_M2,He saw the wood beam.,http://id.loc.gov/authorities/subjects/sh85055003,Girders,beam_M1,He saw the laser beam.,http://id.loc.gov/authorities/subjects/sh85074768,Laser beams,False,inf,0,0.5154791474342346,,0.312720001,0.051152468,970,True,6.877296071,7.181202419,Polysemy,N,False,h0th05ppt7,227,19
beam,M1_b_M2_b,beam_M1,He saw the bright beam.,http://id.loc.gov/authorities/subjects/sh85074768,Laser beams,beam_M2,He saw the balance beam.,http://id.loc.gov/authorities/subjects/sh85055003,Girders,False,inf,0,0.5154791474342346,,0.323186874,0.126451135,1786,True,7.487733761,7.35397727,Polysemy,N,False,ea54kkhdyv,233,19
beam,M1_a_M1_b,beam_M1,He saw the laser beam.,http://id.loc.gov/authorities/subjects/sh85074768,Laser beams,beam_M1,He saw the bright beam.,http://id.loc.gov/authorities/subjects/sh85074768,Laser beams,True,0.0,1,0.021797597408294678,,0.14106673,0.063059807,1093,True,6.996681488,7.384421794,Polysemy,N,True,mhz82a74k9,223,19
beam,M1_b_M1_a,beam_M1,He saw the bright beam.,http://id.loc.gov/authorities/subjects/sh85074768,Laser beams,beam_M1,He saw the laser beam.,http://id.loc.gov/authorities/subjects/sh85074768,Laser beams,True,0.0,1,0.021797597408294678,,0.14106673,0.063059807,807,True,6.693323668,7.181202419,Polysemy,N,True,g3flm4j14z,123,19
beam,M1_a_M2_a,beam_M1,He saw the laser beam.,http://id.loc.gov/authorities/subjects/sh85074768,Laser beams,beam_M2,He saw the wood beam.,http://id.loc.gov/authorities/subjects/sh85055003,Girders,False,inf,0,0.5154791474342346,,0.312720001,0.051152468,823,True,6.712956201,7.525405555,Polysemy,N,False,864zg5t8jb,153,19
beam,M2_a_M1_a,beam_M2,He saw the wood beam.,http://id.loc.gov/authorities/subjects/sh85055003,Girders,beam_M1,He saw the laser beam.,http://id.loc.gov/authorities/subjects/sh85074768,Laser beams,False,inf,0,0.5154791474342346,,0.312720001,0.051152468,889,True,6.790097236,7.181202419,Polysemy,N,False,7poq0nl7yt,205,19
beam,M2_b_M2_a,beam_M2,He saw the balance beam.,http://id.loc.gov/authorities/subjects/sh85055003,Girders,beam_M2,He saw the wood beam.,http://id.loc.gov/authorities/subjects/sh85055003,Girders,True,0.0,1,0.02238672971725464,,0.259652674,0.094416857,1676,True,7.424165281,7.525405555,Polysemy,N,True,skb4uv2kf9,109,19
beam,M1_a_M1_b,beam_M1,He saw the laser beam.,http://id.loc.gov/authorities/subjects/sh85074768,Laser beams,beam_M1,He saw the bright beam.,http://id.loc.gov/authorities/subjects/sh85074768,Laser beams,True,0.0,1,0.021797597408294678,,0.14106673,0.063059807,1218,True,7.104965448,7.384421794,Polysemy,N,True,246unkcyak,203,19
beam,M1_a_M2_b,beam_M1,He saw the laser beam.,http://id.loc.gov/authorities/subjects/sh85074768,Laser beams,beam_M2,He saw the balance beam.,http://id.loc.gov/authorities/subjects/sh85055003,Girders,False,inf,0,0.5154791474342346,,0.334815323,0.102861106,1485,True,7.303170051,7.35397727,Polysemy,N,False,a0u2yg5j7e,47,19
beam,M2_a_M2_b,beam_M2,He saw the wood beam.,http://id.loc.gov/authorities/subjects/sh85055003,Girders,beam_M2,He saw the balance beam.,http://id.loc.gov/authorities/subjects/sh85055003,Girders,True,0.0,1,0.02238672971725464,,0.259652674,0.094416857,1603,True,7.379632153,7.35397727,Polysemy,N,True,11pz67y2jv,109,19
beam,M1_a_M2_b,beam_M1,He saw the laser beam.,http://id.loc.gov/authorities/subjects/sh85074768,Laser beams,beam_M2,He saw the balance beam.,http://id.loc.gov/authorities/subjects/sh85055003,Girders,False,inf,0,0.5154791474342346,,0.334815323,0.102861106,688,True,6.533788838,7.35397727,Polysemy,N,False,tzstmyxntu,153,19
beam,M1_a_M1_b,beam_M1,He saw the laser beam.,http://id.loc.gov/authorities/subjects/sh85074768,Laser beams,beam_M1,He saw the bright beam.,http://id.loc.gov/authorities/subjects/sh85074768,Laser beams,True,0.0,1,0.021797597408294678,,0.14106673,0.063059807,780,True,6.65929392,7.384421794,Polysemy,N,True,cpjzep1zv0,139,19
beam,M2_a_M1_a,beam_M2,He saw the wood beam.,http://id.loc.gov/authorities/subjects/sh85055003,Girders,beam_M1,He saw the laser beam.,http://id.loc.gov/authorities/subjects/sh85074768,Laser beams,False,inf,0,0.5154791474342346,,0.312720001,0.051152468,1071,True,6.97634807,7.181202419,Polysemy,N,False,6mgqfqnfnt,237,19
beam,M2_b_M1_a,beam_M2,He saw the balance beam.,http://id.loc.gov/authorities/subjects/sh85055003,Girders,beam_M1,He saw the laser beam.,http://id.loc.gov/authorities/subjects/sh85074768,Laser beams,False,inf,0,0.5154791474342346,,0.334815323,0.102861106,1224,True,7.109879463,7.181202419,Polysemy,N,False,y52zt9vjyf,103,19
beam,M1_b_M2_a,beam_M1,He saw the bright beam.,http://id.loc.gov/authorities/subjects/sh85074768,Laser beams,beam_M2,He saw the wood beam.,http://id.loc.gov/authorities/subjects/sh85055003,Girders,False,inf,0,0.5154791474342346,,0.237403274,0.073608041,1014,False,6.921658184,7.525405555,Polysemy,N,False,va3hb1mkox,247,19
beam,M1_a_M2_b,beam_M1,He saw the laser beam.,http://id.loc.gov/authorities/subjects/sh85074768,Laser beams,beam_M2,He saw the balance beam.,http://id.loc.gov/authorities/subjects/sh85055003,Girders,False,inf,0,0.5154791474342346,,0.334815323,0.102861106,1227,True,7.112327445,7.35397727,Polysemy,N,False,ctcq5oob70,65,19
beam,M1_a_M1_b,beam_M1,He saw the laser beam.,http://id.loc.gov/authorities/subjects/sh85074768,Laser beams,beam_M1,He saw the bright beam.,http://id.loc.gov/authorities/subjects/sh85074768,Laser beams,True,0.0,1,0.021797597408294678,,0.14106673,0.063059807,643,True,6.466144724,7.384421794,Polysemy,N,True,xdomj2pout,229,19
beam,M2_b_M1_a,beam_M2,He saw the balance beam.,http://id.loc.gov/authorities/subjects/sh85055003,Girders,beam_M1,He saw the laser beam.,http://id.loc.gov/authorities/subjects/sh85074768,Laser beams,False,inf,0,0.5154791474342346,,0.334815323,0.102861106,981,True,6.88857246,7.181202419,Polysemy,N,False,meaaxoxjw2,215,19
beam,M2_a_M1_b,beam_M2,He saw the wood beam.,http://id.loc.gov/authorities/subjects/sh85055003,Girders,beam_M1,He saw the bright beam.,http://id.loc.gov/authorities/subjects/sh85074768,Laser beams,False,inf,0,0.5154791474342346,,0.237403274,0.073608041,1681,True,7.427144133,7.384421794,Polysemy,N,False,rrded0u35m,31,19
beam,M1_b_M2_b,beam_M1,He saw the bright beam.,http://id.loc.gov/authorities/subjects/sh85074768,Laser beams,beam_M2,He saw the balance beam.,http://id.loc.gov/authorities/subjects/sh85055003,Girders,False,inf,0,0.5154791474342346,,0.323186874,0.126451135,1007,True,6.914730893,7.35397727,Polysemy,N,False,tb47bk2csv,209,19
beam,M2_a_M1_b,beam_M2,He saw the wood beam.,http://id.loc.gov/authorities/subjects/sh85055003,Girders,beam_M1,He saw the bright beam.,http://id.loc.gov/authorities/subjects/sh85074768,Laser beams,False,inf,0,0.5154791474342346,,0.237403274,0.073608041,673,True,6.51174533,7.384421794,Polysemy,N,False,gtj74gj1hs,115,19
beam,M2_a_M2_b,beam_M2,He saw the wood beam.,http://id.loc.gov/authorities/subjects/sh85055003,Girders,beam_M2,He saw the balance beam.,http://id.loc.gov/authorities/subjects/sh85055003,Girders,True,0.0,1,0.02238672971725464,,0.259652674,0.094416857,996,True,6.903747258,7.35397727,Polysemy,N,True,3mb5qrf7ny,247,19
beam,M1_a_M2_a,beam_M1,He saw the laser beam.,http://id.loc.gov/authorities/subjects/sh85074768,Laser beams,beam_M2,He saw the wood beam.,http://id.loc.gov/authorities/subjects/sh85055003,Girders,False,inf,0,0.5154791474342346,,0.312720001,0.051152468,1403,False,7.24636808,7.525405555,Polysemy,N,False,phcg9go4je,167,19
beam,M1_b_M1_a,beam_M1,He saw the bright beam.,http://id.loc.gov/authorities/subjects/sh85074768,Laser beams,beam_M1,He saw the laser beam.,http://id.loc.gov/authorities/subjects/sh85074768,Laser beams,True,0.0,1,0.021797597408294678,,0.14106673,0.063059807,1237,True,7.120444372,7.181202419,Polysemy,N,True,z2n4w2lvuj,51,19
beam,M2_b_M1_a,beam_M2,He saw the balance beam.,http://id.loc.gov/authorities/subjects/sh85055003,Girders,beam_M1,He saw the laser beam.,http://id.loc.gov/authorities/subjects/sh85074768,Laser beams,False,inf,0,0.5154791474342346,,0.334815323,0.102861106,777,True,6.65544035,7.181202419,Polysemy,N,False,rgkj29k85f,183,19
beam,M2_b_M1_a,beam_M2,He saw the balance beam.,http://id.loc.gov/authorities/subjects/sh85055003,Girders,beam_M1,He saw the laser beam.,http://id.loc.gov/authorities/subjects/sh85074768,Laser beams,False,inf,0,0.5154791474342346,,0.334815323,0.102861106,909,True,6.812345094,7.181202419,Polysemy,N,False,11s3zyvhm4,65,19
beam,M2_b_M1_b,beam_M2,He saw the balance beam.,http://id.loc.gov/authorities/subjects/sh85055003,Girders,beam_M1,He saw the bright beam.,http://id.loc.gov/authorities/subjects/sh85074768,Laser beams,False,inf,0,0.5154791474342346,,0.323186874,0.126451135,1239,False,7.122059882,7.384421794,Polysemy,N,False,ppv7uctwr1,103,19
beam,M1_a_M2_a,beam_M1,He saw the laser beam.,http://id.loc.gov/authorities/subjects/sh85074768,Laser beams,beam_M2,He saw the wood beam.,http://id.loc.gov/authorities/subjects/sh85055003,Girders,False,inf,0,0.5154791474342346,,0.312720001,0.051152468,653,True,6.481577129,7.525405555,Polysemy,N,False,wo6c5zy1c7,51,19
beam,M2_b_M1_a,beam_M2,He saw the balance beam.,http://id.loc.gov/authorities/subjects/sh85055003,Girders,beam_M1,He saw the laser beam.,http://id.loc.gov/authorities/subjects/sh85074768,Laser beams,False,inf,0,0.5154791474342346,,0.334815323,0.102861106,840,True,6.733401892,7.181202419,Polysemy,N,False,m6aw5veqof,73,19
beam,M2_a_M1_a,beam_M2,He saw the wood beam.,http://id.loc.gov/authorities/subjects/sh85055003,Girders,beam_M1,He saw the laser beam.,http://id.loc.gov/authorities/subjects/sh85074768,Laser beams,False,inf,0,0.5154791474342346,,0.312720001,0.051152468,1209,True,7.097548851,7.181202419,Polysemy,N,False,6lbv5uhykm,225,19
beam,M2_a_M1_a,beam_M2,He saw the wood beam.,http://id.loc.gov/authorities/subjects/sh85055003,Girders,beam_M1,He saw the laser beam.,http://id.loc.gov/authorities/subjects/sh85074768,Laser beams,False,inf,0,0.5154791474342346,,0.312720001,0.051152468,1000,True,6.907755279,7.181202419,Polysemy,N,False,68a6hn4uvz,199,19
beam,M2_b_M2_a,beam_M2,He saw the balance beam.,http://id.loc.gov/authorities/subjects/sh85055003,Girders,beam_M2,He saw the wood beam.,http://id.loc.gov/authorities/subjects/sh85055003,Girders,True,0.0,1,0.02238672971725464,,0.259652674,0.094416857,742,True,6.609349243,7.525405555,Polysemy,N,True,9xyz8zlap8,103,19
beam,M2_b_M1_a,beam_M2,He saw the balance beam.,http://id.loc.gov/authorities/subjects/sh85055003,Girders,beam_M1,He saw the laser beam.,http://id.loc.gov/authorities/subjects/sh85074768,Laser beams,False,inf,0,0.5154791474342346,,0.334815323,0.102861106,1014,True,6.921658184,7.181202419,Polysemy,N,False,r1c2epbxzl,47,19
beam,M2_b_M2_a,beam_M2,He saw the balance beam.,http://id.loc.gov/authorities/subjects/sh85055003,Girders,beam_M2,He saw the wood beam.,http://id.loc.gov/authorities/subjects/sh85055003,Girders,True,0.0,1,0.02238672971725464,,0.259652674,0.094416857,943,True,6.849066283,7.525405555,Polysemy,N,True,4e6rrg22h5,79,19
beam,M2_a_M2_b,beam_M2,He saw the wood beam.,http://id.loc.gov/authorities/subjects/sh85055003,Girders,beam_M2,He saw the balance beam.,http://id.loc.gov/authorities/subjects/sh85055003,Girders,True,0.0,1,0.02238672971725464,,0.259652674,0.094416857,2400,False,7.783224016,7.35397727,Polysemy,N,True,vxyw6621ka,189,19
beam,M2_b_M2_a,beam_M2,He saw the balance beam.,http://id.loc.gov/authorities/subjects/sh85055003,Girders,beam_M2,He saw the wood beam.,http://id.loc.gov/authorities/subjects/sh85055003,Girders,True,0.0,1,0.02238672971725464,,0.259652674,0.094416857,953,True,6.859614904,7.525405555,Polysemy,N,True,xxh77u2udt,173,19
beam,M1_a_M1_b,beam_M1,He saw the laser beam.,http://id.loc.gov/authorities/subjects/sh85074768,Laser beams,beam_M1,He saw the bright beam.,http://id.loc.gov/authorities/subjects/sh85074768,Laser beams,True,0.0,1,0.021797597408294678,,0.14106673,0.063059807,1088,True,6.992096427,7.384421794,Polysemy,N,True,jls43v8rj0,105,19
beam,M2_b_M1_a,beam_M2,He saw the balance beam.,http://id.loc.gov/authorities/subjects/sh85055003,Girders,beam_M1,He saw the laser beam.,http://id.loc.gov/authorities/subjects/sh85074768,Laser beams,False,inf,0,0.5154791474342346,,0.334815323,0.102861106,879,True,6.778784898,7.181202419,Polysemy,N,False,ne1wq8w4qw,191,19
beam,M2_b_M2_a,beam_M2,He saw the balance beam.,http://id.loc.gov/authorities/subjects/sh85055003,Girders,beam_M2,He saw the wood beam.,http://id.loc.gov/authorities/subjects/sh85055003,Girders,True,0.0,1,0.02238672971725464,,0.259652674,0.094416857,1158,True,7.054449658,7.525405555,Polysemy,N,True,kdxs9d2gww,159,19
beam,M2_b_M1_a,beam_M2,He saw the balance beam.,http://id.loc.gov/authorities/subjects/sh85055003,Girders,beam_M1,He saw the laser beam.,http://id.loc.gov/authorities/subjects/sh85074768,Laser beams,False,inf,0,0.5154791474342346,,0.334815323,0.102861106,854,True,6.749931194,7.181202419,Polysemy,N,False,6g6ama8qck,85,19
beam,M2_a_M1_b,beam_M2,He saw the wood beam.,http://id.loc.gov/authorities/subjects/sh85055003,Girders,beam_M1,He saw the bright beam.,http://id.loc.gov/authorities/subjects/sh85074768,Laser beams,False,inf,0,0.5154791474342346,,0.237403274,0.073608041,1136,True,7.035268599,7.384421794,Polysemy,N,False,jrnkr73qqa,65,19
beam,M2_a_M1_a,beam_M2,He saw the wood beam.,http://id.loc.gov/authorities/subjects/sh85055003,Girders,beam_M1,He saw the laser beam.,http://id.loc.gov/authorities/subjects/sh85074768,Laser beams,False,inf,0,0.5154791474342346,,0.312720001,0.051152468,829,True,6.720220155,7.181202419,Polysemy,N,False,rxphbopbuk,93,19
beam,M1_b_M2_b,beam_M1,He saw the bright beam.,http://id.loc.gov/authorities/subjects/sh85074768,Laser beams,beam_M2,He saw the balance beam.,http://id.loc.gov/authorities/subjects/sh85055003,Girders,False,inf,0,0.5154791474342346,,0.323186874,0.126451135,1066,True,6.971668605,7.35397727,Polysemy,N,False,kgyhdlaomp,187,19
beam,M1_a_M1_b,beam_M1,He saw the laser beam.,http://id.loc.gov/authorities/subjects/sh85074768,Laser beams,beam_M1,He saw the bright beam.,http://id.loc.gov/authorities/subjects/sh85074768,Laser beams,True,0.0,1,0.021797597408294678,,0.14106673,0.063059807,872,True,6.770789424,7.384421794,Polysemy,N,True,etthd39jyc,103,19
beam,M2_b_M2_a,beam_M2,He saw the balance beam.,http://id.loc.gov/authorities/subjects/sh85055003,Girders,beam_M2,He saw the wood beam.,http://id.loc.gov/authorities/subjects/sh85055003,Girders,True,0.0,1,0.02238672971725464,,0.259652674,0.094416857,1097,True,7.00033446,7.525405555,Polysemy,N,True,pm85lle7oc,171,19
beam,M2_a_M1_b,beam_M2,He saw the wood beam.,http://id.loc.gov/authorities/subjects/sh85055003,Girders,beam_M1,He saw the bright beam.,http://id.loc.gov/authorities/subjects/sh85074768,Laser beams,False,inf,0,0.5154791474342346,,0.237403274,0.073608041,698,True,6.548219103,7.384421794,Polysemy,N,False,uaydq1djrs,57,19
beam,M2_a_M2_b,beam_M2,He saw the wood beam.,http://id.loc.gov/authorities/subjects/sh85055003,Girders,beam_M2,He saw the balance beam.,http://id.loc.gov/authorities/subjects/sh85055003,Girders,True,0.0,1,0.02238672971725464,,0.259652674,0.094416857,1549,True,7.34536484,7.35397727,Polysemy,N,True,nh9sg3fncc,243,19
charm,M2_a_M1_a,charm_M2,She had a gold charm.,http://id.loc.gov/authorities/subjects/sh85004685,Amulets,charm_M1,She had a devilish charm.,http://id.loc.gov/authorities/subjects/sh87005368,Charisma (Personality trait),False,7.0,0,0.5732523202896118,,0.240996659,0.110680997,1328,True,7.19142933,7.463942957,Polysemy,N,False,satgb3rqke,95,36
charm,M1_a_M2_a,charm_M1,She had a devilish charm.,http://id.loc.gov/authorities/subjects/sh87005368,Charisma (Personality trait),charm_M2,She had a gold charm.,http://id.loc.gov/authorities/subjects/sh85004685,Amulets,False,7.0,0,0.5732523202896118,,0.240996659,0.110680997,1433,True,7.267525428,7.343518568,Polysemy,N,False,78f1p4m7t2,171,36
charm,M1_b_M1_a,charm_M1,She had a natural charm.,http://id.loc.gov/authorities/subjects/sh87005368,Charisma (Personality trait),charm_M1,She had a devilish charm.,http://id.loc.gov/authorities/subjects/sh87005368,Charisma (Personality trait),True,0.0,1,0.012913048267364502,,0.062950611,0.057939589,1284,True,7.157735484,7.463942957,Polysemy,N,True,1vz3fdcvtw,69,36
charm,M2_a_M2_b,charm_M2,She had a gold charm.,http://id.loc.gov/authorities/subjects/sh85004685,Amulets,charm_M2,She had a good-luck charm.,http://id.loc.gov/authorities/subjects/sh85004685,Amulets,True,0.0,1,0.030008256435394287,,0.616652161,0.07942915,1681,True,7.427144133,7.377735543,Polysemy,N,True,mwacu22792,83,36
charm,M1_b_M1_a,charm_M1,She had a natural charm.,http://id.loc.gov/authorities/subjects/sh87005368,Charisma (Personality trait),charm_M1,She had a devilish charm.,http://id.loc.gov/authorities/subjects/sh87005368,Charisma (Personality trait),True,0.0,1,0.012913048267364502,,0.062950611,0.057939589,915,True,6.818924065,7.463942957,Polysemy,N,True,wsf5xp226q,115,36
charm,M2_b_M2_a,charm_M2,She had a good-luck charm.,http://id.loc.gov/authorities/subjects/sh85004685,Amulets,charm_M2,She had a gold charm.,http://id.loc.gov/authorities/subjects/sh85004685,Amulets,True,0.0,1,0.030008256435394287,,0.616652161,0.07942915,629,True,6.444131257,7.343518568,Polysemy,N,True,v75fv9pagb,159,36
charm,M1_b_M2_b,charm_M1,She had a natural charm.,http://id.loc.gov/authorities/subjects/sh87005368,Charisma (Personality trait),charm_M2,She had a good-luck charm.,http://id.loc.gov/authorities/subjects/sh85004685,Amulets,False,7.0,0,0.5732523202896118,,0.672413886,0.098940611,1271,True,7.147559271,7.377735543,Polysemy,N,False,9fkbaxk3zu,101,36
charm,M1_a_M1_b,charm_M1,She had a devilish charm.,http://id.loc.gov/authorities/subjects/sh87005368,Charisma (Personality trait),charm_M1,She had a natural charm.,http://id.loc.gov/authorities/subjects/sh87005368,Charisma (Personality trait),True,0.0,1,0.012913048267364502,,0.062950611,0.057939589,2293,True,7.737616283,7.188834038,Polysemy,N,True,jjpm6guwej,31,36
charm,M1_a_M1_b,charm_M1,She had a devilish charm.,http://id.loc.gov/authorities/subjects/sh87005368,Charisma (Personality trait),charm_M1,She had a natural charm.,http://id.loc.gov/authorities/subjects/sh87005368,Charisma (Personality trait),True,0.0,1,0.012913048267364502,,0.062950611,0.057939589,837,True,6.72982407,7.188834038,Polysemy,N,True,hdblro1e9q,89,36
charm,M2_a_M1_a,charm_M2,She had a gold charm.,http://id.loc.gov/authorities/subjects/sh85004685,Amulets,charm_M1,She had a devilish charm.,http://id.loc.gov/authorities/subjects/sh87005368,Charisma (Personality trait),False,7.0,0,0.5732523202896118,,0.240996659,0.110680997,764,True,6.638567789,7.463942957,Polysemy,N,False,xyokc18f4l,245,36
charm,M1_a_M2_a,charm_M1,She had a devilish charm.,http://id.loc.gov/authorities/subjects/sh87005368,Charisma (Personality trait),charm_M2,She had a gold charm.,http://id.loc.gov/authorities/subjects/sh85004685,Amulets,False,7.0,0,0.5732523202896118,,0.240996659,0.110680997,891,False,6.792344427,7.343518568,Polysemy,N,False,so1m7krwy9,57,36
charm,M2_b_M1_a,charm_M2,She had a good-luck charm.,http://id.loc.gov/authorities/subjects/sh85004685,Amulets,charm_M1,She had a devilish charm.,http://id.loc.gov/authorities/subjects/sh87005368,Charisma (Personality trait),False,7.0,0,0.5732523202896118,,0.661765426,0.036620796,2375,True,7.772752716,7.463942957,Polysemy,N,False,nkwr4ou2vr,175,36
charm,M2_a_M1_b,charm_M2,She had a gold charm.,http://id.loc.gov/authorities/subjects/sh85004685,Amulets,charm_M1,She had a natural charm.,http://id.loc.gov/authorities/subjects/sh87005368,Charisma (Personality trait),False,7.0,0,0.5732523202896118,,0.244825065,0.154701471,1495,True,7.309881486,7.188834038,Polysemy,N,False,gl71hqusr0,201,36
charm,M1_b_M1_a,charm_M1,She had a natural charm.,http://id.loc.gov/authorities/subjects/sh87005368,Charisma (Personality trait),charm_M1,She had a devilish charm.,http://id.loc.gov/authorities/subjects/sh87005368,Charisma (Personality trait),True,0.0,1,0.012913048267364502,,0.062950611,0.057939589,647,True,6.472346295,7.463942957,Polysemy,N,True,b3kl0cgv2r,47,36
charm,M1_b_M2_a,charm_M1,She had a natural charm.,http://id.loc.gov/authorities/subjects/sh87005368,Charisma (Personality trait),charm_M2,She had a gold charm.,http://id.loc.gov/authorities/subjects/sh85004685,Amulets,False,7.0,0,0.5732523202896118,,0.244825065,0.154701471,906,True,6.809039306,7.343518568,Polysemy,N,False,ze8q4rklbg,247,36
charm,M1_a_M2_b,charm_M1,She had a devilish charm.,http://id.loc.gov/authorities/subjects/sh87005368,Charisma (Personality trait),charm_M2,She had a good-luck charm.,http://id.loc.gov/authorities/subjects/sh85004685,Amulets,False,7.0,0,0.5732523202896118,,0.661765426,0.036620796,1152,True,7.049254841,7.377735543,Polysemy,N,False,xqssc38w0c,191,36
charm,M1_a_M1_b,charm_M1,She had a devilish charm.,http://id.loc.gov/authorities/subjects/sh87005368,Charisma (Personality trait),charm_M1,She had a natural charm.,http://id.loc.gov/authorities/subjects/sh87005368,Charisma (Personality trait),True,0.0,1,0.012913048267364502,,0.062950611,0.057939589,613,True,6.418364936,7.188834038,Polysemy,N,True,dbd0l1933k,245,36
charm,M2_a_M1_a,charm_M2,She had a gold charm.,http://id.loc.gov/authorities/subjects/sh85004685,Amulets,charm_M1,She had a devilish charm.,http://id.loc.gov/authorities/subjects/sh87005368,Charisma (Personality trait),False,7.0,0,0.5732523202896118,,0.240996659,0.110680997,1398,True,7.242797923,7.463942957,Polysemy,N,False,spkx08cwjj,169,36
charm,M1_a_M2_b,charm_M1,She had a devilish charm.,http://id.loc.gov/authorities/subjects/sh87005368,Charisma (Personality trait),charm_M2,She had a good-luck charm.,http://id.loc.gov/authorities/subjects/sh85004685,Amulets,False,7.0,0,0.5732523202896118,,0.661765426,0.036620796,769,True,6.64509097,7.377735543,Polysemy,N,False,epkefl89q5,203,36
charm,M1_a_M1_b,charm_M1,She had a devilish charm.,http://id.loc.gov/authorities/subjects/sh87005368,Charisma (Personality trait),charm_M1,She had a natural charm.,http://id.loc.gov/authorities/subjects/sh87005368,Charisma (Personality trait),True,0.0,1,0.012913048267364502,,0.062950611,0.057939589,1037,True,6.944087208,7.188834038,Polysemy,N,True,kha24hryvm,205,36
charm,M1_a_M2_b,charm_M1,She had a devilish charm.,http://id.loc.gov/authorities/subjects/sh87005368,Charisma (Personality trait),charm_M2,She had a good-luck charm.,http://id.loc.gov/authorities/subjects/sh85004685,Amulets,False,7.0,0,0.5732523202896118,,0.661765426,0.036620796,1731,True,7.456454555,7.377735543,Polysemy,N,False,se4vr7yp8v,155,36
charm,M2_b_M2_a,charm_M2,She had a good-luck charm.,http://id.loc.gov/authorities/subjects/sh85004685,Amulets,charm_M2,She had a gold charm.,http://id.loc.gov/authorities/subjects/sh85004685,Amulets,True,0.0,1,0.030008256435394287,,0.616652161,0.07942915,1531,True,7.333676396,7.343518568,Polysemy,N,True,r5r8zoalta,69,36
charm,M2_b_M1_b,charm_M2,She had a good-luck charm.,http://id.loc.gov/authorities/subjects/sh85004685,Amulets,charm_M1,She had a natural charm.,http://id.loc.gov/authorities/subjects/sh87005368,Charisma (Personality trait),False,7.0,0,0.5732523202896118,,0.672413886,0.098940611,2004,True,7.602900462,7.188834038,Polysemy,N,False,ezjkm10dx5,57,36
charm,M2_a_M1_b,charm_M2,She had a gold charm.,http://id.loc.gov/authorities/subjects/sh85004685,Amulets,charm_M1,She had a natural charm.,http://id.loc.gov/authorities/subjects/sh87005368,Charisma (Personality trait),False,7.0,0,0.5732523202896118,,0.244825065,0.154701471,879,True,6.778784898,7.188834038,Polysemy,N,False,ra0zaqlxos,129,36
charm,M2_a_M2_b,charm_M2,She had a gold charm.,http://id.loc.gov/authorities/subjects/sh85004685,Amulets,charm_M2,She had a good-luck charm.,http://id.loc.gov/authorities/subjects/sh85004685,Amulets,True,0.0,1,0.030008256435394287,,0.616652161,0.07942915,913,True,6.816735881,7.377735543,Polysemy,N,True,961ytz4h4r,239,36
charm,M1_b_M1_a,charm_M1,She had a natural charm.,http://id.loc.gov/authorities/subjects/sh87005368,Charisma (Personality trait),charm_M1,She had a devilish charm.,http://id.loc.gov/authorities/subjects/sh87005368,Charisma (Personality trait),True,0.0,1,0.012913048267364502,,0.062950611,0.057939589,1075,True,6.980075941,7.463942957,Polysemy,N,True,evdgzy3cvj,225,36
charm,M2_b_M1_b,charm_M2,She had a good-luck charm.,http://id.loc.gov/authorities/subjects/sh85004685,Amulets,charm_M1,She had a natural charm.,http://id.loc.gov/authorities/subjects/sh87005368,Charisma (Personality trait),False,7.0,0,0.5732523202896118,,0.672413886,0.098940611,1474,True,7.295735073,7.188834038,Polysemy,N,False,0jrp4p98ro,61,36
charm,M2_a_M2_b,charm_M2,She had a gold charm.,http://id.loc.gov/authorities/subjects/sh85004685,Amulets,charm_M2,She had a good-luck charm.,http://id.loc.gov/authorities/subjects/sh85004685,Amulets,True,0.0,1,0.030008256435394287,,0.616652161,0.07942915,870,True,6.768493212,7.377735543,Polysemy,N,True,koccaak1qr,71,36
charm,M1_a_M1_b,charm_M1,She had a devilish charm.,http://id.loc.gov/authorities/subjects/sh87005368,Charisma (Personality trait),charm_M1,She had a natural charm.,http://id.loc.gov/authorities/subjects/sh87005368,Charisma (Personality trait),True,0.0,1,0.012913048267364502,,0.062950611,0.057939589,993,True,6.900730664,7.188834038,Polysemy,N,True,tfq4ylwp1x,219,36
charm,M2_b_M1_b,charm_M2,She had a good-luck charm.,http://id.loc.gov/authorities/subjects/sh85004685,Amulets,charm_M1,She had a natural charm.,http://id.loc.gov/authorities/subjects/sh87005368,Charisma (Personality trait),False,7.0,0,0.5732523202896118,,0.672413886,0.098940611,1292,False,7.163946684,7.188834038,Polysemy,N,False,nuoxoyemfp,129,36
charm,M2_a_M1_a,charm_M2,She had a gold charm.,http://id.loc.gov/authorities/subjects/sh85004685,Amulets,charm_M1,She had a devilish charm.,http://id.loc.gov/authorities/subjects/sh87005368,Charisma (Personality trait),False,7.0,0,0.5732523202896118,,0.240996659,0.110680997,2086,True,7.643003636,7.463942957,Polysemy,N,False,lt0kapj5fz,213,36
charm,M1_b_M1_a,charm_M1,She had a natural charm.,http://id.loc.gov/authorities/subjects/sh87005368,Charisma (Personality trait),charm_M1,She had a devilish charm.,http://id.loc.gov/authorities/subjects/sh87005368,Charisma (Personality trait),True,0.0,1,0.012913048267364502,,0.062950611,0.057939589,696,True,6.54534966,7.463942957,Polysemy,N,True,69bk8m4fc2,225,36
charm,M2_a_M1_b,charm_M2,She had a gold charm.,http://id.loc.gov/authorities/subjects/sh85004685,Amulets,charm_M1,She had a natural charm.,http://id.loc.gov/authorities/subjects/sh87005368,Charisma (Personality trait),False,7.0,0,0.5732523202896118,,0.244825065,0.154701471,1608,False,7.38274645,7.188834038,Polysemy,N,False,j9vhr9vzec,97,36
charm,M1_a_M1_b,charm_M1,She had a devilish charm.,http://id.loc.gov/authorities/subjects/sh87005368,Charisma (Personality trait),charm_M1,She had a natural charm.,http://id.loc.gov/authorities/subjects/sh87005368,Charisma (Personality trait),True,0.0,1,0.012913048267364502,,0.062950611,0.057939589,1487,True,7.304515946,7.188834038,Polysemy,N,True,kfp2rkd57s,45,36
charm,M1_b_M2_b,charm_M1,She had a natural charm.,http://id.loc.gov/authorities/subjects/sh87005368,Charisma (Personality trait),charm_M2,She had a good-luck charm.,http://id.loc.gov/authorities/subjects/sh85004685,Amulets,False,7.0,0,0.5732523202896118,,0.672413886,0.098940611,851,True,6.746412129,7.377735543,Polysemy,N,False,p5fm86046c,59,36
charm,M2_a_M2_b,charm_M2,She had a gold charm.,http://id.loc.gov/authorities/subjects/sh85004685,Amulets,charm_M2,She had a good-luck charm.,http://id.loc.gov/authorities/subjects/sh85004685,Amulets,True,0.0,1,0.030008256435394287,,0.616652161,0.07942915,867,True,6.765038977,7.377735543,Polysemy,N,True,1lzneddpkq,93,36
charm,M1_b_M1_a,charm_M1,She had a natural charm.,http://id.loc.gov/authorities/subjects/sh87005368,Charisma (Personality trait),charm_M1,She had a devilish charm.,http://id.loc.gov/authorities/subjects/sh87005368,Charisma (Personality trait),True,0.0,1,0.012913048267364502,,0.062950611,0.057939589,973,True,6.880384082,7.463942957,Polysemy,N,True,gdwec44k4r,157,36
charm,M1_b_M2_b,charm_M1,She had a natural charm.,http://id.loc.gov/authorities/subjects/sh87005368,Charisma (Personality trait),charm_M2,She had a good-luck charm.,http://id.loc.gov/authorities/subjects/sh85004685,Amulets,False,7.0,0,0.5732523202896118,,0.672413886,0.098940611,915,True,6.818924065,7.377735543,Polysemy,N,False,z02r2dprrd,115,36
charm,M2_a_M1_b,charm_M2,She had a gold charm.,http://id.loc.gov/authorities/subjects/sh85004685,Amulets,charm_M1,She had a natural charm.,http://id.loc.gov/authorities/subjects/sh87005368,Charisma (Personality trait),False,7.0,0,0.5732523202896118,,0.244825065,0.154701471,1743,False,7.463363046,7.188834038,Polysemy,N,False,tra6y98mle,59,36
charm,M1_b_M2_b,charm_M1,She had a natural charm.,http://id.loc.gov/authorities/subjects/sh87005368,Charisma (Personality trait),charm_M2,She had a good-luck charm.,http://id.loc.gov/authorities/subjects/sh85004685,Amulets,False,7.0,0,0.5732523202896118,,0.672413886,0.098940611,1515,True,7.323170718,7.377735543,Polysemy,N,False,w7t2pcpr1z,187,36
charm,M2_b_M2_a,charm_M2,She had a good-luck charm.,http://id.loc.gov/authorities/subjects/sh85004685,Amulets,charm_M2,She had a gold charm.,http://id.loc.gov/authorities/subjects/sh85004685,Amulets,True,0.0,1,0.030008256435394287,,0.616652161,0.07942915,1161,True,7.057036982,7.343518568,Polysemy,N,True,emcqel00x3,161,36
charm,M2_a_M1_a,charm_M2,She had a gold charm.,http://id.loc.gov/authorities/subjects/sh85004685,Amulets,charm_M1,She had a devilish charm.,http://id.loc.gov/authorities/subjects/sh87005368,Charisma (Personality trait),False,7.0,0,0.5732523202896118,,0.240996659,0.110680997,905,True,6.807934944,7.463942957,Polysemy,N,False,ja9zqgwnkl,223,36
charm,M1_b_M2_a,charm_M1,She had a natural charm.,http://id.loc.gov/authorities/subjects/sh87005368,Charisma (Personality trait),charm_M2,She had a gold charm.,http://id.loc.gov/authorities/subjects/sh85004685,Amulets,False,7.0,0,0.5732523202896118,,0.244825065,0.154701471,888,False,6.788971743,7.343518568,Polysemy,N,False,zjgl4twyhs,43,36
charm,M2_b_M2_a,charm_M2,She had a good-luck charm.,http://id.loc.gov/authorities/subjects/sh85004685,Amulets,charm_M2,She had a gold charm.,http://id.loc.gov/authorities/subjects/sh85004685,Amulets,True,0.0,1,0.030008256435394287,,0.616652161,0.07942915,1240,True,7.122866659,7.343518568,Polysemy,N,True,hs560646yd,81,36
charm,M1_b_M2_a,charm_M1,She had a natural charm.,http://id.loc.gov/authorities/subjects/sh87005368,Charisma (Personality trait),charm_M2,She had a gold charm.,http://id.loc.gov/authorities/subjects/sh85004685,Amulets,False,7.0,0,0.5732523202896118,,0.244825065,0.154701471,1988,True,7.594884387,7.343518568,Polysemy,N,False,mketfayzl8,87,36
charm,M1_b_M1_a,charm_M1,She had a natural charm.,http://id.loc.gov/authorities/subjects/sh87005368,Charisma (Personality trait),charm_M1,She had a devilish charm.,http://id.loc.gov/authorities/subjects/sh87005368,Charisma (Personality trait),True,0.0,1,0.012913048267364502,,0.062950611,0.057939589,776,True,6.65415252,7.463942957,Polysemy,N,True,bcycp1bevl,251,36
charm,M1_a_M2_a,charm_M1,She had a devilish charm.,http://id.loc.gov/authorities/subjects/sh87005368,Charisma (Personality trait),charm_M2,She had a gold charm.,http://id.loc.gov/authorities/subjects/sh85004685,Amulets,False,7.0,0,0.5732523202896118,,0.240996659,0.110680997,924,False,6.828712072,7.343518568,Polysemy,N,False,gdlhwqulft,111,36
charm,M1_a_M2_b,charm_M1,She had a devilish charm.,http://id.loc.gov/authorities/subjects/sh87005368,Charisma (Personality trait),charm_M2,She had a good-luck charm.,http://id.loc.gov/authorities/subjects/sh85004685,Amulets,False,7.0,0,0.5732523202896118,,0.661765426,0.036620796,678,True,6.519147288,7.377735543,Polysemy,N,False,aekg0u74jn,195,36
charm,M2_a_M1_b,charm_M2,She had a gold charm.,http://id.loc.gov/authorities/subjects/sh85004685,Amulets,charm_M1,She had a natural charm.,http://id.loc.gov/authorities/subjects/sh87005368,Charisma (Personality trait),False,7.0,0,0.5732523202896118,,0.244825065,0.154701471,1305,True,7.17395832,7.188834038,Polysemy,N,False,prlu1sa9my,219,36
charm,M2_b_M2_a,charm_M2,She had a good-luck charm.,http://id.loc.gov/authorities/subjects/sh85004685,Amulets,charm_M2,She had a gold charm.,http://id.loc.gov/authorities/subjects/sh85004685,Amulets,True,0.0,1,0.030008256435394287,,0.616652161,0.07942915,1099,True,7.002155954,7.343518568,Polysemy,N,True,79d4rp4wbh,129,36
charm,M1_a_M2_b,charm_M1,She had a devilish charm.,http://id.loc.gov/authorities/subjects/sh87005368,Charisma (Personality trait),charm_M2,She had a good-luck charm.,http://id.loc.gov/authorities/subjects/sh85004685,Amulets,False,7.0,0,0.5732523202896118,,0.661765426,0.036620796,679,True,6.520621128,7.377735543,Polysemy,N,False,2usccf4uxc,231,36
charm,M2_a_M2_b,charm_M2,She had a gold charm.,http://id.loc.gov/authorities/subjects/sh85004685,Amulets,charm_M2,She had a good-luck charm.,http://id.loc.gov/authorities/subjects/sh85004685,Amulets,True,0.0,1,0.030008256435394287,,0.616652161,0.07942915,1046,True,6.952728645,7.377735543,Polysemy,N,True,bqho6xb6vp,83,36
charm,M1_a_M2_b,charm_M1,She had a devilish charm.,http://id.loc.gov/authorities/subjects/sh87005368,Charisma (Personality trait),charm_M2,She had a good-luck charm.,http://id.loc.gov/authorities/subjects/sh85004685,Amulets,False,7.0,0,0.5732523202896118,,0.661765426,0.036620796,839,True,6.732210706,7.377735543,Polysemy,N,False,50rd5uu19e,173,36
charm,M1_b_M1_a,charm_M1,She had a natural charm.,http://id.loc.gov/authorities/subjects/sh87005368,Charisma (Personality trait),charm_M1,She had a devilish charm.,http://id.loc.gov/authorities/subjects/sh87005368,Charisma (Personality trait),True,0.0,1,0.012913048267364502,,0.062950611,0.057939589,2113,True,7.655864018,7.463942957,Polysemy,N,True,frqx6vw2d1,67,36
charm,M2_a_M1_a,charm_M2,She had a gold charm.,http://id.loc.gov/authorities/subjects/sh85004685,Amulets,charm_M1,She had a devilish charm.,http://id.loc.gov/authorities/subjects/sh87005368,Charisma (Personality trait),False,7.0,0,0.5732523202896118,,0.240996659,0.110680997,841,True,6.73459166,7.463942957,Polysemy,N,False,l4avquduxt,61,36
charm,M1_a_M1_b,charm_M1,She had a devilish charm.,http://id.loc.gov/authorities/subjects/sh87005368,Charisma (Personality trait),charm_M1,She had a natural charm.,http://id.loc.gov/authorities/subjects/sh87005368,Charisma (Personality trait),True,0.0,1,0.012913048267364502,,0.062950611,0.057939589,968,True,6.875232087,7.188834038,Polysemy,N,True,8tl61v5cpb,171,36
charm,M1_b_M2_b,charm_M1,She had a natural charm.,http://id.loc.gov/authorities/subjects/sh87005368,Charisma (Personality trait),charm_M2,She had a good-luck charm.,http://id.loc.gov/authorities/subjects/sh85004685,Amulets,False,7.0,0,0.5732523202896118,,0.672413886,0.098940611,1268,True,7.145196135,7.377735543,Polysemy,N,False,4edk6y2wlk,111,36
charm,M1_a_M2_b,charm_M1,She had a devilish charm.,http://id.loc.gov/authorities/subjects/sh87005368,Charisma (Personality trait),charm_M2,She had a good-luck charm.,http://id.loc.gov/authorities/subjects/sh85004685,Amulets,False,7.0,0,0.5732523202896118,,0.661765426,0.036620796,977,True,6.884486652,7.377735543,Polysemy,N,False,1qywoodmd2,187,36
charm,M1_a_M2_b,charm_M1,She had a devilish charm.,http://id.loc.gov/authorities/subjects/sh87005368,Charisma (Personality trait),charm_M2,She had a good-luck charm.,http://id.loc.gov/authorities/subjects/sh85004685,Amulets,False,7.0,0,0.5732523202896118,,0.661765426,0.036620796,1032,True,6.939253946,7.377735543,Polysemy,N,False,rrf38z917v,201,36
charm,M2_b_M1_a,charm_M2,She had a good-luck charm.,http://id.loc.gov/authorities/subjects/sh85004685,Amulets,charm_M1,She had a devilish charm.,http://id.loc.gov/authorities/subjects/sh87005368,Charisma (Personality trait),False,7.0,0,0.5732523202896118,,0.661765426,0.036620796,1616,True,7.387709239,7.463942957,Polysemy,N,False,1wzodbsf7y,41,36
charm,M2_a_M1_b,charm_M2,She had a gold charm.,http://id.loc.gov/authorities/subjects/sh85004685,Amulets,charm_M1,She had a natural charm.,http://id.loc.gov/authorities/subjects/sh87005368,Charisma (Personality trait),False,7.0,0,0.5732523202896118,,0.244825065,0.154701471,724,True,6.584791392,7.188834038,Polysemy,N,False,dcy113hjjm,223,36
charm,M1_b_M2_b,charm_M1,She had a natural charm.,http://id.loc.gov/authorities/subjects/sh87005368,Charisma (Personality trait),charm_M2,She had a good-luck charm.,http://id.loc.gov/authorities/subjects/sh85004685,Amulets,False,7.0,0,0.5732523202896118,,0.672413886,0.098940611,634,True,6.452048954,7.377735543,Polysemy,N,False,xesfu0h98k,181,36
charm,M1_b_M1_a,charm_M1,She had a natural charm.,http://id.loc.gov/authorities/subjects/sh87005368,Charisma (Personality trait),charm_M1,She had a devilish charm.,http://id.loc.gov/authorities/subjects/sh87005368,Charisma (Personality trait),True,0.0,1,0.012913048267364502,,0.062950611,0.057939589,660,True,6.492239835,7.463942957,Polysemy,N,True,h0th05ppt7,207,36
charm,M1_b_M2_b,charm_M1,She had a natural charm.,http://id.loc.gov/authorities/subjects/sh87005368,Charisma (Personality trait),charm_M2,She had a good-luck charm.,http://id.loc.gov/authorities/subjects/sh85004685,Amulets,False,7.0,0,0.5732523202896118,,0.672413886,0.098940611,2087,True,7.643482907,7.377735543,Polysemy,N,False,bacqef0gje,29,36
charm,M1_a_M2_a,charm_M1,She had a devilish charm.,http://id.loc.gov/authorities/subjects/sh87005368,Charisma (Personality trait),charm_M2,She had a gold charm.,http://id.loc.gov/authorities/subjects/sh85004685,Amulets,False,7.0,0,0.5732523202896118,,0.240996659,0.110680997,2127,False,7.662467815,7.343518568,Polysemy,N,False,ea54kkhdyv,129,36
charm,M2_a_M2_b,charm_M2,She had a gold charm.,http://id.loc.gov/authorities/subjects/sh85004685,Amulets,charm_M2,She had a good-luck charm.,http://id.loc.gov/authorities/subjects/sh85004685,Amulets,True,0.0,1,0.030008256435394287,,0.616652161,0.07942915,1509,True,7.319202459,7.377735543,Polysemy,N,True,5jdbzv6v5c,99,36
charm,M2_a_M2_b,charm_M2,She had a gold charm.,http://id.loc.gov/authorities/subjects/sh85004685,Amulets,charm_M2,She had a good-luck charm.,http://id.loc.gov/authorities/subjects/sh85004685,Amulets,True,0.0,1,0.030008256435394287,,0.616652161,0.07942915,720,True,6.579251212,7.377735543,Polysemy,N,True,p7h7xsjj50,109,36
charm,M1_b_M1_a,charm_M1,She had a natural charm.,http://id.loc.gov/authorities/subjects/sh87005368,Charisma (Personality trait),charm_M1,She had a devilish charm.,http://id.loc.gov/authorities/subjects/sh87005368,Charisma (Personality trait),True,0.0,1,0.012913048267364502,,0.062950611,0.057939589,1423,False,7.260522598,7.463942957,Polysemy,N,True,7poq0nl7yt,225,36
charm,M1_b_M2_a,charm_M1,She had a natural charm.,http://id.loc.gov/authorities/subjects/sh87005368,Charisma (Personality trait),charm_M2,She had a gold charm.,http://id.loc.gov/authorities/subjects/sh85004685,Amulets,False,7.0,0,0.5732523202896118,,0.244825065,0.154701471,847,True,6.741700695,7.343518568,Polysemy,N,False,a0u2yg5j7e,127,36
charm,M2_b_M1_b,charm_M2,She had a good-luck charm.,http://id.loc.gov/authorities/subjects/sh85004685,Amulets,charm_M1,She had a natural charm.,http://id.loc.gov/authorities/subjects/sh87005368,Charisma (Personality trait),False,7.0,0,0.5732523202896118,,0.672413886,0.098940611,1301,True,7.170888479,7.188834038,Polysemy,N,False,11pz67y2jv,203,36
charm,M1_a_M2_a,charm_M1,She had a devilish charm.,http://id.loc.gov/authorities/subjects/sh87005368,Charisma (Personality trait),charm_M2,She had a gold charm.,http://id.loc.gov/authorities/subjects/sh85004685,Amulets,False,7.0,0,0.5732523202896118,,0.240996659,0.110680997,773,True,6.650279049,7.343518568,Polysemy,N,False,tzstmyxntu,225,36
charm,M1_a_M2_a,charm_M1,She had a devilish charm.,http://id.loc.gov/authorities/subjects/sh87005368,Charisma (Personality trait),charm_M2,She had a gold charm.,http://id.loc.gov/authorities/subjects/sh85004685,Amulets,False,7.0,0,0.5732523202896118,,0.240996659,0.110680997,1165,False,7.060476366,7.343518568,Polysemy,N,False,3uxmxe02py,141,36
charm,M2_a_M2_b,charm_M2,She had a gold charm.,http://id.loc.gov/authorities/subjects/sh85004685,Amulets,charm_M2,She had a good-luck charm.,http://id.loc.gov/authorities/subjects/sh85004685,Amulets,True,0.0,1,0.030008256435394287,,0.616652161,0.07942915,949,True,6.855408799,7.377735543,Polysemy,N,True,guqltyqrjz,79,36
charm,M2_a_M1_b,charm_M2,She had a gold charm.,http://id.loc.gov/authorities/subjects/sh85004685,Amulets,charm_M1,She had a natural charm.,http://id.loc.gov/authorities/subjects/sh87005368,Charisma (Personality trait),False,7.0,0,0.5732523202896118,,0.244825065,0.154701471,1672,True,7.421775794,7.188834038,Polysemy,N,False,jwcxuk91x6,211,36
charm,M2_a_M1_a,charm_M2,She had a gold charm.,http://id.loc.gov/authorities/subjects/sh85004685,Amulets,charm_M1,She had a devilish charm.,http://id.loc.gov/authorities/subjects/sh87005368,Charisma (Personality trait),False,7.0,0,0.5732523202896118,,0.240996659,0.110680997,1396,True,7.241366283,7.463942957,Polysemy,N,False,y52zt9vjyf,215,36
charm,M1_b_M2_a,charm_M1,She had a natural charm.,http://id.loc.gov/authorities/subjects/sh87005368,Charisma (Personality trait),charm_M2,She had a gold charm.,http://id.loc.gov/authorities/subjects/sh85004685,Amulets,False,7.0,0,0.5732523202896118,,0.244825065,0.154701471,913,True,6.816735881,7.343518568,Polysemy,N,False,va3hb1mkox,117,36
charm,M2_b_M2_a,charm_M2,She had a good-luck charm.,http://id.loc.gov/authorities/subjects/sh85004685,Amulets,charm_M2,She had a gold charm.,http://id.loc.gov/authorities/subjects/sh85004685,Amulets,True,0.0,1,0.030008256435394287,,0.616652161,0.07942915,904,True,6.80682936,7.343518568,Polysemy,N,True,rln6tvgsn6,33,36
charm,M1_b_M2_a,charm_M1,She had a natural charm.,http://id.loc.gov/authorities/subjects/sh87005368,Charisma (Personality trait),charm_M2,She had a gold charm.,http://id.loc.gov/authorities/subjects/sh85004685,Amulets,False,7.0,0,0.5732523202896118,,0.244825065,0.154701471,847,False,6.741700695,7.343518568,Polysemy,N,False,kzt7mhlhq0,203,36
charm,M1_b_M1_a,charm_M1,She had a natural charm.,http://id.loc.gov/authorities/subjects/sh87005368,Charisma (Personality trait),charm_M1,She had a devilish charm.,http://id.loc.gov/authorities/subjects/sh87005368,Charisma (Personality trait),True,0.0,1,0.012913048267364502,,0.062950611,0.057939589,1560,True,7.3524411,7.463942957,Polysemy,N,True,14y9ru14du,177,36
charm,M2_b_M2_a,charm_M2,She had a good-luck charm.,http://id.loc.gov/authorities/subjects/sh85004685,Amulets,charm_M2,She had a gold charm.,http://id.loc.gov/authorities/subjects/sh85004685,Amulets,True,0.0,1,0.030008256435394287,,0.616652161,0.07942915,1250,True,7.13089883,7.343518568,Polysemy,N,True,ylr2c47dx9,87,36
charm,M1_b_M2_b,charm_M1,She had a natural charm.,http://id.loc.gov/authorities/subjects/sh87005368,Charisma (Personality trait),charm_M2,She had a good-luck charm.,http://id.loc.gov/authorities/subjects/sh85004685,Amulets,False,7.0,0,0.5732523202896118,,0.672413886,0.098940611,1109,True,7.011213987,7.377735543,Polysemy,N,False,abcwwk8j44,169,36
charm,M1_a_M2_b,charm_M1,She had a devilish charm.,http://id.loc.gov/authorities/subjects/sh87005368,Charisma (Personality trait),charm_M2,She had a good-luck charm.,http://id.loc.gov/authorities/subjects/sh85004685,Amulets,False,7.0,0,0.5732523202896118,,0.661765426,0.036620796,834,True,6.726233402,7.377735543,Polysemy,N,False,ppv7uctwr1,127,36
charm,M1_a_M2_b,charm_M1,She had a devilish charm.,http://id.loc.gov/authorities/subjects/sh87005368,Charisma (Personality trait),charm_M2,She had a good-luck charm.,http://id.loc.gov/authorities/subjects/sh85004685,Amulets,False,7.0,0,0.5732523202896118,,0.661765426,0.036620796,1168,True,7.063048163,7.377735543,Polysemy,N,False,awnat83w0r,223,36
charm,M2_a_M2_b,charm_M2,She had a gold charm.,http://id.loc.gov/authorities/subjects/sh85004685,Amulets,charm_M2,She had a good-luck charm.,http://id.loc.gov/authorities/subjects/sh85004685,Amulets,True,0.0,1,0.030008256435394287,,0.616652161,0.07942915,620,True,6.429719478,7.377735543,Polysemy,N,True,zsds20jhhb,91,36
charm,M2_b_M1_b,charm_M2,She had a good-luck charm.,http://id.loc.gov/authorities/subjects/sh85004685,Amulets,charm_M1,She had a natural charm.,http://id.loc.gov/authorities/subjects/sh87005368,Charisma (Personality trait),False,7.0,0,0.5732523202896118,,0.672413886,0.098940611,1289,True,7.161622003,7.188834038,Polysemy,N,False,6lbv5uhykm,105,36
charm,M1_b_M2_a,charm_M1,She had a natural charm.,http://id.loc.gov/authorities/subjects/sh87005368,Charisma (Personality trait),charm_M2,She had a gold charm.,http://id.loc.gov/authorities/subjects/sh85004685,Amulets,False,7.0,0,0.5732523202896118,,0.244825065,0.154701471,830,False,6.721425701,7.343518568,Polysemy,N,False,9xyz8zlap8,81,36
charm,M1_a_M1_b,charm_M1,She had a devilish charm.,http://id.loc.gov/authorities/subjects/sh87005368,Charisma (Personality trait),charm_M1,She had a natural charm.,http://id.loc.gov/authorities/subjects/sh87005368,Charisma (Personality trait),True,0.0,1,0.012913048267364502,,0.062950611,0.057939589,1171,True,7.065613364,7.188834038,Polysemy,N,True,r1c2epbxzl,121,36
charm,M2_a_M2_b,charm_M2,She had a gold charm.,http://id.loc.gov/authorities/subjects/sh85004685,Amulets,charm_M2,She had a good-luck charm.,http://id.loc.gov/authorities/subjects/sh85004685,Amulets,True,0.0,1,0.030008256435394287,,0.616652161,0.07942915,861,True,6.758094504,7.377735543,Polysemy,N,True,4e6rrg22h5,71,36
charm,M1_b_M1_a,charm_M1,She had a natural charm.,http://id.loc.gov/authorities/subjects/sh87005368,Charisma (Personality trait),charm_M1,She had a devilish charm.,http://id.loc.gov/authorities/subjects/sh87005368,Charisma (Personality trait),True,0.0,1,0.012913048267364502,,0.062950611,0.057939589,1016,True,6.923628628,7.463942957,Polysemy,N,True,xxh77u2udt,139,36
charm,M1_b_M2_a,charm_M1,She had a natural charm.,http://id.loc.gov/authorities/subjects/sh87005368,Charisma (Personality trait),charm_M2,She had a gold charm.,http://id.loc.gov/authorities/subjects/sh85004685,Amulets,False,7.0,0,0.5732523202896118,,0.244825065,0.154701471,2184,True,7.688913337,7.343518568,Polysemy,N,False,jls43v8rj0,51,36
charm,M1_a_M2_a,charm_M1,She had a devilish charm.,http://id.loc.gov/authorities/subjects/sh87005368,Charisma (Personality trait),charm_M2,She had a gold charm.,http://id.loc.gov/authorities/subjects/sh85004685,Amulets,False,7.0,0,0.5732523202896118,,0.240996659,0.110680997,614,True,6.419994928,7.343518568,Polysemy,N,False,ne1wq8w4qw,157,36
charm,M1_a_M2_a,charm_M1,She had a devilish charm.,http://id.loc.gov/authorities/subjects/sh87005368,Charisma (Personality trait),charm_M2,She had a gold charm.,http://id.loc.gov/authorities/subjects/sh85004685,Amulets,False,7.0,0,0.5732523202896118,,0.240996659,0.110680997,1136,True,7.035268599,7.343518568,Polysemy,N,False,rxphbopbuk,223,36
charm,M1_a_M1_b,charm_M1,She had a devilish charm.,http://id.loc.gov/authorities/subjects/sh87005368,Charisma (Personality trait),charm_M1,She had a natural charm.,http://id.loc.gov/authorities/subjects/sh87005368,Charisma (Personality trait),True,0.0,1,0.012913048267364502,,0.062950611,0.057939589,1618,True,7.388946098,7.188834038,Polysemy,N,True,lpduruhrnk,101,36
charm,M1_a_M2_a,charm_M1,She had a devilish charm.,http://id.loc.gov/authorities/subjects/sh87005368,Charisma (Personality trait),charm_M2,She had a gold charm.,http://id.loc.gov/authorities/subjects/sh85004685,Amulets,False,7.0,0,0.5732523202896118,,0.240996659,0.110680997,547,True,6.304448802,7.343518568,Polysemy,N,False,uaydq1djrs,79,36
charm,M1_b_M2_b,charm_M1,She had a natural charm.,http://id.loc.gov/authorities/subjects/sh87005368,Charisma (Personality trait),charm_M2,She had a good-luck charm.,http://id.loc.gov/authorities/subjects/sh85004685,Amulets,False,7.0,0,0.5732523202896118,,0.672413886,0.098940611,776,True,6.65415252,7.377735543,Polysemy,N,False,auc5fln1ss,235,36
charm,M2_b_M1_b,charm_M2,She had a good-luck charm.,http://id.loc.gov/authorities/subjects/sh85004685,Amulets,charm_M1,She had a natural charm.,http://id.loc.gov/authorities/subjects/sh87005368,Charisma (Personality trait),False,7.0,0,0.5732523202896118,,0.672413886,0.098940611,1071,True,6.97634807,7.188834038,Polysemy,N,False,sufdrtgf9g,209,36
appeal,M2_b_M2_a,appeal_M2,He had a pending appeal.,http://id.loc.gov/authorities/subjects/sh85006085,Appellate procedure,appeal_M2,He had a legal appeal.,http://id.loc.gov/authorities/subjects/sh85006085,Appellate procedure,True,0.0,1,0.0211867094039917,,0.098901391,0.060672343,806,True,6.692083743,7.435252683,Polysemy,N,True,qck08emfde,95,33
appeal,M1_a_M2_a,appeal_M1,He had a universal appeal.,http://id.loc.gov/authorities/subjects/sh87005368,Charisma (Personality trait),appeal_M2,He had a legal appeal.,http://id.loc.gov/authorities/subjects/sh85006085,Appellate procedure,False,13.0,0,0.5910401344299316,,0.370739162,0.108166337,1087,True,6.991176887,7.435252683,Polysemy,N,False,u6tgegpyj0,121,33
appeal,M2_a_M2_b,appeal_M2,He had a legal appeal.,http://id.loc.gov/authorities/subjects/sh85006085,Appellate procedure,appeal_M2,He had a pending appeal.,http://id.loc.gov/authorities/subjects/sh85006085,Appellate procedure,True,0.0,1,0.0211867094039917,,0.098901391,0.060672343,1279,True,7.153833802,7.423902714,Polysemy,N,True,78f1p4m7t2,141,33
appeal,M2_b_M2_a,appeal_M2,He had a pending appeal.,http://id.loc.gov/authorities/subjects/sh85006085,Appellate procedure,appeal_M2,He had a legal appeal.,http://id.loc.gov/authorities/subjects/sh85006085,Appellate procedure,True,0.0,1,0.0211867094039917,,0.098901391,0.060672343,1218,True,7.104965448,7.435252683,Polysemy,N,True,1vz3fdcvtw,99,33
appeal,M2_a_M1_a,appeal_M2,He had a legal appeal.,http://id.loc.gov/authorities/subjects/sh85006085,Appellate procedure,appeal_M1,He had a universal appeal.,http://id.loc.gov/authorities/subjects/sh87005368,Charisma (Personality trait),False,13.0,0,0.5910401344299316,,0.370739162,0.108166337,1131,False,7.030857476,7.460489614,Polysemy,N,False,mwacu22792,221,33
appeal,M1_b_M2_a,appeal_M1,He had an undefinable appeal.,http://id.loc.gov/authorities/subjects/sh87005368,Charisma (Personality trait),appeal_M2,He had a legal appeal.,http://id.loc.gov/authorities/subjects/sh85006085,Appellate procedure,False,13.0,0,0.5910401344299316,,0.398581862,0.13264215,672,True,6.510258341,7.435252683,Polysemy,N,False,np8fheoehh,113,33
appeal,M2_a_M1_a,appeal_M2,He had a legal appeal.,http://id.loc.gov/authorities/subjects/sh85006085,Appellate procedure,appeal_M1,He had a universal appeal.,http://id.loc.gov/authorities/subjects/sh87005368,Charisma (Personality trait),False,13.0,0,0.5910401344299316,,0.370739162,0.108166337,1204,True,7.093404626,7.460489614,Polysemy,N,False,jjpm6guwej,55,33
appeal,M1_b_M1_a,appeal_M1,He had an undefinable appeal.,http://id.loc.gov/authorities/subjects/sh87005368,Charisma (Personality trait),appeal_M1,He had a universal appeal.,http://id.loc.gov/authorities/subjects/sh87005368,Charisma (Personality trait),True,0.0,1,0.008003294467926025,,0.120313466,0.045355678,1739,True,7.461065514,7.460489614,Polysemy,N,True,ael4gl3t9n,145,33
appeal,M1_b_M1_a,appeal_M1,He had an undefinable appeal.,http://id.loc.gov/authorities/subjects/sh87005368,Charisma (Personality trait),appeal_M1,He had a universal appeal.,http://id.loc.gov/authorities/subjects/sh87005368,Charisma (Personality trait),True,0.0,1,0.008003294467926025,,0.120313466,0.045355678,968,True,6.875232087,7.460489614,Polysemy,N,True,bjdam1cm56,237,33
appeal,M1_b_M2_b,appeal_M1,He had an undefinable appeal.,http://id.loc.gov/authorities/subjects/sh87005368,Charisma (Personality trait),appeal_M2,He had a pending appeal.,http://id.loc.gov/authorities/subjects/sh85006085,Appellate procedure,False,13.0,0,0.5910401344299316,,0.4461236,0.182452857,1008,False,6.915723449,7.423902714,Polysemy,N,False,op2dnqu0a7,141,33
appeal,M1_b_M2_b,appeal_M1,He had an undefinable appeal.,http://id.loc.gov/authorities/subjects/sh87005368,Charisma (Personality trait),appeal_M2,He had a pending appeal.,http://id.loc.gov/authorities/subjects/sh85006085,Appellate procedure,False,13.0,0,0.5910401344299316,,0.4461236,0.182452857,1595,False,7.374629015,7.423902714,Polysemy,N,False,gl71hqusr0,37,33
appeal,M1_a_M2_a,appeal_M1,He had a universal appeal.,http://id.loc.gov/authorities/subjects/sh87005368,Charisma (Personality trait),appeal_M2,He had a legal appeal.,http://id.loc.gov/authorities/subjects/sh85006085,Appellate procedure,False,13.0,0,0.5910401344299316,,0.370739162,0.108166337,919,True,6.823286122,7.435252683,Polysemy,N,False,b3kl0cgv2r,73,33
appeal,M2_a_M2_b,appeal_M2,He had a legal appeal.,http://id.loc.gov/authorities/subjects/sh85006085,Appellate procedure,appeal_M2,He had a pending appeal.,http://id.loc.gov/authorities/subjects/sh85006085,Appellate procedure,True,0.0,1,0.0211867094039917,,0.098901391,0.060672343,1294,True,7.165493475,7.423902714,Polysemy,N,True,ze8q4rklbg,167,33
appeal,M2_b_M1_b,appeal_M2,He had a pending appeal.,http://id.loc.gov/authorities/subjects/sh85006085,Appellate procedure,appeal_M1,He had an undefinable appeal.,http://id.loc.gov/authorities/subjects/sh87005368,Charisma (Personality trait),False,13.0,0,0.5910401344299316,,0.4461236,0.182452857,1271,False,7.147559271,7.677849762,Polysemy,N,False,4c5xx9azr7,67,33
appeal,M1_a_M1_b,appeal_M1,He had a universal appeal.,http://id.loc.gov/authorities/subjects/sh87005368,Charisma (Personality trait),appeal_M1,He had an undefinable appeal.,http://id.loc.gov/authorities/subjects/sh87005368,Charisma (Personality trait),True,0.0,1,0.008003294467926025,,0.120313466,0.045355678,1520,False,7.326465614,7.677849762,Polysemy,N,True,36hk5eeq3x,165,33
appeal,M2_b_M2_a,appeal_M2,He had a pending appeal.,http://id.loc.gov/authorities/subjects/sh85006085,Appellate procedure,appeal_M2,He had a legal appeal.,http://id.loc.gov/authorities/subjects/sh85006085,Appellate procedure,True,0.0,1,0.0211867094039917,,0.098901391,0.060672343,896,True,6.797940413,7.435252683,Polysemy,N,True,hdquts93lv,161,33
appeal,M1_b_M2_a,appeal_M1,He had an undefinable appeal.,http://id.loc.gov/authorities/subjects/sh87005368,Charisma (Personality trait),appeal_M2,He had a legal appeal.,http://id.loc.gov/authorities/subjects/sh85006085,Appellate procedure,False,13.0,0,0.5910401344299316,,0.398581862,0.13264215,1031,True,6.938284484,7.435252683,Polysemy,N,False,y8z6hxvply,111,33
appeal,M1_a_M2_a,appeal_M1,He had a universal appeal.,http://id.loc.gov/authorities/subjects/sh87005368,Charisma (Personality trait),appeal_M2,He had a legal appeal.,http://id.loc.gov/authorities/subjects/sh85006085,Appellate procedure,False,13.0,0,0.5910401344299316,,0.370739162,0.108166337,906,True,6.809039306,7.435252683,Polysemy,N,False,kha24hryvm,103,33
appeal,M1_a_M1_b,appeal_M1,He had a universal appeal.,http://id.loc.gov/authorities/subjects/sh87005368,Charisma (Personality trait),appeal_M1,He had an undefinable appeal.,http://id.loc.gov/authorities/subjects/sh87005368,Charisma (Personality trait),True,0.0,1,0.008003294467926025,,0.120313466,0.045355678,2754,True,7.920809679,7.677849762,Polysemy,N,True,3lr2j29be7,67,33
appeal,M2_b_M1_a,appeal_M2,He had a pending appeal.,http://id.loc.gov/authorities/subjects/sh85006085,Appellate procedure,appeal_M1,He had a universal appeal.,http://id.loc.gov/authorities/subjects/sh87005368,Charisma (Personality trait),False,13.0,0,0.5910401344299316,,0.430851221,0.150558531,1525,True,7.329749689,7.460489614,Polysemy,N,False,se4vr7yp8v,113,33
appeal,M2_a_M2_b,appeal_M2,He had a legal appeal.,http://id.loc.gov/authorities/subjects/sh85006085,Appellate procedure,appeal_M2,He had a pending appeal.,http://id.loc.gov/authorities/subjects/sh85006085,Appellate procedure,True,0.0,1,0.0211867094039917,,0.098901391,0.060672343,1069,True,6.974478911,7.423902714,Polysemy,N,True,r5r8zoalta,159,33
appeal,M1_b_M2_b,appeal_M1,He had an undefinable appeal.,http://id.loc.gov/authorities/subjects/sh87005368,Charisma (Personality trait),appeal_M2,He had a pending appeal.,http://id.loc.gov/authorities/subjects/sh85006085,Appellate procedure,False,13.0,0,0.5910401344299316,,0.4461236,0.182452857,1691,True,7.433075349,7.423902714,Polysemy,N,False,961ytz4h4r,61,33
appeal,M1_a_M2_a,appeal_M1,He had a universal appeal.,http://id.loc.gov/authorities/subjects/sh87005368,Charisma (Personality trait),appeal_M2,He had a legal appeal.,http://id.loc.gov/authorities/subjects/sh85006085,Appellate procedure,False,13.0,0,0.5910401344299316,,0.370739162,0.108166337,1213,True,7.100851909,7.435252683,Polysemy,N,False,evdgzy3cvj,59,33
appeal,M1_a_M2_a,appeal_M1,He had a universal appeal.,http://id.loc.gov/authorities/subjects/sh87005368,Charisma (Personality trait),appeal_M2,He had a legal appeal.,http://id.loc.gov/authorities/subjects/sh85006085,Appellate procedure,False,13.0,0,0.5910401344299316,,0.370739162,0.108166337,1335,True,7.196686571,7.435252683,Polysemy,N,False,meoc92246n,217,33
appeal,M2_a_M2_b,appeal_M2,He had a legal appeal.,http://id.loc.gov/authorities/subjects/sh85006085,Appellate procedure,appeal_M2,He had a pending appeal.,http://id.loc.gov/authorities/subjects/sh85006085,Appellate procedure,True,0.0,1,0.0211867094039917,,0.098901391,0.060672343,833,True,6.725033642,7.423902714,Polysemy,N,True,0jrp4p98ro,197,33
appeal,M1_a_M2_b,appeal_M1,He had a universal appeal.,http://id.loc.gov/authorities/subjects/sh87005368,Charisma (Personality trait),appeal_M2,He had a pending appeal.,http://id.loc.gov/authorities/subjects/sh85006085,Appellate procedure,False,13.0,0,0.5910401344299316,,0.430851221,0.150558531,1523,True,7.328437353,7.423902714,Polysemy,N,False,koccaak1qr,151,33
appeal,M1_b_M2_a,appeal_M1,He had an undefinable appeal.,http://id.loc.gov/authorities/subjects/sh87005368,Charisma (Personality trait),appeal_M2,He had a legal appeal.,http://id.loc.gov/authorities/subjects/sh85006085,Appellate procedure,False,13.0,0,0.5910401344299316,,0.398581862,0.13264215,2084,True,7.642044403,7.435252683,Polysemy,N,False,69bk8m4fc2,111,33
appeal,M1_a_M2_b,appeal_M1,He had a universal appeal.,http://id.loc.gov/authorities/subjects/sh87005368,Charisma (Personality trait),appeal_M2,He had a pending appeal.,http://id.loc.gov/authorities/subjects/sh85006085,Appellate procedure,False,13.0,0,0.5910401344299316,,0.430851221,0.150558531,1190,False,7.081708586,7.423902714,Polysemy,N,False,p5fm86046c,243,33
appeal,M1_b_M2_a,appeal_M1,He had an undefinable appeal.,http://id.loc.gov/authorities/subjects/sh87005368,Charisma (Personality trait),appeal_M2,He had a legal appeal.,http://id.loc.gov/authorities/subjects/sh85006085,Appellate procedure,False,13.0,0,0.5910401344299316,,0.398581862,0.13264215,1542,True,7.340835554,7.435252683,Polysemy,N,False,y4puhchaf9,181,33
appeal,M1_a_M2_a,appeal_M1,He had a universal appeal.,http://id.loc.gov/authorities/subjects/sh87005368,Charisma (Personality trait),appeal_M2,He had a legal appeal.,http://id.loc.gov/authorities/subjects/sh85006085,Appellate procedure,False,13.0,0,0.5910401344299316,,0.370739162,0.108166337,816,True,6.704414355,7.435252683,Polysemy,N,False,92yp2w9v56,45,33
appeal,M2_b_M1_a,appeal_M2,He had a pending appeal.,http://id.loc.gov/authorities/subjects/sh85006085,Appellate procedure,appeal_M1,He had a universal appeal.,http://id.loc.gov/authorities/subjects/sh87005368,Charisma (Personality trait),False,13.0,0,0.5910401344299316,,0.430851221,0.150558531,1273,True,7.149131599,7.460489614,Polysemy,N,False,z02r2dprrd,35,33
appeal,M1_b_M2_a,appeal_M1,He had an undefinable appeal.,http://id.loc.gov/authorities/subjects/sh87005368,Charisma (Personality trait),appeal_M2,He had a legal appeal.,http://id.loc.gov/authorities/subjects/sh85006085,Appellate procedure,False,13.0,0,0.5910401344299316,,0.398581862,0.13264215,1360,True,7.215239979,7.435252683,Polysemy,N,False,tra6y98mle,227,33
appeal,M2_a_M1_a,appeal_M2,He had a legal appeal.,http://id.loc.gov/authorities/subjects/sh85006085,Appellate procedure,appeal_M1,He had a universal appeal.,http://id.loc.gov/authorities/subjects/sh87005368,Charisma (Personality trait),False,13.0,0,0.5910401344299316,,0.370739162,0.108166337,1390,True,7.237059026,7.460489614,Polysemy,N,False,w7t2pcpr1z,57,33
appeal,M1_b_M2_a,appeal_M1,He had an undefinable appeal.,http://id.loc.gov/authorities/subjects/sh87005368,Charisma (Personality trait),appeal_M2,He had a legal appeal.,http://id.loc.gov/authorities/subjects/sh85006085,Appellate procedure,False,13.0,0,0.5910401344299316,,0.398581862,0.13264215,876,True,6.775366091,7.435252683,Polysemy,N,False,0l5gfo1s81,173,33
appeal,M1_a_M2_b,appeal_M1,He had a universal appeal.,http://id.loc.gov/authorities/subjects/sh87005368,Charisma (Personality trait),appeal_M2,He had a pending appeal.,http://id.loc.gov/authorities/subjects/sh85006085,Appellate procedure,False,13.0,0,0.5910401344299316,,0.430851221,0.150558531,1104,True,7.006695227,7.423902714,Polysemy,N,False,emcqel00x3,171,33
appeal,M2_a_M1_b,appeal_M2,He had a legal appeal.,http://id.loc.gov/authorities/subjects/sh85006085,Appellate procedure,appeal_M1,He had an undefinable appeal.,http://id.loc.gov/authorities/subjects/sh87005368,Charisma (Personality trait),False,13.0,0,0.5910401344299316,,0.398581862,0.13264215,1197,True,7.087573706,7.677849762,Polysemy,N,False,ja9zqgwnkl,211,33
appeal,M1_a_M2_a,appeal_M1,He had a universal appeal.,http://id.loc.gov/authorities/subjects/sh87005368,Charisma (Personality trait),appeal_M2,He had a legal appeal.,http://id.loc.gov/authorities/subjects/sh85006085,Appellate procedure,False,13.0,0,0.5910401344299316,,0.370739162,0.108166337,703,True,6.555356892,7.435252683,Polysemy,N,False,uy86my9o9s,251,33
appeal,M1_a_M2_b,appeal_M1,He had a universal appeal.,http://id.loc.gov/authorities/subjects/sh87005368,Charisma (Personality trait),appeal_M2,He had a pending appeal.,http://id.loc.gov/authorities/subjects/sh85006085,Appellate procedure,False,13.0,0,0.5910401344299316,,0.430851221,0.150558531,876,True,6.775366091,7.423902714,Polysemy,N,False,mketfayzl8,209,33
appeal,M1_a_M1_b,appeal_M1,He had a universal appeal.,http://id.loc.gov/authorities/subjects/sh87005368,Charisma (Personality trait),appeal_M1,He had an undefinable appeal.,http://id.loc.gov/authorities/subjects/sh87005368,Charisma (Personality trait),True,0.0,1,0.008003294467926025,,0.120313466,0.045355678,1327,False,7.190676034,7.677849762,Polysemy,N,True,7hhbw0w7y1,127,33
appeal,M1_b_M2_b,appeal_M1,He had an undefinable appeal.,http://id.loc.gov/authorities/subjects/sh87005368,Charisma (Personality trait),appeal_M2,He had a pending appeal.,http://id.loc.gov/authorities/subjects/sh85006085,Appellate procedure,False,13.0,0,0.5910401344299316,,0.4461236,0.182452857,818,True,6.706862337,7.423902714,Polysemy,N,False,aekg0u74jn,83,33
appeal,M2_a_M2_b,appeal_M2,He had a legal appeal.,http://id.loc.gov/authorities/subjects/sh85006085,Appellate procedure,appeal_M2,He had a pending appeal.,http://id.loc.gov/authorities/subjects/sh85006085,Appellate procedure,True,0.0,1,0.0211867094039917,,0.098901391,0.060672343,1219,True,7.105786129,7.423902714,Polysemy,N,True,zglqpt5fh7,99,33
appeal,M1_b_M2_a,appeal_M1,He had an undefinable appeal.,http://id.loc.gov/authorities/subjects/sh87005368,Charisma (Personality trait),appeal_M2,He had a legal appeal.,http://id.loc.gov/authorities/subjects/sh85006085,Appellate procedure,False,13.0,0,0.5910401344299316,,0.398581862,0.13264215,1222,True,7.10824414,7.435252683,Polysemy,N,False,prlu1sa9my,117,33
appeal,M2_a_M1_a,appeal_M2,He had a legal appeal.,http://id.loc.gov/authorities/subjects/sh85006085,Appellate procedure,appeal_M1,He had a universal appeal.,http://id.loc.gov/authorities/subjects/sh87005368,Charisma (Personality trait),False,13.0,0,0.5910401344299316,,0.370739162,0.108166337,1176,True,7.069874128,7.460489614,Polysemy,N,False,luke3ctol0,115,33
appeal,M2_b_M1_b,appeal_M2,He had a pending appeal.,http://id.loc.gov/authorities/subjects/sh85006085,Appellate procedure,appeal_M1,He had an undefinable appeal.,http://id.loc.gov/authorities/subjects/sh87005368,Charisma (Personality trait),False,13.0,0,0.5910401344299316,,0.4461236,0.182452857,949,True,6.855408799,7.677849762,Polysemy,N,False,2usccf4uxc,225,33
appeal,M1_a_M2_b,appeal_M1,He had a universal appeal.,http://id.loc.gov/authorities/subjects/sh87005368,Charisma (Personality trait),appeal_M2,He had a pending appeal.,http://id.loc.gov/authorities/subjects/sh85006085,Appellate procedure,False,13.0,0,0.5910401344299316,,0.430851221,0.150558531,1202,True,7.091742115,7.423902714,Polysemy,N,False,sndaggja6a,47,33
appeal,M1_b_M2_a,appeal_M1,He had an undefinable appeal.,http://id.loc.gov/authorities/subjects/sh87005368,Charisma (Personality trait),appeal_M2,He had a legal appeal.,http://id.loc.gov/authorities/subjects/sh85006085,Appellate procedure,False,13.0,0,0.5910401344299316,,0.398581862,0.13264215,1018,True,6.925595197,7.435252683,Polysemy,N,False,frqx6vw2d1,215,33
appeal,M1_a_M2_a,appeal_M1,He had a universal appeal.,http://id.loc.gov/authorities/subjects/sh87005368,Charisma (Personality trait),appeal_M2,He had a legal appeal.,http://id.loc.gov/authorities/subjects/sh85006085,Appellate procedure,False,13.0,0,0.5910401344299316,,0.370739162,0.108166337,1632,False,7.397561536,7.435252683,Polysemy,N,False,3focjo2q2y,103,33
appeal,M2_a_M2_b,appeal_M2,He had a legal appeal.,http://id.loc.gov/authorities/subjects/sh85006085,Appellate procedure,appeal_M2,He had a pending appeal.,http://id.loc.gov/authorities/subjects/sh85006085,Appellate procedure,True,0.0,1,0.0211867094039917,,0.098901391,0.060672343,1036,True,6.943122423,7.423902714,Polysemy,N,True,4edk6y2wlk,225,33
appeal,M1_a_M2_a,appeal_M1,He had a universal appeal.,http://id.loc.gov/authorities/subjects/sh87005368,Charisma (Personality trait),appeal_M2,He had a legal appeal.,http://id.loc.gov/authorities/subjects/sh85006085,Appellate procedure,False,13.0,0,0.5910401344299316,,0.370739162,0.108166337,1613,False,7.385851078,7.435252683,Polysemy,N,False,1qywoodmd2,141,33
appeal,M2_b_M1_a,appeal_M2,He had a pending appeal.,http://id.loc.gov/authorities/subjects/sh85006085,Appellate procedure,appeal_M1,He had a universal appeal.,http://id.loc.gov/authorities/subjects/sh87005368,Charisma (Personality trait),False,13.0,0,0.5910401344299316,,0.430851221,0.150558531,936,True,6.841615476,7.460489614,Polysemy,N,False,rrf38z917v,229,33
appeal,M1_b_M2_a,appeal_M1,He had an undefinable appeal.,http://id.loc.gov/authorities/subjects/sh87005368,Charisma (Personality trait),appeal_M2,He had a legal appeal.,http://id.loc.gov/authorities/subjects/sh85006085,Appellate procedure,False,13.0,0,0.5910401344299316,,0.398581862,0.13264215,3066,True,8.028129059,7.435252683,Polysemy,N,False,1wzodbsf7y,109,33
appeal,M2_b_M1_b,appeal_M2,He had a pending appeal.,http://id.loc.gov/authorities/subjects/sh85006085,Appellate procedure,appeal_M1,He had an undefinable appeal.,http://id.loc.gov/authorities/subjects/sh87005368,Charisma (Personality trait),False,13.0,0,0.5910401344299316,,0.4461236,0.182452857,2566,True,7.850103545,7.677849762,Polysemy,N,False,d4b99ue0tu,65,33
appeal,M1_a_M2_b,appeal_M1,He had a universal appeal.,http://id.loc.gov/authorities/subjects/sh87005368,Charisma (Personality trait),appeal_M2,He had a pending appeal.,http://id.loc.gov/authorities/subjects/sh85006085,Appellate procedure,False,13.0,0,0.5910401344299316,,0.430851221,0.150558531,642,True,6.464588304,7.423902714,Polysemy,N,False,xesfu0h98k,163,33
appeal,M1_a_M1_b,appeal_M1,He had a universal appeal.,http://id.loc.gov/authorities/subjects/sh87005368,Charisma (Personality trait),appeal_M1,He had an undefinable appeal.,http://id.loc.gov/authorities/subjects/sh87005368,Charisma (Personality trait),True,0.0,1,0.008003294467926025,,0.120313466,0.045355678,843,True,6.736966958,7.677849762,Polysemy,N,True,h0th05ppt7,135,33
appeal,M1_b_M1_a,appeal_M1,He had an undefinable appeal.,http://id.loc.gov/authorities/subjects/sh87005368,Charisma (Personality trait),appeal_M1,He had a universal appeal.,http://id.loc.gov/authorities/subjects/sh87005368,Charisma (Personality trait),True,0.0,1,0.008003294467926025,,0.120313466,0.045355678,748,True,6.617402978,7.460489614,Polysemy,N,True,864zg5t8jb,211,33
appeal,M1_a_M2_b,appeal_M1,He had a universal appeal.,http://id.loc.gov/authorities/subjects/sh87005368,Charisma (Personality trait),appeal_M2,He had a pending appeal.,http://id.loc.gov/authorities/subjects/sh85006085,Appellate procedure,False,13.0,0,0.5910401344299316,,0.430851221,0.150558531,1281,False,7.155396302,7.423902714,Polysemy,N,False,34628l2rmq,197,33
appeal,M1_a_M2_a,appeal_M1,He had a universal appeal.,http://id.loc.gov/authorities/subjects/sh87005368,Charisma (Personality trait),appeal_M2,He had a legal appeal.,http://id.loc.gov/authorities/subjects/sh85006085,Appellate procedure,False,13.0,0,0.5910401344299316,,0.370739162,0.108166337,1446,False,7.276556403,7.435252683,Polysemy,N,False,du57z90equ,211,33
appeal,M1_a_M1_b,appeal_M1,He had a universal appeal.,http://id.loc.gov/authorities/subjects/sh87005368,Charisma (Personality trait),appeal_M1,He had an undefinable appeal.,http://id.loc.gov/authorities/subjects/sh87005368,Charisma (Personality trait),True,0.0,1,0.008003294467926025,,0.120313466,0.045355678,1688,False,7.431299675,7.677849762,Polysemy,N,True,aq8lxy7f2y,59,33
appeal,M2_a_M1_b,appeal_M2,He had a legal appeal.,http://id.loc.gov/authorities/subjects/sh85006085,Appellate procedure,appeal_M1,He had an undefinable appeal.,http://id.loc.gov/authorities/subjects/sh87005368,Charisma (Personality trait),False,13.0,0,0.5910401344299316,,0.398581862,0.13264215,1303,True,7.172424577,7.677849762,Polysemy,N,False,6mgqfqnfnt,191,33
appeal,M2_b_M1_a,appeal_M2,He had a pending appeal.,http://id.loc.gov/authorities/subjects/sh85006085,Appellate procedure,appeal_M1,He had a universal appeal.,http://id.loc.gov/authorities/subjects/sh87005368,Charisma (Personality trait),False,13.0,0,0.5910401344299316,,0.430851221,0.150558531,920,True,6.82437367,7.460489614,Polysemy,N,False,o40xglp55j,81,33
appeal,M1_a_M2_b,appeal_M1,He had a universal appeal.,http://id.loc.gov/authorities/subjects/sh87005368,Charisma (Personality trait),appeal_M2,He had a pending appeal.,http://id.loc.gov/authorities/subjects/sh85006085,Appellate procedure,False,13.0,0,0.5910401344299316,,0.430851221,0.150558531,671,True,6.508769137,7.423902714,Polysemy,N,False,va3hb1mkox,173,33
appeal,M1_b_M1_a,appeal_M1,He had an undefinable appeal.,http://id.loc.gov/authorities/subjects/sh87005368,Charisma (Personality trait),appeal_M1,He had a universal appeal.,http://id.loc.gov/authorities/subjects/sh87005368,Charisma (Personality trait),True,0.0,1,0.008003294467926025,,0.120313466,0.045355678,702,True,6.553933404,7.460489614,Polysemy,N,True,xdomj2pout,59,33
appeal,M1_b_M2_b,appeal_M1,He had an undefinable appeal.,http://id.loc.gov/authorities/subjects/sh87005368,Charisma (Personality trait),appeal_M2,He had a pending appeal.,http://id.loc.gov/authorities/subjects/sh85006085,Appellate procedure,False,13.0,0,0.5910401344299316,,0.4461236,0.182452857,819,True,6.708084084,7.423902714,Polysemy,N,False,rln6tvgsn6,121,33
appeal,M1_a_M2_b,appeal_M1,He had a universal appeal.,http://id.loc.gov/authorities/subjects/sh87005368,Charisma (Personality trait),appeal_M2,He had a pending appeal.,http://id.loc.gov/authorities/subjects/sh85006085,Appellate procedure,False,13.0,0,0.5910401344299316,,0.430851221,0.150558531,2014,False,7.607878073,7.423902714,Polysemy,N,False,phcg9go4je,35,33
appeal,M2_b_M1_a,appeal_M2,He had a pending appeal.,http://id.loc.gov/authorities/subjects/sh85006085,Appellate procedure,appeal_M1,He had a universal appeal.,http://id.loc.gov/authorities/subjects/sh87005368,Charisma (Personality trait),False,13.0,0,0.5910401344299316,,0.430851221,0.150558531,1326,False,7.189922171,7.460489614,Polysemy,N,False,kzat707d4c,109,33
appeal,M2_a_M1_b,appeal_M2,He had a legal appeal.,http://id.loc.gov/authorities/subjects/sh85006085,Appellate procedure,appeal_M1,He had an undefinable appeal.,http://id.loc.gov/authorities/subjects/sh87005368,Charisma (Personality trait),False,13.0,0,0.5910401344299316,,0.398581862,0.13264215,1145,True,7.043159916,7.677849762,Polysemy,N,False,11s3zyvhm4,171,33
appeal,M1_b_M1_a,appeal_M1,He had an undefinable appeal.,http://id.loc.gov/authorities/subjects/sh87005368,Charisma (Personality trait),appeal_M1,He had a universal appeal.,http://id.loc.gov/authorities/subjects/sh87005368,Charisma (Personality trait),True,0.0,1,0.008003294467926025,,0.120313466,0.045355678,936,True,6.841615476,7.460489614,Polysemy,N,True,4ntjz706ef,157,33
appeal,M2_b_M1_b,appeal_M2,He had a pending appeal.,http://id.loc.gov/authorities/subjects/sh85006085,Appellate procedure,appeal_M1,He had an undefinable appeal.,http://id.loc.gov/authorities/subjects/sh87005368,Charisma (Personality trait),False,13.0,0,0.5910401344299316,,0.4461236,0.182452857,1023,False,6.930494766,7.677849762,Polysemy,N,False,ppv7uctwr1,189,33
appeal,M1_a_M1_b,appeal_M1,He had a universal appeal.,http://id.loc.gov/authorities/subjects/sh87005368,Charisma (Personality trait),appeal_M1,He had an undefinable appeal.,http://id.loc.gov/authorities/subjects/sh87005368,Charisma (Personality trait),True,0.0,1,0.008003294467926025,,0.120313466,0.045355678,2422,True,7.792348924,7.677849762,Polysemy,N,True,awnat83w0r,181,33
appeal,M1_a_M2_a,appeal_M1,He had a universal appeal.,http://id.loc.gov/authorities/subjects/sh87005368,Charisma (Personality trait),appeal_M2,He had a legal appeal.,http://id.loc.gov/authorities/subjects/sh85006085,Appellate procedure,False,13.0,0,0.5910401344299316,,0.370739162,0.108166337,1064,True,6.96979067,7.435252683,Polysemy,N,False,s4hekwenop,77,33
appeal,M2_a_M1_a,appeal_M2,He had a legal appeal.,http://id.loc.gov/authorities/subjects/sh85006085,Appellate procedure,appeal_M1,He had a universal appeal.,http://id.loc.gov/authorities/subjects/sh87005368,Charisma (Personality trait),False,13.0,0,0.5910401344299316,,0.370739162,0.108166337,1121,True,7.021976423,7.460489614,Polysemy,N,False,6lbv5uhykm,245,33
appeal,M1_b_M2_b,appeal_M1,He had an undefinable appeal.,http://id.loc.gov/authorities/subjects/sh87005368,Charisma (Personality trait),appeal_M2,He had a pending appeal.,http://id.loc.gov/authorities/subjects/sh85006085,Appellate procedure,False,13.0,0,0.5910401344299316,,0.4461236,0.182452857,1186,True,7.07834158,7.423902714,Polysemy,N,False,2r8jyhe7un,209,33
appeal,M1_b_M1_a,appeal_M1,He had an undefinable appeal.,http://id.loc.gov/authorities/subjects/sh87005368,Charisma (Personality trait),appeal_M1,He had a universal appeal.,http://id.loc.gov/authorities/subjects/sh87005368,Charisma (Personality trait),True,0.0,1,0.008003294467926025,,0.120313466,0.045355678,1534,False,7.335633982,7.460489614,Polysemy,N,True,r1c2epbxzl,231,33
appeal,M1_b_M2_b,appeal_M1,He had an undefinable appeal.,http://id.loc.gov/authorities/subjects/sh87005368,Charisma (Personality trait),appeal_M2,He had a pending appeal.,http://id.loc.gov/authorities/subjects/sh85006085,Appellate procedure,False,13.0,0,0.5910401344299316,,0.4461236,0.182452857,1515,False,7.323170718,7.423902714,Polysemy,N,False,vc2ac751cz,171,33
appeal,M2_a_M2_b,appeal_M2,He had a legal appeal.,http://id.loc.gov/authorities/subjects/sh85006085,Appellate procedure,appeal_M2,He had a pending appeal.,http://id.loc.gov/authorities/subjects/sh85006085,Appellate procedure,True,0.0,1,0.0211867094039917,,0.098901391,0.060672343,2116,True,7.657282793,7.423902714,Polysemy,N,True,vxyw6621ka,173,33
appeal,M1_b_M2_a,appeal_M1,He had an undefinable appeal.,http://id.loc.gov/authorities/subjects/sh87005368,Charisma (Personality trait),appeal_M2,He had a legal appeal.,http://id.loc.gov/authorities/subjects/sh85006085,Appellate procedure,False,13.0,0,0.5910401344299316,,0.398581862,0.13264215,623,True,6.434546519,7.435252683,Polysemy,N,False,xxh77u2udt,127,33
appeal,M1_a_M1_b,appeal_M1,He had a universal appeal.,http://id.loc.gov/authorities/subjects/sh87005368,Charisma (Personality trait),appeal_M1,He had an undefinable appeal.,http://id.loc.gov/authorities/subjects/sh87005368,Charisma (Personality trait),True,0.0,1,0.008003294467926025,,0.120313466,0.045355678,2809,True,7.940583827,7.677849762,Polysemy,N,True,kdxs9d2gww,101,33
appeal,M1_b_M2_a,appeal_M1,He had an undefinable appeal.,http://id.loc.gov/authorities/subjects/sh87005368,Charisma (Personality trait),appeal_M2,He had a legal appeal.,http://id.loc.gov/authorities/subjects/sh85006085,Appellate procedure,False,13.0,0,0.5910401344299316,,0.398581862,0.13264215,1214,True,7.101675972,7.435252683,Polysemy,N,False,6g6ama8qck,73,33
appeal,M1_b_M2_b,appeal_M1,He had an undefinable appeal.,http://id.loc.gov/authorities/subjects/sh87005368,Charisma (Personality trait),appeal_M2,He had a pending appeal.,http://id.loc.gov/authorities/subjects/sh85006085,Appellate procedure,False,13.0,0,0.5910401344299316,,0.4461236,0.182452857,1223,False,7.109062136,7.423902714,Polysemy,N,False,jrnkr73qqa,177,33
appeal,M2_a_M2_b,appeal_M2,He had a legal appeal.,http://id.loc.gov/authorities/subjects/sh85006085,Appellate procedure,appeal_M2,He had a pending appeal.,http://id.loc.gov/authorities/subjects/sh85006085,Appellate procedure,True,0.0,1,0.0211867094039917,,0.098901391,0.060672343,1027,True,6.93439721,7.423902714,Polysemy,N,True,kgyhdlaomp,235,33
appeal,M1_a_M2_b,appeal_M1,He had a universal appeal.,http://id.loc.gov/authorities/subjects/sh87005368,Charisma (Personality trait),appeal_M2,He had a pending appeal.,http://id.loc.gov/authorities/subjects/sh85006085,Appellate procedure,False,13.0,0,0.5910401344299316,,0.430851221,0.150558531,2318,True,7.748460024,7.423902714,Polysemy,N,False,lpduruhrnk,97,33
appeal,M2_a_M1_a,appeal_M2,He had a legal appeal.,http://id.loc.gov/authorities/subjects/sh85006085,Appellate procedure,appeal_M1,He had a universal appeal.,http://id.loc.gov/authorities/subjects/sh87005368,Charisma (Personality trait),False,13.0,0,0.5910401344299316,,0.370739162,0.108166337,1778,False,7.483244416,7.460489614,Polysemy,N,False,pm85lle7oc,165,33
appeal,M2_b_M1_b,appeal_M2,He had a pending appeal.,http://id.loc.gov/authorities/subjects/sh85006085,Appellate procedure,appeal_M1,He had an undefinable appeal.,http://id.loc.gov/authorities/subjects/sh87005368,Charisma (Personality trait),False,13.0,0,0.5910401344299316,,0.4461236,0.182452857,1286,False,7.159291905,7.677849762,Polysemy,N,False,uaydq1djrs,37,33
appeal,M1_a_M2_b,appeal_M1,He had a universal appeal.,http://id.loc.gov/authorities/subjects/sh87005368,Charisma (Personality trait),appeal_M2,He had a pending appeal.,http://id.loc.gov/authorities/subjects/sh85006085,Appellate procedure,False,13.0,0,0.5910401344299316,,0.430851221,0.150558531,1128,True,7.028201432,7.423902714,Polysemy,N,False,m7n1h07aw2,211,33
appeal,M1_b_M2_a,appeal_M1,He had an undefinable appeal.,http://id.loc.gov/authorities/subjects/sh87005368,Charisma (Personality trait),appeal_M2,He had a legal appeal.,http://id.loc.gov/authorities/subjects/sh85006085,Appellate procedure,False,13.0,0,0.5910401344299316,,0.398581862,0.13264215,1390,True,7.237059026,7.435252683,Polysemy,N,False,4zpuq8ud9x,171,33
appeal,M1_a_M2_b,appeal_M1,He had a universal appeal.,http://id.loc.gov/authorities/subjects/sh87005368,Charisma (Personality trait),appeal_M2,He had a pending appeal.,http://id.loc.gov/authorities/subjects/sh85006085,Appellate procedure,False,13.0,0,0.5910401344299316,,0.430851221,0.150558531,887,False,6.787844982,7.423902714,Polysemy,N,False,x784e4lcbj,43,33
appeal,M1_a_M2_a,appeal_M1,He had a universal appeal.,http://id.loc.gov/authorities/subjects/sh87005368,Charisma (Personality trait),appeal_M2,He had a legal appeal.,http://id.loc.gov/authorities/subjects/sh85006085,Appellate procedure,False,13.0,0,0.5910401344299316,,0.370739162,0.108166337,1016,True,6.923628628,7.435252683,Polysemy,N,False,sufdrtgf9g,159,33
stall,M2_b_M1_a,stall_M2,They stalled the pig.,http://id.loc.gov/authorities/subjects/sh85077797,Livestock--Housing,stall_M1,They stalled the truck.,http://id.loc.gov/authorities/subjects/sh85010285,Automobiles--Maintenance and repair,False,inf,0,0.23085057735443115,,0.231238067,0.08733356,724,True,6.584791392,7.348697161,Polysemy,V,False,qck08emfde,67,73
stall,M2_a_M2_b,stall_M2,They stalled the horse.,http://id.loc.gov/authorities/subjects/sh85077797,Livestock--Housing,stall_M2,They stalled the pig.,http://id.loc.gov/authorities/subjects/sh85077797,Livestock--Housing,True,0.0,1,0.011825919151306152,,0.178040326,0.057151437,1271,True,7.147559271,7.467485121,Polysemy,V,True,urq6h944hm,79,73
stall,M2_a_M1_a,stall_M2,They stalled the horse.,http://id.loc.gov/authorities/subjects/sh85077797,Livestock--Housing,stall_M1,They stalled the truck.,http://id.loc.gov/authorities/subjects/sh85010285,Automobiles--Maintenance and repair,False,inf,0,0.23085057735443115,,0.160481989,0.079759598,588,True,6.376726948,7.348697161,Polysemy,V,False,v75fv9pagb,161,73
stall,M1_a_M2_b,stall_M1,They stalled the truck.,http://id.loc.gov/authorities/subjects/sh85010285,Automobiles--Maintenance and repair,stall_M2,They stalled the pig.,http://id.loc.gov/authorities/subjects/sh85077797,Livestock--Housing,False,inf,0,0.23085057735443115,,0.231238067,0.08733356,691,True,6.538139824,7.467485121,Polysemy,V,False,np8fheoehh,177,73
stall,M1_a_M1_b,stall_M1,They stalled the truck.,http://id.loc.gov/authorities/subjects/sh85010285,Automobiles--Maintenance and repair,stall_M1,They stalled the bus.,http://id.loc.gov/authorities/subjects/sh85010285,Automobiles--Maintenance and repair,True,0.0,1,0.017805933952331543,,0.068428814,0.032469273,1207,True,7.095893221,7.246466722,Polysemy,V,True,jjpm6guwej,65,73
stall,M1_b_M2_b,stall_M1,They stalled the bus.,http://id.loc.gov/authorities/subjects/sh85010285,Automobiles--Maintenance and repair,stall_M2,They stalled the pig.,http://id.loc.gov/authorities/subjects/sh85077797,Livestock--Housing,False,inf,0,0.23085057735443115,,0.183550537,0.112087369,830,True,6.721425701,7.467485121,Polysemy,V,False,hdblro1e9q,119,73
stall,M1_b_M2_b,stall_M1,They stalled the bus.,http://id.loc.gov/authorities/subjects/sh85010285,Automobiles--Maintenance and repair,stall_M2,They stalled the pig.,http://id.loc.gov/authorities/subjects/sh85077797,Livestock--Housing,False,inf,0,0.23085057735443115,,0.183550537,0.112087369,1157,False,7.053585727,7.467485121,Polysemy,V,False,xyokc18f4l,37,73
stall,M1_a_M1_b,stall_M1,They stalled the truck.,http://id.loc.gov/authorities/subjects/sh85010285,Automobiles--Maintenance and repair,stall_M1,They stalled the bus.,http://id.loc.gov/authorities/subjects/sh85010285,Automobiles--Maintenance and repair,True,0.0,1,0.017805933952331543,,0.068428814,0.032469273,1028,True,6.935370446,7.246466722,Polysemy,V,True,gl71hqusr0,181,73
stall,M2_b_M1_b,stall_M2,They stalled the pig.,http://id.loc.gov/authorities/subjects/sh85077797,Livestock--Housing,stall_M1,They stalled the bus.,http://id.loc.gov/authorities/subjects/sh85010285,Automobiles--Maintenance and repair,False,inf,0,0.23085057735443115,,0.183550537,0.112087369,1285,True,7.158513997,7.246466722,Polysemy,V,False,ze8q4rklbg,169,73
stall,M2_b_M1_a,stall_M2,They stalled the pig.,http://id.loc.gov/authorities/subjects/sh85077797,Livestock--Housing,stall_M1,They stalled the truck.,http://id.loc.gov/authorities/subjects/sh85010285,Automobiles--Maintenance and repair,False,inf,0,0.23085057735443115,,0.231238067,0.08733356,976,True,6.883462586,7.348697161,Polysemy,V,False,xqssc38w0c,211,73
stall,M2_a_M1_a,stall_M2,They stalled the horse.,http://id.loc.gov/authorities/subjects/sh85077797,Livestock--Housing,stall_M1,They stalled the truck.,http://id.loc.gov/authorities/subjects/sh85010285,Automobiles--Maintenance and repair,False,inf,0,0.23085057735443115,,0.160481989,0.079759598,1495,True,7.309881486,7.348697161,Polysemy,V,False,h6swhj4mme,147,73
stall,M2_a_M1_b,stall_M2,They stalled the horse.,http://id.loc.gov/authorities/subjects/sh85077797,Livestock--Housing,stall_M1,They stalled the bus.,http://id.loc.gov/authorities/subjects/sh85010285,Automobiles--Maintenance and repair,False,inf,0,0.23085057735443115,,0.138819456,0.10032022,956,True,6.862757913,7.246466722,Polysemy,V,False,hdquts93lv,101,73
stall,M2_a_M1_a,stall_M2,They stalled the horse.,http://id.loc.gov/authorities/subjects/sh85077797,Livestock--Housing,stall_M1,They stalled the truck.,http://id.loc.gov/authorities/subjects/sh85010285,Automobiles--Maintenance and repair,False,inf,0,0.23085057735443115,,0.160481989,0.079759598,911,True,6.814542897,7.348697161,Polysemy,V,False,y8z6hxvply,189,73
stall,M2_a_M1_a,stall_M2,They stalled the horse.,http://id.loc.gov/authorities/subjects/sh85077797,Livestock--Housing,stall_M1,They stalled the truck.,http://id.loc.gov/authorities/subjects/sh85010285,Automobiles--Maintenance and repair,False,inf,0,0.23085057735443115,,0.160481989,0.079759598,968,False,6.875232087,7.348697161,Polysemy,V,False,ezjkm10dx5,177,73
stall,M1_b_M2_a,stall_M1,They stalled the bus.,http://id.loc.gov/authorities/subjects/sh85010285,Automobiles--Maintenance and repair,stall_M2,They stalled the horse.,http://id.loc.gov/authorities/subjects/sh85077797,Livestock--Housing,False,inf,0,0.23085057735443115,,0.138819456,0.10032022,869,True,6.767343125,7.502412379,Polysemy,V,False,evdgzy3cvj,237,73
stall,M2_b_M1_b,stall_M2,They stalled the pig.,http://id.loc.gov/authorities/subjects/sh85077797,Livestock--Housing,stall_M1,They stalled the bus.,http://id.loc.gov/authorities/subjects/sh85010285,Automobiles--Maintenance and repair,False,inf,0,0.23085057735443115,,0.183550537,0.112087369,924,True,6.828712072,7.246466722,Polysemy,V,False,tfq4ylwp1x,207,73
stall,M1_a_M2_a,stall_M1,They stalled the truck.,http://id.loc.gov/authorities/subjects/sh85010285,Automobiles--Maintenance and repair,stall_M2,They stalled the horse.,http://id.loc.gov/authorities/subjects/sh85077797,Livestock--Housing,False,inf,0,0.23085057735443115,,0.160481989,0.079759598,1524,False,7.329093736,7.502412379,Polysemy,V,False,lt0kapj5fz,219,73
stall,M2_a_M1_a,stall_M2,They stalled the horse.,http://id.loc.gov/authorities/subjects/sh85077797,Livestock--Housing,stall_M1,They stalled the truck.,http://id.loc.gov/authorities/subjects/sh85010285,Automobiles--Maintenance and repair,False,inf,0,0.23085057735443115,,0.160481989,0.079759598,1698,True,7.437206367,7.348697161,Polysemy,V,False,kfp2rkd57s,155,73
stall,M2_a_M1_a,stall_M2,They stalled the horse.,http://id.loc.gov/authorities/subjects/sh85077797,Livestock--Housing,stall_M1,They stalled the truck.,http://id.loc.gov/authorities/subjects/sh85010285,Automobiles--Maintenance and repair,False,inf,0,0.23085057735443115,,0.160481989,0.079759598,902,False,6.80461452,7.348697161,Polysemy,V,False,1lzneddpkq,231,73
stall,M1_a_M1_b,stall_M1,They stalled the truck.,http://id.loc.gov/authorities/subjects/sh85010285,Automobiles--Maintenance and repair,stall_M1,They stalled the bus.,http://id.loc.gov/authorities/subjects/sh85010285,Automobiles--Maintenance and repair,True,0.0,1,0.017805933952331543,,0.068428814,0.032469273,876,True,6.775366091,7.246466722,Polysemy,V,True,tra6y98mle,175,73
stall,M1_a_M1_b,stall_M1,They stalled the truck.,http://id.loc.gov/authorities/subjects/sh85010285,Automobiles--Maintenance and repair,stall_M1,They stalled the bus.,http://id.loc.gov/authorities/subjects/sh85010285,Automobiles--Maintenance and repair,True,0.0,1,0.017805933952331543,,0.068428814,0.032469273,1006,True,6.913737351,7.246466722,Polysemy,V,True,qtxcwuzoo4,213,73
stall,M2_b_M2_a,stall_M2,They stalled the pig.,http://id.loc.gov/authorities/subjects/sh85077797,Livestock--Housing,stall_M2,They stalled the horse.,http://id.loc.gov/authorities/subjects/sh85077797,Livestock--Housing,True,0.0,1,0.011825919151306152,,0.178040326,0.057151437,1127,True,7.027314514,7.502412379,Polysemy,V,True,emcqel00x3,163,73
stall,M1_a_M1_b,stall_M1,They stalled the truck.,http://id.loc.gov/authorities/subjects/sh85010285,Automobiles--Maintenance and repair,stall_M1,They stalled the bus.,http://id.loc.gov/authorities/subjects/sh85010285,Automobiles--Maintenance and repair,True,0.0,1,0.017805933952331543,,0.068428814,0.032469273,714,True,6.570882962,7.246466722,Polysemy,V,True,ja9zqgwnkl,53,73
stall,M1_a_M2_b,stall_M1,They stalled the truck.,http://id.loc.gov/authorities/subjects/sh85010285,Automobiles--Maintenance and repair,stall_M2,They stalled the pig.,http://id.loc.gov/authorities/subjects/sh85077797,Livestock--Housing,False,inf,0,0.23085057735443115,,0.231238067,0.08733356,1803,False,7.497207223,7.467485121,Polysemy,V,False,zjgl4twyhs,55,73
stall,M2_a_M1_a,stall_M2,They stalled the horse.,http://id.loc.gov/authorities/subjects/sh85077797,Livestock--Housing,stall_M1,They stalled the truck.,http://id.loc.gov/authorities/subjects/sh85010285,Automobiles--Maintenance and repair,False,inf,0,0.23085057735443115,,0.160481989,0.079759598,757,True,6.629363253,7.348697161,Polysemy,V,False,hs560646yd,61,73
stall,M2_b_M1_b,stall_M2,They stalled the pig.,http://id.loc.gov/authorities/subjects/sh85077797,Livestock--Housing,stall_M1,They stalled the bus.,http://id.loc.gov/authorities/subjects/sh85010285,Automobiles--Maintenance and repair,False,inf,0,0.23085057735443115,,0.183550537,0.112087369,1172,True,7.06646697,7.246466722,Polysemy,V,False,uy86my9o9s,29,73
stall,M1_a_M2_a,stall_M1,They stalled the truck.,http://id.loc.gov/authorities/subjects/sh85010285,Automobiles--Maintenance and repair,stall_M2,They stalled the horse.,http://id.loc.gov/authorities/subjects/sh85077797,Livestock--Housing,False,inf,0,0.23085057735443115,,0.160481989,0.079759598,644,True,6.467698726,7.502412379,Polysemy,V,False,bcycp1bevl,123,73
stall,M2_a_M1_b,stall_M2,They stalled the horse.,http://id.loc.gov/authorities/subjects/sh85077797,Livestock--Housing,stall_M1,They stalled the bus.,http://id.loc.gov/authorities/subjects/sh85010285,Automobiles--Maintenance and repair,False,inf,0,0.23085057735443115,,0.138819456,0.10032022,821,True,6.710523109,7.246466722,Polysemy,V,False,gdlhwqulft,175,73
stall,M2_b_M1_a,stall_M2,They stalled the pig.,http://id.loc.gov/authorities/subjects/sh85077797,Livestock--Housing,stall_M1,They stalled the truck.,http://id.loc.gov/authorities/subjects/sh85010285,Automobiles--Maintenance and repair,False,inf,0,0.23085057735443115,,0.231238067,0.08733356,1586,True,7.368970402,7.348697161,Polysemy,V,False,aekg0u74jn,81,73
stall,M2_b_M2_a,stall_M2,They stalled the pig.,http://id.loc.gov/authorities/subjects/sh85077797,Livestock--Housing,stall_M2,They stalled the horse.,http://id.loc.gov/authorities/subjects/sh85077797,Livestock--Housing,True,0.0,1,0.011825919151306152,,0.178040326,0.057151437,1300,False,7.170119543,7.502412379,Polysemy,V,True,yoo60pl9o6,91,73
stall,M1_a_M1_b,stall_M1,They stalled the truck.,http://id.loc.gov/authorities/subjects/sh85010285,Automobiles--Maintenance and repair,stall_M1,They stalled the bus.,http://id.loc.gov/authorities/subjects/sh85010285,Automobiles--Maintenance and repair,True,0.0,1,0.017805933952331543,,0.068428814,0.032469273,772,True,6.64898455,7.246466722,Polysemy,V,True,zglqpt5fh7,91,73
stall,M2_b_M2_a,stall_M2,They stalled the pig.,http://id.loc.gov/authorities/subjects/sh85077797,Livestock--Housing,stall_M2,They stalled the horse.,http://id.loc.gov/authorities/subjects/sh85077797,Livestock--Housing,True,0.0,1,0.011825919151306152,,0.178040326,0.057151437,759,True,6.632001777,7.502412379,Polysemy,V,True,prlu1sa9my,37,73
stall,M2_a_M1_a,stall_M2,They stalled the horse.,http://id.loc.gov/authorities/subjects/sh85077797,Livestock--Housing,stall_M1,They stalled the truck.,http://id.loc.gov/authorities/subjects/sh85010285,Automobiles--Maintenance and repair,False,inf,0,0.23085057735443115,,0.160481989,0.079759598,958,True,6.864847778,7.348697161,Polysemy,V,False,luke3ctol0,59,73
stall,M2_a_M1_a,stall_M2,They stalled the horse.,http://id.loc.gov/authorities/subjects/sh85077797,Livestock--Housing,stall_M1,They stalled the truck.,http://id.loc.gov/authorities/subjects/sh85010285,Automobiles--Maintenance and repair,False,inf,0,0.23085057735443115,,0.160481989,0.079759598,556,True,6.320768294,7.348697161,Polysemy,V,False,w18v804q9v,103,73
stall,M1_b_M1_a,stall_M1,They stalled the bus.,http://id.loc.gov/authorities/subjects/sh85010285,Automobiles--Maintenance and repair,stall_M1,They stalled the truck.,http://id.loc.gov/authorities/subjects/sh85010285,Automobiles--Maintenance and repair,True,0.0,1,0.017805933952331543,,0.068428814,0.032469273,2012,True,7.606884531,7.348697161,Polysemy,V,True,vm3yk3su0e,217,73
stall,M1_b_M2_b,stall_M1,They stalled the bus.,http://id.loc.gov/authorities/subjects/sh85010285,Automobiles--Maintenance and repair,stall_M2,They stalled the pig.,http://id.loc.gov/authorities/subjects/sh85077797,Livestock--Housing,False,inf,0,0.23085057735443115,,0.183550537,0.112087369,1089,False,6.993015123,7.467485121,Polysemy,V,False,dthp9ekqaq,165,73
stall,M2_b_M1_a,stall_M2,They stalled the pig.,http://id.loc.gov/authorities/subjects/sh85077797,Livestock--Housing,stall_M1,They stalled the truck.,http://id.loc.gov/authorities/subjects/sh85010285,Automobiles--Maintenance and repair,False,inf,0,0.23085057735443115,,0.231238067,0.08733356,990,True,6.897704943,7.348697161,Polysemy,V,False,3focjo2q2y,31,73
stall,M2_b_M1_b,stall_M2,They stalled the pig.,http://id.loc.gov/authorities/subjects/sh85077797,Livestock--Housing,stall_M1,They stalled the bus.,http://id.loc.gov/authorities/subjects/sh85010285,Automobiles--Maintenance and repair,False,inf,0,0.23085057735443115,,0.183550537,0.112087369,960,True,6.866933284,7.246466722,Polysemy,V,False,8tl61v5cpb,35,73
stall,M1_b_M2_b,stall_M1,They stalled the bus.,http://id.loc.gov/authorities/subjects/sh85010285,Automobiles--Maintenance and repair,stall_M2,They stalled the pig.,http://id.loc.gov/authorities/subjects/sh85077797,Livestock--Housing,False,inf,0,0.23085057735443115,,0.183550537,0.112087369,936,False,6.841615476,7.467485121,Polysemy,V,False,4edk6y2wlk,247,73
stall,M2_b_M1_a,stall_M2,They stalled the pig.,http://id.loc.gov/authorities/subjects/sh85077797,Livestock--Housing,stall_M1,They stalled the truck.,http://id.loc.gov/authorities/subjects/sh85010285,Automobiles--Maintenance and repair,False,inf,0,0.23085057735443115,,0.231238067,0.08733356,2087,False,7.643482907,7.348697161,Polysemy,V,False,1qywoodmd2,197,73
stall,M2_a_M2_b,stall_M2,They stalled the horse.,http://id.loc.gov/authorities/subjects/sh85077797,Livestock--Housing,stall_M2,They stalled the pig.,http://id.loc.gov/authorities/subjects/sh85077797,Livestock--Housing,True,0.0,1,0.011825919151306152,,0.178040326,0.057151437,1421,True,7.259116128,7.467485121,Polysemy,V,True,rrf38z917v,187,73
stall,M1_a_M1_b,stall_M1,They stalled the truck.,http://id.loc.gov/authorities/subjects/sh85010285,Automobiles--Maintenance and repair,stall_M1,They stalled the bus.,http://id.loc.gov/authorities/subjects/sh85010285,Automobiles--Maintenance and repair,True,0.0,1,0.017805933952331543,,0.068428814,0.032469273,1123,True,7.023758955,7.246466722,Polysemy,V,True,qpgf6y0h0r,251,73
stall,M1_b_M1_a,stall_M1,They stalled the bus.,http://id.loc.gov/authorities/subjects/sh85010285,Automobiles--Maintenance and repair,stall_M1,They stalled the truck.,http://id.loc.gov/authorities/subjects/sh85010285,Automobiles--Maintenance and repair,True,0.0,1,0.017805933952331543,,0.068428814,0.032469273,1073,True,6.978213743,7.348697161,Polysemy,V,True,dcy113hjjm,61,73
stall,M2_b_M1_a,stall_M2,They stalled the pig.,http://id.loc.gov/authorities/subjects/sh85077797,Livestock--Housing,stall_M1,They stalled the truck.,http://id.loc.gov/authorities/subjects/sh85010285,Automobiles--Maintenance and repair,False,inf,0,0.23085057735443115,,0.231238067,0.08733356,706,True,6.559615237,7.348697161,Polysemy,V,False,xesfu0h98k,115,73
stall,M1_a_M2_a,stall_M1,They stalled the truck.,http://id.loc.gov/authorities/subjects/sh85010285,Automobiles--Maintenance and repair,stall_M2,They stalled the horse.,http://id.loc.gov/authorities/subjects/sh85077797,Livestock--Housing,False,inf,0,0.23085057735443115,,0.160481989,0.079759598,795,True,6.678342115,7.502412379,Polysemy,V,False,h0th05ppt7,237,73
stall,M1_b_M2_a,stall_M1,They stalled the bus.,http://id.loc.gov/authorities/subjects/sh85010285,Automobiles--Maintenance and repair,stall_M2,They stalled the horse.,http://id.loc.gov/authorities/subjects/sh85077797,Livestock--Housing,False,inf,0,0.23085057735443115,,0.138819456,0.10032022,1578,False,7.363913501,7.502412379,Polysemy,V,False,5jdbzv6v5c,215,73
stall,M2_a_M1_b,stall_M2,They stalled the horse.,http://id.loc.gov/authorities/subjects/sh85077797,Livestock--Housing,stall_M1,They stalled the bus.,http://id.loc.gov/authorities/subjects/sh85010285,Automobiles--Maintenance and repair,False,inf,0,0.23085057735443115,,0.138819456,0.10032022,2668,True,7.889084407,7.246466722,Polysemy,V,False,mhz82a74k9,51,73
stall,M1_b_M1_a,stall_M1,They stalled the bus.,http://id.loc.gov/authorities/subjects/sh85010285,Automobiles--Maintenance and repair,stall_M1,They stalled the truck.,http://id.loc.gov/authorities/subjects/sh85010285,Automobiles--Maintenance and repair,True,0.0,1,0.017805933952331543,,0.068428814,0.032469273,1143,True,7.041411664,7.348697161,Polysemy,V,True,p7h7xsjj50,185,73
stall,M1_a_M1_b,stall_M1,They stalled the truck.,http://id.loc.gov/authorities/subjects/sh85010285,Automobiles--Maintenance and repair,stall_M1,They stalled the bus.,http://id.loc.gov/authorities/subjects/sh85010285,Automobiles--Maintenance and repair,True,0.0,1,0.017805933952331543,,0.068428814,0.032469273,592,True,6.383506635,7.246466722,Polysemy,V,True,864zg5t8jb,127,73
stall,M2_a_M2_b,stall_M2,They stalled the horse.,http://id.loc.gov/authorities/subjects/sh85077797,Livestock--Housing,stall_M2,They stalled the pig.,http://id.loc.gov/authorities/subjects/sh85077797,Livestock--Housing,True,0.0,1,0.011825919151306152,,0.178040326,0.057151437,1269,True,7.145984468,7.467485121,Polysemy,V,True,7poq0nl7yt,91,73
stall,M2_b_M1_a,stall_M2,They stalled the pig.,http://id.loc.gov/authorities/subjects/sh85077797,Livestock--Housing,stall_M1,They stalled the truck.,http://id.loc.gov/authorities/subjects/sh85010285,Automobiles--Maintenance and repair,False,inf,0,0.23085057735443115,,0.231238067,0.08733356,963,True,6.870053412,7.348697161,Polysemy,V,False,kcv5v2zj80,31,73
stall,M2_b_M2_a,stall_M2,They stalled the pig.,http://id.loc.gov/authorities/subjects/sh85077797,Livestock--Housing,stall_M2,They stalled the horse.,http://id.loc.gov/authorities/subjects/sh85077797,Livestock--Housing,True,0.0,1,0.011825919151306152,,0.178040326,0.057151437,1160,True,7.056175284,7.502412379,Polysemy,V,True,skb4uv2kf9,173,73
stall,M2_a_M1_b,stall_M2,They stalled the horse.,http://id.loc.gov/authorities/subjects/sh85077797,Livestock--Housing,stall_M1,They stalled the bus.,http://id.loc.gov/authorities/subjects/sh85010285,Automobiles--Maintenance and repair,False,inf,0,0.23085057735443115,,0.138819456,0.10032022,1257,True,7.136483209,7.246466722,Polysemy,V,False,246unkcyak,137,73
stall,M1_b_M1_a,stall_M1,They stalled the bus.,http://id.loc.gov/authorities/subjects/sh85010285,Automobiles--Maintenance and repair,stall_M1,They stalled the truck.,http://id.loc.gov/authorities/subjects/sh85010285,Automobiles--Maintenance and repair,True,0.0,1,0.017805933952331543,,0.068428814,0.032469273,1339,True,7.199678346,7.348697161,Polysemy,V,True,34628l2rmq,145,73
stall,M1_b_M1_a,stall_M1,They stalled the bus.,http://id.loc.gov/authorities/subjects/sh85010285,Automobiles--Maintenance and repair,stall_M1,They stalled the truck.,http://id.loc.gov/authorities/subjects/sh85010285,Automobiles--Maintenance and repair,True,0.0,1,0.017805933952331543,,0.068428814,0.032469273,2070,True,7.635303886,7.348697161,Polysemy,V,True,02cpp7rcbk,209,73
stall,M2_b_M1_a,stall_M2,They stalled the pig.,http://id.loc.gov/authorities/subjects/sh85077797,Livestock--Housing,stall_M1,They stalled the truck.,http://id.loc.gov/authorities/subjects/sh85010285,Automobiles--Maintenance and repair,False,inf,0,0.23085057735443115,,0.231238067,0.08733356,725,True,6.586171655,7.348697161,Polysemy,V,False,tzstmyxntu,77,73
stall,M2_b_M2_a,stall_M2,They stalled the pig.,http://id.loc.gov/authorities/subjects/sh85077797,Livestock--Housing,stall_M2,They stalled the horse.,http://id.loc.gov/authorities/subjects/sh85077797,Livestock--Housing,True,0.0,1,0.011825919151306152,,0.178040326,0.057151437,1471,False,7.293697721,7.502412379,Polysemy,V,True,3uxmxe02py,221,73
stall,M2_b_M1_a,stall_M2,They stalled the pig.,http://id.loc.gov/authorities/subjects/sh85077797,Livestock--Housing,stall_M1,They stalled the truck.,http://id.loc.gov/authorities/subjects/sh85010285,Automobiles--Maintenance and repair,False,inf,0,0.23085057735443115,,0.231238067,0.08733356,973,True,6.880384082,7.348697161,Polysemy,V,False,du57z90equ,105,73
stall,M1_b_M2_a,stall_M1,They stalled the bus.,http://id.loc.gov/authorities/subjects/sh85010285,Automobiles--Maintenance and repair,stall_M2,They stalled the horse.,http://id.loc.gov/authorities/subjects/sh85077797,Livestock--Housing,False,inf,0,0.23085057735443115,,0.138819456,0.10032022,695,True,6.543911846,7.502412379,Polysemy,V,False,k9k5bl7bsa,217,73
stall,M2_b_M2_a,stall_M2,They stalled the pig.,http://id.loc.gov/authorities/subjects/sh85077797,Livestock--Housing,stall_M2,They stalled the horse.,http://id.loc.gov/authorities/subjects/sh85077797,Livestock--Housing,True,0.0,1,0.011825919151306152,,0.178040326,0.057151437,1056,True,6.962243464,7.502412379,Polysemy,V,True,6mgqfqnfnt,115,73
stall,M1_a_M2_a,stall_M1,They stalled the truck.,http://id.loc.gov/authorities/subjects/sh85010285,Automobiles--Maintenance and repair,stall_M2,They stalled the horse.,http://id.loc.gov/authorities/subjects/sh85077797,Livestock--Housing,False,inf,0,0.23085057735443115,,0.160481989,0.079759598,2651,True,7.882692206,7.502412379,Polysemy,V,False,ctcq5oob70,185,73
stall,M2_b_M1_b,stall_M2,They stalled the pig.,http://id.loc.gov/authorities/subjects/sh85077797,Livestock--Housing,stall_M1,They stalled the bus.,http://id.loc.gov/authorities/subjects/sh85010285,Automobiles--Maintenance and repair,False,inf,0,0.23085057735443115,,0.183550537,0.112087369,722,True,6.582025139,7.246466722,Polysemy,V,False,xdomj2pout,99,73
stall,M2_b_M1_a,stall_M2,They stalled the pig.,http://id.loc.gov/authorities/subjects/sh85077797,Livestock--Housing,stall_M1,They stalled the truck.,http://id.loc.gov/authorities/subjects/sh85010285,Automobiles--Maintenance and repair,False,inf,0,0.23085057735443115,,0.231238067,0.08733356,793,True,6.675823222,7.348697161,Polysemy,V,False,rln6tvgsn6,165,73
stall,M1_a_M2_b,stall_M1,They stalled the truck.,http://id.loc.gov/authorities/subjects/sh85010285,Automobiles--Maintenance and repair,stall_M2,They stalled the pig.,http://id.loc.gov/authorities/subjects/sh85077797,Livestock--Housing,False,inf,0,0.23085057735443115,,0.231238067,0.08733356,558,False,6.324358962,7.467485121,Polysemy,V,False,meaaxoxjw2,39,73
stall,M2_a_M1_b,stall_M2,They stalled the horse.,http://id.loc.gov/authorities/subjects/sh85077797,Livestock--Housing,stall_M1,They stalled the bus.,http://id.loc.gov/authorities/subjects/sh85010285,Automobiles--Maintenance and repair,False,inf,0,0.23085057735443115,,0.138819456,0.10032022,2416,True,7.789868559,7.246466722,Polysemy,V,False,tb47bk2csv,61,73
stall,M1_a_M1_b,stall_M1,They stalled the truck.,http://id.loc.gov/authorities/subjects/sh85010285,Automobiles--Maintenance and repair,stall_M1,They stalled the bus.,http://id.loc.gov/authorities/subjects/sh85010285,Automobiles--Maintenance and repair,True,0.0,1,0.017805933952331543,,0.068428814,0.032469273,1235,True,7.118826249,7.246466722,Polysemy,V,True,phcg9go4je,83,73
stall,M2_a_M1_a,stall_M2,They stalled the horse.,http://id.loc.gov/authorities/subjects/sh85077797,Livestock--Housing,stall_M1,They stalled the truck.,http://id.loc.gov/authorities/subjects/sh85010285,Automobiles--Maintenance and repair,False,inf,0,0.23085057735443115,,0.160481989,0.079759598,1045,True,6.951772164,7.348697161,Polysemy,V,False,z2n4w2lvuj,213,73
stall,M1_a_M2_a,stall_M1,They stalled the truck.,http://id.loc.gov/authorities/subjects/sh85010285,Automobiles--Maintenance and repair,stall_M2,They stalled the horse.,http://id.loc.gov/authorities/subjects/sh85077797,Livestock--Housing,False,inf,0,0.23085057735443115,,0.160481989,0.079759598,1307,True,7.175489714,7.502412379,Polysemy,V,False,ylr2c47dx9,193,73
stall,M1_a_M1_b,stall_M1,They stalled the truck.,http://id.loc.gov/authorities/subjects/sh85010285,Automobiles--Maintenance and repair,stall_M1,They stalled the bus.,http://id.loc.gov/authorities/subjects/sh85010285,Automobiles--Maintenance and repair,True,0.0,1,0.017805933952331543,,0.068428814,0.032469273,1014,True,6.921658184,7.246466722,Polysemy,V,True,kzat707d4c,105,73
stall,M1_b_M2_b,stall_M1,They stalled the bus.,http://id.loc.gov/authorities/subjects/sh85010285,Automobiles--Maintenance and repair,stall_M2,They stalled the pig.,http://id.loc.gov/authorities/subjects/sh85077797,Livestock--Housing,False,inf,0,0.23085057735443115,,0.183550537,0.112087369,1004,False,6.9117473,7.467485121,Polysemy,V,False,11s3zyvhm4,111,73
stall,M2_a_M1_a,stall_M2,They stalled the horse.,http://id.loc.gov/authorities/subjects/sh85077797,Livestock--Housing,stall_M1,They stalled the truck.,http://id.loc.gov/authorities/subjects/sh85010285,Automobiles--Maintenance and repair,False,inf,0,0.23085057735443115,,0.160481989,0.079759598,1429,True,7.264730178,7.348697161,Polysemy,V,False,abcwwk8j44,227,73
stall,M1_b_M2_a,stall_M1,They stalled the bus.,http://id.loc.gov/authorities/subjects/sh85010285,Automobiles--Maintenance and repair,stall_M2,They stalled the horse.,http://id.loc.gov/authorities/subjects/sh85077797,Livestock--Housing,False,inf,0,0.23085057735443115,,0.138819456,0.10032022,2159,False,7.677400431,7.502412379,Polysemy,V,False,ppv7uctwr1,221,73
stall,M2_a_M1_a,stall_M2,They stalled the horse.,http://id.loc.gov/authorities/subjects/sh85077797,Livestock--Housing,stall_M1,They stalled the truck.,http://id.loc.gov/authorities/subjects/sh85010285,Automobiles--Maintenance and repair,False,inf,0,0.23085057735443115,,0.160481989,0.079759598,1008,True,6.915723449,7.348697161,Polysemy,V,False,s4hekwenop,229,73
stall,M1_b_M1_a,stall_M1,They stalled the bus.,http://id.loc.gov/authorities/subjects/sh85010285,Automobiles--Maintenance and repair,stall_M1,They stalled the truck.,http://id.loc.gov/authorities/subjects/sh85010285,Automobiles--Maintenance and repair,True,0.0,1,0.017805933952331543,,0.068428814,0.032469273,770,True,6.646390515,7.348697161,Polysemy,V,True,wo6c5zy1c7,245,73
stall,M2_a_M1_a,stall_M2,They stalled the horse.,http://id.loc.gov/authorities/subjects/sh85077797,Livestock--Housing,stall_M1,They stalled the truck.,http://id.loc.gov/authorities/subjects/sh85010285,Automobiles--Maintenance and repair,False,inf,0,0.23085057735443115,,0.160481989,0.079759598,1299,True,7.169350017,7.348697161,Polysemy,V,False,zsds20jhhb,39,73
stall,M1_a_M2_b,stall_M1,They stalled the truck.,http://id.loc.gov/authorities/subjects/sh85010285,Automobiles--Maintenance and repair,stall_M2,They stalled the pig.,http://id.loc.gov/authorities/subjects/sh85077797,Livestock--Housing,False,inf,0,0.23085057735443115,,0.231238067,0.08733356,1559,False,7.351799869,7.467485121,Polysemy,V,False,m6aw5veqof,137,73
stall,M2_b_M1_a,stall_M2,They stalled the pig.,http://id.loc.gov/authorities/subjects/sh85077797,Livestock--Housing,stall_M1,They stalled the truck.,http://id.loc.gov/authorities/subjects/sh85010285,Automobiles--Maintenance and repair,False,inf,0,0.23085057735443115,,0.231238067,0.08733356,805,True,6.690842277,7.348697161,Polysemy,V,False,6lbv5uhykm,205,73
stall,M1_b_M2_a,stall_M1,They stalled the bus.,http://id.loc.gov/authorities/subjects/sh85010285,Automobiles--Maintenance and repair,stall_M2,They stalled the horse.,http://id.loc.gov/authorities/subjects/sh85077797,Livestock--Housing,False,inf,0,0.23085057735443115,,0.138819456,0.10032022,657,True,6.487684018,7.502412379,Polysemy,V,False,68a6hn4uvz,99,73
stall,M1_b_M2_a,stall_M1,They stalled the bus.,http://id.loc.gov/authorities/subjects/sh85010285,Automobiles--Maintenance and repair,stall_M2,They stalled the horse.,http://id.loc.gov/authorities/subjects/sh85077797,Livestock--Housing,False,inf,0,0.23085057735443115,,0.138819456,0.10032022,604,True,6.403574198,7.502412379,Polysemy,V,False,9xyz8zlap8,193,73
stall,M2_a_M1_b,stall_M2,They stalled the horse.,http://id.loc.gov/authorities/subjects/sh85077797,Livestock--Housing,stall_M1,They stalled the bus.,http://id.loc.gov/authorities/subjects/sh85010285,Automobiles--Maintenance and repair,False,inf,0,0.23085057735443115,,0.138819456,0.10032022,1703,True,7.440146681,7.246466722,Polysemy,V,False,vc2ac751cz,231,73
stall,M1_a_M1_b,stall_M1,They stalled the truck.,http://id.loc.gov/authorities/subjects/sh85010285,Automobiles--Maintenance and repair,stall_M1,They stalled the bus.,http://id.loc.gov/authorities/subjects/sh85010285,Automobiles--Maintenance and repair,True,0.0,1,0.017805933952331543,,0.068428814,0.032469273,838,True,6.7310181,7.246466722,Polysemy,V,True,vxyw6621ka,109,73
stall,M1_b_M1_a,stall_M1,They stalled the bus.,http://id.loc.gov/authorities/subjects/sh85010285,Automobiles--Maintenance and repair,stall_M1,They stalled the truck.,http://id.loc.gov/authorities/subjects/sh85010285,Automobiles--Maintenance and repair,True,0.0,1,0.017805933952331543,,0.068428814,0.032469273,2432,True,7.796469243,7.348697161,Polysemy,V,True,4suqxr8zom,103,73
stall,M1_b_M1_a,stall_M1,They stalled the bus.,http://id.loc.gov/authorities/subjects/sh85010285,Automobiles--Maintenance and repair,stall_M1,They stalled the truck.,http://id.loc.gov/authorities/subjects/sh85010285,Automobiles--Maintenance and repair,True,0.0,1,0.017805933952331543,,0.068428814,0.032469273,864,True,6.761572769,7.348697161,Polysemy,V,True,jls43v8rj0,153,73
stall,M1_b_M2_b,stall_M1,They stalled the bus.,http://id.loc.gov/authorities/subjects/sh85010285,Automobiles--Maintenance and repair,stall_M2,They stalled the pig.,http://id.loc.gov/authorities/subjects/sh85077797,Livestock--Housing,False,inf,0,0.23085057735443115,,0.183550537,0.112087369,1148,False,7.045776577,7.467485121,Polysemy,V,False,ne1wq8w4qw,107,73
stall,M2_b_M2_a,stall_M2,They stalled the pig.,http://id.loc.gov/authorities/subjects/sh85077797,Livestock--Housing,stall_M2,They stalled the horse.,http://id.loc.gov/authorities/subjects/sh85077797,Livestock--Housing,True,0.0,1,0.011825919151306152,,0.178040326,0.057151437,737,True,6.602587892,7.502412379,Polysemy,V,True,xdapyucpqa,153,73
stall,M1_b_M2_a,stall_M1,They stalled the bus.,http://id.loc.gov/authorities/subjects/sh85010285,Automobiles--Maintenance and repair,stall_M2,They stalled the horse.,http://id.loc.gov/authorities/subjects/sh85077797,Livestock--Housing,False,inf,0,0.23085057735443115,,0.138819456,0.10032022,994,True,6.901737207,7.502412379,Polysemy,V,False,jrnkr73qqa,165,73
stall,M2_b_M1_b,stall_M2,They stalled the pig.,http://id.loc.gov/authorities/subjects/sh85077797,Livestock--Housing,stall_M1,They stalled the bus.,http://id.loc.gov/authorities/subjects/sh85010285,Automobiles--Maintenance and repair,False,inf,0,0.23085057735443115,,0.183550537,0.112087369,1138,False,7.037027615,7.246466722,Polysemy,V,False,kgyhdlaomp,49,73
stall,M1_a_M2_a,stall_M1,They stalled the truck.,http://id.loc.gov/authorities/subjects/sh85010285,Automobiles--Maintenance and repair,stall_M2,They stalled the horse.,http://id.loc.gov/authorities/subjects/sh85077797,Livestock--Housing,False,inf,0,0.23085057735443115,,0.160481989,0.079759598,1925,False,7.562681247,7.502412379,Polysemy,V,False,lpduruhrnk,31,73
stall,M2_b_M2_a,stall_M2,They stalled the pig.,http://id.loc.gov/authorities/subjects/sh85077797,Livestock--Housing,stall_M2,They stalled the horse.,http://id.loc.gov/authorities/subjects/sh85077797,Livestock--Housing,True,0.0,1,0.011825919151306152,,0.178040326,0.057151437,710,True,6.56526497,7.502412379,Polysemy,V,True,etthd39jyc,229,73
stall,M2_a_M1_b,stall_M2,They stalled the horse.,http://id.loc.gov/authorities/subjects/sh85077797,Livestock--Housing,stall_M1,They stalled the bus.,http://id.loc.gov/authorities/subjects/sh85010285,Automobiles--Maintenance and repair,False,inf,0,0.23085057735443115,,0.138819456,0.10032022,1436,True,7.26961675,7.246466722,Polysemy,V,False,pm85lle7oc,91,73
stall,M2_a_M1_b,stall_M2,They stalled the horse.,http://id.loc.gov/authorities/subjects/sh85077797,Livestock--Housing,stall_M1,They stalled the bus.,http://id.loc.gov/authorities/subjects/sh85010285,Automobiles--Maintenance and repair,False,inf,0,0.23085057735443115,,0.138819456,0.10032022,747,True,6.616065185,7.246466722,Polysemy,V,False,nh9sg3fncc,113,73
stall,M2_b_M1_b,stall_M2,They stalled the pig.,http://id.loc.gov/authorities/subjects/sh85077797,Livestock--Housing,stall_M1,They stalled the bus.,http://id.loc.gov/authorities/subjects/sh85010285,Automobiles--Maintenance and repair,False,inf,0,0.23085057735443115,,0.183550537,0.112087369,1460,True,7.286191715,7.246466722,Polysemy,V,False,sufdrtgf9g,169,73
hail,M1_a_M1_b,hail_M1,They hailed a cab.,http://id.loc.gov/authorities/subjects/sh85122402,Signals and signaling,hail_M1,They hailed a taxi.,http://id.loc.gov/authorities/subjects/sh85122402,Signals and signaling,True,0.0,1,0.017852306365966797,,0.028505385,0.029815912,662,True,6.495265556,7.281163896,Polysemy,V,True,u6tgegpyj0,99,84
hail,M1_a_M2_a,hail_M1,They hailed a cab.,http://id.loc.gov/authorities/subjects/sh85122402,Signals and signaling,hail_M2,They hailed a friend.,http://id.loc.gov/authorities/subjects/sh85116911,Salutations,False,6.0,1,0.5132020115852356,,0.281277299,0.097313643,1866,False,7.531552381,7.43857709,Polysemy,V,False,satgb3rqke,207,84
hail,M2_b_M1_a,hail_M2,They hailed a guest.,http://id.loc.gov/authorities/subjects/sh85116911,Salutations,hail_M1,They hailed a cab.,http://id.loc.gov/authorities/subjects/sh85122402,Signals and signaling,False,6.0,1,0.5132020115852356,,0.294083297,0.092353225,863,True,6.760414691,7.184842318,Polysemy,V,False,urq6h944hm,217,84
hail,M1_b_M2_a,hail_M1,They hailed a taxi.,http://id.loc.gov/authorities/subjects/sh85122402,Signals and signaling,hail_M2,They hailed a friend.,http://id.loc.gov/authorities/subjects/sh85116911,Salutations,False,6.0,1,0.5132020115852356,,0.277096033,0.095104337,935,True,6.840546529,7.43857709,Polysemy,V,False,v75fv9pagb,87,84
hail,M1_b_M2_b,hail_M1,They hailed a taxi.,http://id.loc.gov/authorities/subjects/sh85122402,Signals and signaling,hail_M2,They hailed a guest.,http://id.loc.gov/authorities/subjects/sh85116911,Salutations,False,6.0,1,0.5132020115852356,,0.294228375,0.096482575,1175,False,7.069023427,7.454643909,Polysemy,V,False,np8fheoehh,219,84
hail,M1_b_M2_b,hail_M1,They hailed a taxi.,http://id.loc.gov/authorities/subjects/sh85122402,Signals and signaling,hail_M2,They hailed a guest.,http://id.loc.gov/authorities/subjects/sh85116911,Salutations,False,6.0,1,0.5132020115852356,,0.294228375,0.096482575,716,True,6.573680167,7.454643909,Polysemy,V,False,xyokc18f4l,195,84
hail,M1_a_M2_b,hail_M1,They hailed a cab.,http://id.loc.gov/authorities/subjects/sh85122402,Signals and signaling,hail_M2,They hailed a guest.,http://id.loc.gov/authorities/subjects/sh85116911,Salutations,False,6.0,1,0.5132020115852356,,0.294083297,0.092353225,1230,False,7.114769448,7.454643909,Polysemy,V,False,nkwr4ou2vr,237,84
hail,M1_b_M1_a,hail_M1,They hailed a taxi.,http://id.loc.gov/authorities/subjects/sh85122402,Signals and signaling,hail_M1,They hailed a cab.,http://id.loc.gov/authorities/subjects/sh85122402,Signals and signaling,True,0.0,1,0.017852306365966797,,0.028505385,0.029815912,1120,True,7.021083964,7.184842318,Polysemy,V,True,bjdam1cm56,203,84
hail,M1_a_M2_b,hail_M1,They hailed a cab.,http://id.loc.gov/authorities/subjects/sh85122402,Signals and signaling,hail_M2,They hailed a guest.,http://id.loc.gov/authorities/subjects/sh85116911,Salutations,False,6.0,1,0.5132020115852356,,0.294083297,0.092353225,1595,False,7.374629015,7.454643909,Polysemy,V,False,gl71hqusr0,41,84
hail,M1_b_M2_a,hail_M1,They hailed a taxi.,http://id.loc.gov/authorities/subjects/sh85122402,Signals and signaling,hail_M2,They hailed a friend.,http://id.loc.gov/authorities/subjects/sh85116911,Salutations,False,6.0,1,0.5132020115852356,,0.277096033,0.095104337,731,False,6.59441346,7.43857709,Polysemy,V,False,b3kl0cgv2r,177,84
hail,M1_b_M1_a,hail_M1,They hailed a taxi.,http://id.loc.gov/authorities/subjects/sh85122402,Signals and signaling,hail_M1,They hailed a cab.,http://id.loc.gov/authorities/subjects/sh85122402,Signals and signaling,True,0.0,1,0.017852306365966797,,0.028505385,0.029815912,813,True,6.70073111,7.184842318,Polysemy,V,True,ze8q4rklbg,149,84
hail,M1_a_M1_b,hail_M1,They hailed a cab.,http://id.loc.gov/authorities/subjects/sh85122402,Signals and signaling,hail_M1,They hailed a taxi.,http://id.loc.gov/authorities/subjects/sh85122402,Signals and signaling,True,0.0,1,0.017852306365966797,,0.028505385,0.029815912,740,True,6.606650186,7.281163896,Polysemy,V,True,sn1yu7vsxd,241,84
hail,M2_b_M1_b,hail_M2,They hailed a guest.,http://id.loc.gov/authorities/subjects/sh85116911,Salutations,hail_M1,They hailed a taxi.,http://id.loc.gov/authorities/subjects/sh85122402,Signals and signaling,False,6.0,1,0.5132020115852356,,0.294228375,0.096482575,1220,True,7.106606138,7.281163896,Polysemy,V,False,4c5xx9azr7,99,84
hail,M2_a_M1_b,hail_M2,They hailed a friend.,http://id.loc.gov/authorities/subjects/sh85116911,Salutations,hail_M1,They hailed a taxi.,http://id.loc.gov/authorities/subjects/sh85122402,Signals and signaling,False,6.0,1,0.5132020115852356,,0.277096033,0.095104337,1648,False,7.40731771,7.281163896,Polysemy,V,False,h6swhj4mme,101,84
hail,M1_b_M2_b,hail_M1,They hailed a taxi.,http://id.loc.gov/authorities/subjects/sh85122402,Signals and signaling,hail_M2,They hailed a guest.,http://id.loc.gov/authorities/subjects/sh85116911,Salutations,False,6.0,1,0.5132020115852356,,0.294228375,0.096482575,1085,True,6.989335266,7.454643909,Polysemy,V,False,dbd0l1933k,235,84
hail,M2_a_M1_b,hail_M2,They hailed a friend.,http://id.loc.gov/authorities/subjects/sh85116911,Salutations,hail_M1,They hailed a taxi.,http://id.loc.gov/authorities/subjects/sh85122402,Signals and signaling,False,6.0,1,0.5132020115852356,,0.277096033,0.095104337,2001,True,7.601402335,7.281163896,Polysemy,V,False,spkx08cwjj,97,84
hail,M2_a_M1_a,hail_M2,They hailed a friend.,http://id.loc.gov/authorities/subjects/sh85116911,Salutations,hail_M1,They hailed a cab.,http://id.loc.gov/authorities/subjects/sh85122402,Signals and signaling,False,6.0,1,0.5132020115852356,,0.281277299,0.097313643,724,True,6.584791392,7.184842318,Polysemy,V,False,flr5bk7hm2,207,84
hail,M1_b_M2_b,hail_M1,They hailed a taxi.,http://id.loc.gov/authorities/subjects/sh85122402,Signals and signaling,hail_M2,They hailed a guest.,http://id.loc.gov/authorities/subjects/sh85116911,Salutations,False,6.0,1,0.5132020115852356,,0.294228375,0.096482575,3226,True,8.078998259,7.454643909,Polysemy,V,False,y8z6hxvply,39,84
hail,M1_a_M2_a,hail_M1,They hailed a cab.,http://id.loc.gov/authorities/subjects/sh85122402,Signals and signaling,hail_M2,They hailed a friend.,http://id.loc.gov/authorities/subjects/sh85116911,Salutations,False,6.0,1,0.5132020115852356,,0.281277299,0.097313643,1601,True,7.378383713,7.43857709,Polysemy,V,False,wdgq8cekjp,235,84
hail,M2_b_M1_b,hail_M2,They hailed a guest.,http://id.loc.gov/authorities/subjects/sh85116911,Salutations,hail_M1,They hailed a taxi.,http://id.loc.gov/authorities/subjects/sh85122402,Signals and signaling,False,6.0,1,0.5132020115852356,,0.294228375,0.096482575,1336,False,7.197435354,7.281163896,Polysemy,V,False,r5r8zoalta,49,84
hail,M1_b_M1_a,hail_M1,They hailed a taxi.,http://id.loc.gov/authorities/subjects/sh85122402,Signals and signaling,hail_M1,They hailed a cab.,http://id.loc.gov/authorities/subjects/sh85122402,Signals and signaling,True,0.0,1,0.017852306365966797,,0.028505385,0.029815912,1042,True,6.948897222,7.184842318,Polysemy,V,True,ra0zaqlxos,211,84
hail,M2_b_M2_a,hail_M2,They hailed a guest.,http://id.loc.gov/authorities/subjects/sh85116911,Salutations,hail_M2,They hailed a friend.,http://id.loc.gov/authorities/subjects/sh85116911,Salutations,True,0.0,1,0.028803110122680664,,0.11702776,0.048453987,807,True,6.693323668,7.43857709,Polysemy,V,True,961ytz4h4r,205,84
hail,M1_b_M2_b,hail_M1,They hailed a taxi.,http://id.loc.gov/authorities/subjects/sh85122402,Signals and signaling,hail_M2,They hailed a guest.,http://id.loc.gov/authorities/subjects/sh85116911,Salutations,False,6.0,1,0.5132020115852356,,0.294228375,0.096482575,1310,False,7.177782416,7.454643909,Polysemy,V,False,evdgzy3cvj,45,84
hail,M1_b_M1_a,hail_M1,They hailed a taxi.,http://id.loc.gov/authorities/subjects/sh85122402,Signals and signaling,hail_M1,They hailed a cab.,http://id.loc.gov/authorities/subjects/sh85122402,Signals and signaling,True,0.0,1,0.017852306365966797,,0.028505385,0.029815912,1046,False,6.952728645,7.184842318,Polysemy,V,True,nuoxoyemfp,165,84
hail,M1_a_M2_a,hail_M1,They hailed a cab.,http://id.loc.gov/authorities/subjects/sh85122402,Signals and signaling,hail_M2,They hailed a friend.,http://id.loc.gov/authorities/subjects/sh85116911,Salutations,False,6.0,1,0.5132020115852356,,0.281277299,0.097313643,1136,False,7.035268599,7.43857709,Polysemy,V,False,j9vhr9vzec,153,84
hail,M1_a_M2_a,hail_M1,They hailed a cab.,http://id.loc.gov/authorities/subjects/sh85122402,Signals and signaling,hail_M2,They hailed a friend.,http://id.loc.gov/authorities/subjects/sh85116911,Salutations,False,6.0,1,0.5132020115852356,,0.281277299,0.097313643,2625,True,7.872836175,7.43857709,Polysemy,V,False,kfp2rkd57s,247,84
hail,M2_a_M2_b,hail_M2,They hailed a friend.,http://id.loc.gov/authorities/subjects/sh85116911,Salutations,hail_M2,They hailed a guest.,http://id.loc.gov/authorities/subjects/sh85116911,Salutations,True,0.0,1,0.028803110122680664,,0.11702776,0.048453987,1612,False,7.385230923,7.454643909,Polysemy,V,True,m3g5101vta,163,84
hail,M1_a_M2_a,hail_M1,They hailed a cab.,http://id.loc.gov/authorities/subjects/sh85122402,Signals and signaling,hail_M2,They hailed a friend.,http://id.loc.gov/authorities/subjects/sh85116911,Salutations,False,6.0,1,0.5132020115852356,,0.281277299,0.097313643,808,False,6.694562059,7.43857709,Polysemy,V,False,1lzneddpkq,91,84
hail,M1_a_M2_b,hail_M1,They hailed a cab.,http://id.loc.gov/authorities/subjects/sh85122402,Signals and signaling,hail_M2,They hailed a guest.,http://id.loc.gov/authorities/subjects/sh85116911,Salutations,False,6.0,1,0.5132020115852356,,0.294083297,0.092353225,959,False,6.865891075,7.454643909,Polysemy,V,False,z02r2dprrd,173,84
hail,M1_a_M2_a,hail_M1,They hailed a cab.,http://id.loc.gov/authorities/subjects/sh85122402,Signals and signaling,hail_M2,They hailed a friend.,http://id.loc.gov/authorities/subjects/sh85116911,Salutations,False,6.0,1,0.5132020115852356,,0.281277299,0.097313643,2273,True,7.728855824,7.43857709,Polysemy,V,False,w7t2pcpr1z,225,84
hail,M1_a_M2_a,hail_M1,They hailed a cab.,http://id.loc.gov/authorities/subjects/sh85122402,Signals and signaling,hail_M2,They hailed a friend.,http://id.loc.gov/authorities/subjects/sh85116911,Salutations,False,6.0,1,0.5132020115852356,,0.281277299,0.097313643,734,True,6.598509029,7.43857709,Polysemy,V,False,ja9zqgwnkl,109,84
hail,M2_b_M1_a,hail_M2,They hailed a guest.,http://id.loc.gov/authorities/subjects/sh85116911,Salutations,hail_M1,They hailed a cab.,http://id.loc.gov/authorities/subjects/sh85122402,Signals and signaling,False,6.0,1,0.5132020115852356,,0.294083297,0.092353225,1063,True,6.968850378,7.184842318,Polysemy,V,False,somzvrxnz4,55,84
hail,M2_a_M1_b,hail_M2,They hailed a friend.,http://id.loc.gov/authorities/subjects/sh85116911,Salutations,hail_M1,They hailed a taxi.,http://id.loc.gov/authorities/subjects/sh85122402,Signals and signaling,False,6.0,1,0.5132020115852356,,0.277096033,0.095104337,821,True,6.710523109,7.281163896,Polysemy,V,False,mketfayzl8,235,84
hail,M1_a_M2_b,hail_M1,They hailed a cab.,http://id.loc.gov/authorities/subjects/sh85122402,Signals and signaling,hail_M2,They hailed a guest.,http://id.loc.gov/authorities/subjects/sh85116911,Salutations,False,6.0,1,0.5132020115852356,,0.294083297,0.092353225,515,True,6.244166901,7.454643909,Polysemy,V,False,7hhbw0w7y1,87,84
hail,M2_a_M1_a,hail_M2,They hailed a friend.,http://id.loc.gov/authorities/subjects/sh85116911,Salutations,hail_M1,They hailed a cab.,http://id.loc.gov/authorities/subjects/sh85122402,Signals and signaling,False,6.0,1,0.5132020115852356,,0.281277299,0.097313643,514,True,6.242223265,7.184842318,Polysemy,V,False,ygz7kz72u2,157,84
hail,M2_a_M2_b,hail_M2,They hailed a friend.,http://id.loc.gov/authorities/subjects/sh85116911,Salutations,hail_M2,They hailed a guest.,http://id.loc.gov/authorities/subjects/sh85116911,Salutations,True,0.0,1,0.028803110122680664,,0.11702776,0.048453987,1817,False,7.504942068,7.454643909,Polysemy,V,True,unzj7yx25l,179,84
hail,M2_b_M1_b,hail_M2,They hailed a guest.,http://id.loc.gov/authorities/subjects/sh85116911,Salutations,hail_M1,They hailed a taxi.,http://id.loc.gov/authorities/subjects/sh85122402,Signals and signaling,False,6.0,1,0.5132020115852356,,0.294228375,0.096482575,1112,True,7.013915475,7.281163896,Polysemy,V,False,aekg0u74jn,153,84
hail,M2_a_M1_a,hail_M2,They hailed a friend.,http://id.loc.gov/authorities/subjects/sh85116911,Salutations,hail_M1,They hailed a cab.,http://id.loc.gov/authorities/subjects/sh85122402,Signals and signaling,False,6.0,1,0.5132020115852356,,0.281277299,0.097313643,934,True,6.839476438,7.184842318,Polysemy,V,False,yoo60pl9o6,113,84
hail,M1_a_M1_b,hail_M1,They hailed a cab.,http://id.loc.gov/authorities/subjects/sh85122402,Signals and signaling,hail_M1,They hailed a taxi.,http://id.loc.gov/authorities/subjects/sh85122402,Signals and signaling,True,0.0,1,0.017852306365966797,,0.028505385,0.029815912,1092,False,6.995766156,7.281163896,Polysemy,V,True,zglqpt5fh7,183,84
hail,M2_b_M2_a,hail_M2,They hailed a guest.,http://id.loc.gov/authorities/subjects/sh85116911,Salutations,hail_M2,They hailed a friend.,http://id.loc.gov/authorities/subjects/sh85116911,Salutations,True,0.0,1,0.028803110122680664,,0.11702776,0.048453987,844,True,6.738152495,7.43857709,Polysemy,V,True,prlu1sa9my,103,84
hail,M2_b_M1_b,hail_M2,They hailed a guest.,http://id.loc.gov/authorities/subjects/sh85116911,Salutations,hail_M1,They hailed a taxi.,http://id.loc.gov/authorities/subjects/sh85122402,Signals and signaling,False,6.0,1,0.5132020115852356,,0.294228375,0.096482575,928,True,6.833031733,7.281163896,Polysemy,V,False,luke3ctol0,125,84
hail,M2_a_M2_b,hail_M2,They hailed a friend.,http://id.loc.gov/authorities/subjects/sh85116911,Salutations,hail_M2,They hailed a guest.,http://id.loc.gov/authorities/subjects/sh85116911,Salutations,True,0.0,1,0.028803110122680664,,0.11702776,0.048453987,1241,False,7.123672785,7.454643909,Polysemy,V,True,sndaggja6a,107,84
hail,M2_b_M1_b,hail_M2,They hailed a guest.,http://id.loc.gov/authorities/subjects/sh85116911,Salutations,hail_M1,They hailed a taxi.,http://id.loc.gov/authorities/subjects/sh85122402,Signals and signaling,False,6.0,1,0.5132020115852356,,0.294228375,0.096482575,1080,True,6.98471632,7.281163896,Polysemy,V,False,bqho6xb6vp,47,84
hail,M2_b_M1_a,hail_M2,They hailed a guest.,http://id.loc.gov/authorities/subjects/sh85116911,Salutations,hail_M1,They hailed a cab.,http://id.loc.gov/authorities/subjects/sh85122402,Signals and signaling,False,6.0,1,0.5132020115852356,,0.294083297,0.092353225,762,True,6.635946556,7.184842318,Polysemy,V,False,50rd5uu19e,249,84
hail,M2_a_M2_b,hail_M2,They hailed a friend.,http://id.loc.gov/authorities/subjects/sh85116911,Salutations,hail_M2,They hailed a guest.,http://id.loc.gov/authorities/subjects/sh85116911,Salutations,True,0.0,1,0.028803110122680664,,0.11702776,0.048453987,1069,False,6.974478911,7.454643909,Polysemy,V,True,vm3yk3su0e,181,84
hail,M2_b_M1_b,hail_M2,They hailed a guest.,http://id.loc.gov/authorities/subjects/sh85116911,Salutations,hail_M1,They hailed a taxi.,http://id.loc.gov/authorities/subjects/sh85122402,Signals and signaling,False,6.0,1,0.5132020115852356,,0.294228375,0.096482575,613,True,6.418364936,7.281163896,Polysemy,V,False,l4avquduxt,205,84
hail,M1_b_M2_a,hail_M1,They hailed a taxi.,http://id.loc.gov/authorities/subjects/sh85122402,Signals and signaling,hail_M2,They hailed a friend.,http://id.loc.gov/authorities/subjects/sh85116911,Salutations,False,6.0,1,0.5132020115852356,,0.277096033,0.095104337,1092,False,6.995766156,7.43857709,Polysemy,V,False,dthp9ekqaq,79,84
hail,M1_b_M2_b,hail_M1,They hailed a taxi.,http://id.loc.gov/authorities/subjects/sh85122402,Signals and signaling,hail_M2,They hailed a guest.,http://id.loc.gov/authorities/subjects/sh85116911,Salutations,False,6.0,1,0.5132020115852356,,0.294228375,0.096482575,1993,True,7.59739632,7.454643909,Polysemy,V,False,dol693zfl0,31,84
hail,M2_b_M2_a,hail_M2,They hailed a guest.,http://id.loc.gov/authorities/subjects/sh85116911,Salutations,hail_M2,They hailed a friend.,http://id.loc.gov/authorities/subjects/sh85116911,Salutations,True,0.0,1,0.028803110122680664,,0.11702776,0.048453987,734,False,6.598509029,7.43857709,Polysemy,V,True,8tl61v5cpb,81,84
hail,M1_a_M2_b,hail_M1,They hailed a cab.,http://id.loc.gov/authorities/subjects/sh85122402,Signals and signaling,hail_M2,They hailed a guest.,http://id.loc.gov/authorities/subjects/sh85116911,Salutations,False,6.0,1,0.5132020115852356,,0.294083297,0.092353225,1523,False,7.328437353,7.454643909,Polysemy,V,False,rrf38z917v,37,84
hail,M1_a_M2_a,hail_M1,They hailed a cab.,http://id.loc.gov/authorities/subjects/sh85122402,Signals and signaling,hail_M2,They hailed a friend.,http://id.loc.gov/authorities/subjects/sh85116911,Salutations,False,6.0,1,0.5132020115852356,,0.281277299,0.097313643,2260,False,7.723120092,7.43857709,Polysemy,V,False,1wzodbsf7y,209,84
hail,M1_b_M2_b,hail_M1,They hailed a taxi.,http://id.loc.gov/authorities/subjects/sh85122402,Signals and signaling,hail_M2,They hailed a guest.,http://id.loc.gov/authorities/subjects/sh85116911,Salutations,False,6.0,1,0.5132020115852356,,0.294228375,0.096482575,733,True,6.597145702,7.454643909,Polysemy,V,False,d4b99ue0tu,63,84
hail,M1_b_M2_b,hail_M1,They hailed a taxi.,http://id.loc.gov/authorities/subjects/sh85122402,Signals and signaling,hail_M2,They hailed a guest.,http://id.loc.gov/authorities/subjects/sh85116911,Salutations,False,6.0,1,0.5132020115852356,,0.294228375,0.096482575,570,True,6.345636361,7.454643909,Polysemy,V,False,xesfu0h98k,205,84
hail,M2_a_M2_b,hail_M2,They hailed a friend.,http://id.loc.gov/authorities/subjects/sh85116911,Salutations,hail_M2,They hailed a guest.,http://id.loc.gov/authorities/subjects/sh85116911,Salutations,True,0.0,1,0.028803110122680664,,0.11702776,0.048453987,1305,False,7.17395832,7.454643909,Polysemy,V,True,h0th05ppt7,83,84
hail,M1_a_M2_b,hail_M1,They hailed a cab.,http://id.loc.gov/authorities/subjects/sh85122402,Signals and signaling,hail_M2,They hailed a guest.,http://id.loc.gov/authorities/subjects/sh85116911,Salutations,False,6.0,1,0.5132020115852356,,0.294083297,0.092353225,1026,False,6.933423026,7.454643909,Polysemy,V,False,mhz82a74k9,43,84
hail,M2_a_M1_b,hail_M2,They hailed a friend.,http://id.loc.gov/authorities/subjects/sh85116911,Salutations,hail_M1,They hailed a taxi.,http://id.loc.gov/authorities/subjects/sh85122402,Signals and signaling,False,6.0,1,0.5132020115852356,,0.277096033,0.095104337,590,True,6.380122537,7.281163896,Polysemy,V,False,p7h7xsjj50,181,84
hail,M2_a_M1_a,hail_M2,They hailed a friend.,http://id.loc.gov/authorities/subjects/sh85116911,Salutations,hail_M1,They hailed a cab.,http://id.loc.gov/authorities/subjects/sh85122402,Signals and signaling,False,6.0,1,0.5132020115852356,,0.281277299,0.097313643,696,True,6.54534966,7.184842318,Polysemy,V,False,g3flm4j14z,67,84
hail,M1_b_M1_a,hail_M1,They hailed a taxi.,http://id.loc.gov/authorities/subjects/sh85122402,Signals and signaling,hail_M1,They hailed a cab.,http://id.loc.gov/authorities/subjects/sh85122402,Signals and signaling,True,0.0,1,0.017852306365966797,,0.028505385,0.029815912,764,True,6.638567789,7.184842318,Polysemy,V,True,7poq0nl7yt,157,84
hail,M2_a_M1_a,hail_M2,They hailed a friend.,http://id.loc.gov/authorities/subjects/sh85116911,Salutations,hail_M1,They hailed a cab.,http://id.loc.gov/authorities/subjects/sh85122402,Signals and signaling,False,6.0,1,0.5132020115852356,,0.281277299,0.097313643,564,True,6.335054251,7.184842318,Polysemy,V,False,21s95lnz0l,175,84
hail,M2_b_M1_a,hail_M2,They hailed a guest.,http://id.loc.gov/authorities/subjects/sh85116911,Salutations,hail_M1,They hailed a cab.,http://id.loc.gov/authorities/subjects/sh85122402,Signals and signaling,False,6.0,1,0.5132020115852356,,0.294083297,0.092353225,763,True,6.637258031,7.184842318,Polysemy,V,False,kcv5v2zj80,95,84
hail,M1_b_M2_b,hail_M1,They hailed a taxi.,http://id.loc.gov/authorities/subjects/sh85122402,Signals and signaling,hail_M2,They hailed a guest.,http://id.loc.gov/authorities/subjects/sh85116911,Salutations,False,6.0,1,0.5132020115852356,,0.294228375,0.096482575,1326,False,7.189922171,7.454643909,Polysemy,V,False,a0u2yg5j7e,135,84
hail,M2_b_M2_a,hail_M2,They hailed a guest.,http://id.loc.gov/authorities/subjects/sh85116911,Salutations,hail_M2,They hailed a friend.,http://id.loc.gov/authorities/subjects/sh85116911,Salutations,True,0.0,1,0.028803110122680664,,0.11702776,0.048453987,1457,False,7.284134806,7.43857709,Polysemy,V,True,11pz67y2jv,235,84
hail,M2_a_M1_b,hail_M2,They hailed a friend.,http://id.loc.gov/authorities/subjects/sh85116911,Salutations,hail_M1,They hailed a taxi.,http://id.loc.gov/authorities/subjects/sh85122402,Signals and signaling,False,6.0,1,0.5132020115852356,,0.277096033,0.095104337,728,True,6.590301048,7.281163896,Polysemy,V,False,tzstmyxntu,113,84
hail,M2_a_M2_b,hail_M2,They hailed a friend.,http://id.loc.gov/authorities/subjects/sh85116911,Salutations,hail_M2,They hailed a guest.,http://id.loc.gov/authorities/subjects/sh85116911,Salutations,True,0.0,1,0.028803110122680664,,0.11702776,0.048453987,1427,True,7.263329617,7.454643909,Polysemy,V,True,3uxmxe02py,227,84
hail,M2_a_M1_b,hail_M2,They hailed a friend.,http://id.loc.gov/authorities/subjects/sh85116911,Salutations,hail_M1,They hailed a taxi.,http://id.loc.gov/authorities/subjects/sh85122402,Signals and signaling,False,6.0,1,0.5132020115852356,,0.277096033,0.095104337,1452,True,7.280697195,7.281163896,Polysemy,V,False,guqltyqrjz,59,84
hail,M1_b_M2_b,hail_M1,They hailed a taxi.,http://id.loc.gov/authorities/subjects/sh85122402,Signals and signaling,hail_M2,They hailed a guest.,http://id.loc.gov/authorities/subjects/sh85116911,Salutations,False,6.0,1,0.5132020115852356,,0.294228375,0.096482575,2147,False,7.671826798,7.454643909,Polysemy,V,False,jwcxuk91x6,59,84
hail,M1_a_M2_b,hail_M1,They hailed a cab.,http://id.loc.gov/authorities/subjects/sh85122402,Signals and signaling,hail_M2,They hailed a guest.,http://id.loc.gov/authorities/subjects/sh85116911,Salutations,False,6.0,1,0.5132020115852356,,0.294083297,0.092353225,657,False,6.487684018,7.454643909,Polysemy,V,False,k9k5bl7bsa,139,84
hail,M2_a_M1_b,hail_M2,They hailed a friend.,http://id.loc.gov/authorities/subjects/sh85116911,Salutations,hail_M1,They hailed a taxi.,http://id.loc.gov/authorities/subjects/sh85122402,Signals and signaling,False,6.0,1,0.5132020115852356,,0.277096033,0.095104337,1010,True,6.91770561,7.281163896,Polysemy,V,False,aq8lxy7f2y,249,84
hail,M2_b_M1_b,hail_M2,They hailed a guest.,http://id.loc.gov/authorities/subjects/sh85116911,Salutations,hail_M1,They hailed a taxi.,http://id.loc.gov/authorities/subjects/sh85122402,Signals and signaling,False,6.0,1,0.5132020115852356,,0.294228375,0.096482575,1199,True,7.089243155,7.281163896,Polysemy,V,False,6mgqfqnfnt,149,84
hail,M2_a_M2_b,hail_M2,They hailed a friend.,http://id.loc.gov/authorities/subjects/sh85116911,Salutations,hail_M2,They hailed a guest.,http://id.loc.gov/authorities/subjects/sh85116911,Salutations,True,0.0,1,0.028803110122680664,,0.11702776,0.048453987,820,False,6.70930434,7.454643909,Polysemy,V,True,o40xglp55j,119,84
hail,M1_a_M2_a,hail_M1,They hailed a cab.,http://id.loc.gov/authorities/subjects/sh85122402,Signals and signaling,hail_M2,They hailed a friend.,http://id.loc.gov/authorities/subjects/sh85116911,Salutations,False,6.0,1,0.5132020115852356,,0.281277299,0.097313643,2108,True,7.65349491,7.43857709,Polysemy,V,False,y52zt9vjyf,41,84
hail,M1_b_M2_b,hail_M1,They hailed a taxi.,http://id.loc.gov/authorities/subjects/sh85122402,Signals and signaling,hail_M2,They hailed a guest.,http://id.loc.gov/authorities/subjects/sh85116911,Salutations,False,6.0,1,0.5132020115852356,,0.294228375,0.096482575,1086,False,6.9902565,7.454643909,Polysemy,V,False,xdomj2pout,173,84
hail,M1_b_M2_a,hail_M1,They hailed a taxi.,http://id.loc.gov/authorities/subjects/sh85122402,Signals and signaling,hail_M2,They hailed a friend.,http://id.loc.gov/authorities/subjects/sh85116911,Salutations,False,6.0,1,0.5132020115852356,,0.277096033,0.095104337,1274,False,7.149916836,7.43857709,Polysemy,V,False,tb47bk2csv,107,84
hail,M2_b_M1_b,hail_M2,They hailed a guest.,http://id.loc.gov/authorities/subjects/sh85116911,Salutations,hail_M1,They hailed a taxi.,http://id.loc.gov/authorities/subjects/sh85122402,Signals and signaling,False,6.0,1,0.5132020115852356,,0.294228375,0.096482575,752,True,6.622736324,7.281163896,Polysemy,V,False,kzt7mhlhq0,223,84
hail,M2_b_M1_a,hail_M2,They hailed a guest.,http://id.loc.gov/authorities/subjects/sh85116911,Salutations,hail_M1,They hailed a cab.,http://id.loc.gov/authorities/subjects/sh85122402,Signals and signaling,False,6.0,1,0.5132020115852356,,0.294083297,0.092353225,1099,False,7.002155954,7.184842318,Polysemy,V,False,phcg9go4je,171,84
hail,M1_b_M2_a,hail_M1,They hailed a taxi.,http://id.loc.gov/authorities/subjects/sh85122402,Signals and signaling,hail_M2,They hailed a friend.,http://id.loc.gov/authorities/subjects/sh85116911,Salutations,False,6.0,1,0.5132020115852356,,0.277096033,0.095104337,560,True,6.327936784,7.43857709,Polysemy,V,False,14y9ru14du,205,84
hail,M2_a_M1_b,hail_M2,They hailed a friend.,http://id.loc.gov/authorities/subjects/sh85116911,Salutations,hail_M1,They hailed a taxi.,http://id.loc.gov/authorities/subjects/sh85122402,Signals and signaling,False,6.0,1,0.5132020115852356,,0.277096033,0.095104337,1708,True,7.443078374,7.281163896,Polysemy,V,False,rgkj29k85f,107,84
hail,M2_a_M1_a,hail_M2,They hailed a friend.,http://id.loc.gov/authorities/subjects/sh85116911,Salutations,hail_M1,They hailed a cab.,http://id.loc.gov/authorities/subjects/sh85122402,Signals and signaling,False,6.0,1,0.5132020115852356,,0.281277299,0.097313643,619,True,6.428105273,7.184842318,Polysemy,V,False,zc0tcyzalc,165,84
hail,M1_a_M1_b,hail_M1,They hailed a cab.,http://id.loc.gov/authorities/subjects/sh85122402,Signals and signaling,hail_M1,They hailed a taxi.,http://id.loc.gov/authorities/subjects/sh85122402,Signals and signaling,True,0.0,1,0.017852306365966797,,0.028505385,0.029815912,952,True,6.858565035,7.281163896,Polysemy,V,True,4ntjz706ef,63,84
hail,M1_a_M2_b,hail_M1,They hailed a cab.,http://id.loc.gov/authorities/subjects/sh85122402,Signals and signaling,hail_M2,They hailed a guest.,http://id.loc.gov/authorities/subjects/sh85116911,Salutations,False,6.0,1,0.5132020115852356,,0.294083297,0.092353225,1305,False,7.17395832,7.454643909,Polysemy,V,False,awnat83w0r,117,84
hail,M1_b_M1_a,hail_M1,They hailed a taxi.,http://id.loc.gov/authorities/subjects/sh85122402,Signals and signaling,hail_M1,They hailed a cab.,http://id.loc.gov/authorities/subjects/sh85122402,Signals and signaling,True,0.0,1,0.017852306365966797,,0.028505385,0.029815912,1736,True,7.459338895,7.184842318,Polysemy,V,True,s4hekwenop,37,84
hail,M2_a_M1_a,hail_M2,They hailed a friend.,http://id.loc.gov/authorities/subjects/sh85116911,Salutations,hail_M1,They hailed a cab.,http://id.loc.gov/authorities/subjects/sh85122402,Signals and signaling,False,6.0,1,0.5132020115852356,,0.281277299,0.097313643,699,True,6.549650742,7.184842318,Polysemy,V,False,wo6c5zy1c7,177,84
hail,M1_a_M2_a,hail_M1,They hailed a cab.,http://id.loc.gov/authorities/subjects/sh85122402,Signals and signaling,hail_M2,They hailed a friend.,http://id.loc.gov/authorities/subjects/sh85116911,Salutations,False,6.0,1,0.5132020115852356,,0.281277299,0.097313643,628,True,6.442540166,7.43857709,Polysemy,V,False,9xyz8zlap8,159,84
hail,M2_b_M1_b,hail_M2,They hailed a guest.,http://id.loc.gov/authorities/subjects/sh85116911,Salutations,hail_M1,They hailed a taxi.,http://id.loc.gov/authorities/subjects/sh85122402,Signals and signaling,False,6.0,1,0.5132020115852356,,0.294228375,0.096482575,705,True,6.558197803,7.281163896,Polysemy,V,False,4e6rrg22h5,199,84
hail,M1_b_M2_a,hail_M1,They hailed a taxi.,http://id.loc.gov/authorities/subjects/sh85122402,Signals and signaling,hail_M2,They hailed a friend.,http://id.loc.gov/authorities/subjects/sh85116911,Salutations,False,6.0,1,0.5132020115852356,,0.277096033,0.095104337,866,False,6.763884909,7.43857709,Polysemy,V,False,xxh77u2udt,191,84
hail,M2_a_M2_b,hail_M2,They hailed a friend.,http://id.loc.gov/authorities/subjects/sh85116911,Salutations,hail_M2,They hailed a guest.,http://id.loc.gov/authorities/subjects/sh85116911,Salutations,True,0.0,1,0.028803110122680664,,0.11702776,0.048453987,967,False,6.874198495,7.454643909,Polysemy,V,True,xdapyucpqa,193,84
hail,M1_b_M2_a,hail_M1,They hailed a taxi.,http://id.loc.gov/authorities/subjects/sh85122402,Signals and signaling,hail_M2,They hailed a friend.,http://id.loc.gov/authorities/subjects/sh85116911,Salutations,False,6.0,1,0.5132020115852356,,0.277096033,0.095104337,1011,False,6.918695219,7.43857709,Polysemy,V,False,jrnkr73qqa,131,84
hail,M2_b_M1_b,hail_M2,They hailed a guest.,http://id.loc.gov/authorities/subjects/sh85116911,Salutations,hail_M1,They hailed a taxi.,http://id.loc.gov/authorities/subjects/sh85122402,Signals and signaling,False,6.0,1,0.5132020115852356,,0.294228375,0.096482575,663,True,6.49677499,7.281163896,Polysemy,V,False,rxphbopbuk,185,84
hail,M2_b_M1_b,hail_M2,They hailed a guest.,http://id.loc.gov/authorities/subjects/sh85116911,Salutations,hail_M1,They hailed a taxi.,http://id.loc.gov/authorities/subjects/sh85122402,Signals and signaling,False,6.0,1,0.5132020115852356,,0.294228375,0.096482575,892,True,6.793466133,7.281163896,Polysemy,V,False,kgyhdlaomp,63,84
hail,M2_b_M1_a,hail_M2,They hailed a guest.,http://id.loc.gov/authorities/subjects/sh85116911,Salutations,hail_M1,They hailed a cab.,http://id.loc.gov/authorities/subjects/sh85122402,Signals and signaling,False,6.0,1,0.5132020115852356,,0.294083297,0.092353225,827,True,6.717804695,7.184842318,Polysemy,V,False,pm85lle7oc,67,84
hail,M2_a_M1_a,hail_M2,They hailed a friend.,http://id.loc.gov/authorities/subjects/sh85116911,Salutations,hail_M1,They hailed a cab.,http://id.loc.gov/authorities/subjects/sh85122402,Signals and signaling,False,6.0,1,0.5132020115852356,,0.281277299,0.097313643,679,False,6.520621128,7.184842318,Polysemy,V,False,auc5fln1ss,135,84
hail,M1_a_M1_b,hail_M1,They hailed a cab.,http://id.loc.gov/authorities/subjects/sh85122402,Signals and signaling,hail_M1,They hailed a taxi.,http://id.loc.gov/authorities/subjects/sh85122402,Signals and signaling,True,0.0,1,0.017852306365966797,,0.028505385,0.029815912,3003,True,8.007367068,7.281163896,Polysemy,V,True,4zpuq8ud9x,43,84
hail,M1_a_M1_b,hail_M1,They hailed a cab.,http://id.loc.gov/authorities/subjects/sh85122402,Signals and signaling,hail_M1,They hailed a taxi.,http://id.loc.gov/authorities/subjects/sh85122402,Signals and signaling,True,0.0,1,0.017852306365966797,,0.028505385,0.029815912,1217,True,7.104144093,7.281163896,Polysemy,V,True,nh9sg3fncc,71,84
pick,M2_b_M1_a,pick_M2,He picked his nose.,http://id.loc.gov/authorities/subjects/sh2010012342,Compulsive skin picking,pick_M1,He picked his coffee.,http://id.loc.gov/authorities/subjects/sh85036199,Decision making,False,8.0,0,0.5209730863571167,,0.211315513,0.101501822,1383,True,7.232010332,7.42435348,Polysemy,V,False,u6tgegpyj0,67,72
pick,M1_a_M2_b,pick_M1,He picked his coffee.,http://id.loc.gov/authorities/subjects/sh85036199,Decision making,pick_M2,He picked his nose.,http://id.loc.gov/authorities/subjects/sh2010012342,Compulsive skin picking,False,8.0,0,0.5209730863571167,,0.211315513,0.101501822,860,True,6.756932389,7.166819551,Polysemy,V,False,78f1p4m7t2,235,72
pick,M2_a_M1_b,pick_M2,He picked his scab.,http://id.loc.gov/authorities/subjects/sh2010012342,Compulsive skin picking,pick_M1,He picked his dinner.,http://id.loc.gov/authorities/subjects/sh85036199,Decision making,False,8.0,0,0.5209730863571167,,0.291501582,0.093960941,927,True,6.831953566,7.34236575,Polysemy,V,False,urq6h944hm,225,72
pick,M2_b_M1_b,pick_M2,He picked his nose.,http://id.loc.gov/authorities/subjects/sh2010012342,Compulsive skin picking,pick_M1,He picked his dinner.,http://id.loc.gov/authorities/subjects/sh85036199,Decision making,False,8.0,0,0.5209730863571167,,0.366639793,0.109284937,1107,True,7.009408933,7.34236575,Polysemy,V,False,1vz3fdcvtw,41,72
pick,M2_a_M1_b,pick_M2,He picked his scab.,http://id.loc.gov/authorities/subjects/sh2010012342,Compulsive skin picking,pick_M1,He picked his dinner.,http://id.loc.gov/authorities/subjects/sh85036199,Decision making,False,8.0,0,0.5209730863571167,,0.291501582,0.093960941,1956,True,7.578656851,7.34236575,Polysemy,V,False,wsf5xp226q,79,72
pick,M1_b_M1_a,pick_M1,He picked his dinner.,http://id.loc.gov/authorities/subjects/sh85036199,Decision making,pick_M1,He picked his coffee.,http://id.loc.gov/authorities/subjects/sh85036199,Decision making,True,0.0,1,0.02808701992034912,,0.221626163,0.06498313,2657,True,7.884952946,7.42435348,Polysemy,V,True,9fkbaxk3zu,133,72
pick,M2_a_M1_b,pick_M2,He picked his scab.,http://id.loc.gov/authorities/subjects/sh2010012342,Compulsive skin picking,pick_M1,He picked his dinner.,http://id.loc.gov/authorities/subjects/sh85036199,Decision making,False,8.0,0,0.5209730863571167,,0.291501582,0.093960941,1308,True,7.176254532,7.34236575,Polysemy,V,False,xyokc18f4l,133,72
pick,M2_a_M1_b,pick_M2,He picked his scab.,http://id.loc.gov/authorities/subjects/sh2010012342,Compulsive skin picking,pick_M1,He picked his dinner.,http://id.loc.gov/authorities/subjects/sh85036199,Decision making,False,8.0,0,0.5209730863571167,,0.291501582,0.093960941,788,True,6.66949809,7.34236575,Polysemy,V,False,so1m7krwy9,53,72
pick,M1_b_M2_a,pick_M1,He picked his dinner.,http://id.loc.gov/authorities/subjects/sh85036199,Decision making,pick_M2,He picked his scab.,http://id.loc.gov/authorities/subjects/sh2010012342,Compulsive skin picking,False,8.0,0,0.5209730863571167,,0.291501582,0.093960941,1358,True,7.213768308,7.04456516,Polysemy,V,False,nkwr4ou2vr,139,72
pick,M2_b_M1_a,pick_M2,He picked his nose.,http://id.loc.gov/authorities/subjects/sh2010012342,Compulsive skin picking,pick_M1,He picked his coffee.,http://id.loc.gov/authorities/subjects/sh85036199,Decision making,False,8.0,0,0.5209730863571167,,0.211315513,0.101501822,938,True,6.843749949,7.42435348,Polysemy,V,False,ael4gl3t9n,203,72
pick,M2_b_M1_a,pick_M2,He picked his nose.,http://id.loc.gov/authorities/subjects/sh2010012342,Compulsive skin picking,pick_M1,He picked his coffee.,http://id.loc.gov/authorities/subjects/sh85036199,Decision making,False,8.0,0,0.5209730863571167,,0.211315513,0.101501822,1360,False,7.215239979,7.42435348,Polysemy,V,False,bjdam1cm56,91,72
pick,M2_a_M1_a,pick_M2,He picked his scab.,http://id.loc.gov/authorities/subjects/sh2010012342,Compulsive skin picking,pick_M1,He picked his coffee.,http://id.loc.gov/authorities/subjects/sh85036199,Decision making,False,8.0,0,0.5209730863571167,,0.15991509,0.086674511,1400,False,7.244227516,7.42435348,Polysemy,V,False,gl71hqusr0,161,72
pick,M2_a_M2_b,pick_M2,He picked his scab.,http://id.loc.gov/authorities/subjects/sh2010012342,Compulsive skin picking,pick_M2,He picked his nose.,http://id.loc.gov/authorities/subjects/sh2010012342,Compulsive skin picking,True,0.0,1,0.015171647071838379,,0.156949222,0.058389723,578,False,6.359573869,7.166819551,Polysemy,V,True,b3kl0cgv2r,187,72
pick,M1_b_M2_a,pick_M1,He picked his dinner.,http://id.loc.gov/authorities/subjects/sh85036199,Decision making,pick_M2,He picked his scab.,http://id.loc.gov/authorities/subjects/sh2010012342,Compulsive skin picking,False,8.0,0,0.5209730863571167,,0.291501582,0.093960941,609,True,6.411818268,7.04456516,Polysemy,V,False,ze8q4rklbg,203,72
pick,M2_b_M1_b,pick_M2,He picked his nose.,http://id.loc.gov/authorities/subjects/sh2010012342,Compulsive skin picking,pick_M1,He picked his dinner.,http://id.loc.gov/authorities/subjects/sh85036199,Decision making,False,8.0,0,0.5209730863571167,,0.366639793,0.109284937,2752,False,7.920083199,7.34236575,Polysemy,V,False,xqssc38w0c,179,72
pick,M2_b_M1_a,pick_M2,He picked his nose.,http://id.loc.gov/authorities/subjects/sh2010012342,Compulsive skin picking,pick_M1,He picked his coffee.,http://id.loc.gov/authorities/subjects/sh85036199,Decision making,False,8.0,0,0.5209730863571167,,0.211315513,0.101501822,1195,True,7.085901464,7.42435348,Polysemy,V,False,4c5xx9azr7,137,72
pick,M2_b_M2_a,pick_M2,He picked his nose.,http://id.loc.gov/authorities/subjects/sh2010012342,Compulsive skin picking,pick_M2,He picked his scab.,http://id.loc.gov/authorities/subjects/sh2010012342,Compulsive skin picking,True,0.0,1,0.015171647071838379,,0.156949222,0.058389723,759,True,6.632001777,7.04456516,Polysemy,V,True,h6swhj4mme,163,72
pick,M1_b_M2_b,pick_M1,He picked his dinner.,http://id.loc.gov/authorities/subjects/sh85036199,Decision making,pick_M2,He picked his nose.,http://id.loc.gov/authorities/subjects/sh2010012342,Compulsive skin picking,False,8.0,0,0.5209730863571167,,0.366639793,0.109284937,851,True,6.746412129,7.166819551,Polysemy,V,False,p5fnydw94c,59,72
pick,M1_b_M1_a,pick_M1,He picked his dinner.,http://id.loc.gov/authorities/subjects/sh85036199,Decision making,pick_M1,He picked his coffee.,http://id.loc.gov/authorities/subjects/sh85036199,Decision making,True,0.0,1,0.02808701992034912,,0.221626163,0.06498313,641,True,6.463029457,7.42435348,Polysemy,V,True,dbd0l1933k,197,72
pick,M1_a_M2_b,pick_M1,He picked his coffee.,http://id.loc.gov/authorities/subjects/sh85036199,Decision making,pick_M2,He picked his nose.,http://id.loc.gov/authorities/subjects/sh2010012342,Compulsive skin picking,False,8.0,0,0.5209730863571167,,0.211315513,0.101501822,3573,True,8.181160858,7.166819551,Polysemy,V,False,spkx08cwjj,57,72
pick,M1_a_M2_b,pick_M1,He picked his coffee.,http://id.loc.gov/authorities/subjects/sh85036199,Decision making,pick_M2,He picked his nose.,http://id.loc.gov/authorities/subjects/sh2010012342,Compulsive skin picking,False,8.0,0,0.5209730863571167,,0.211315513,0.101501822,861,True,6.758094504,7.166819551,Polysemy,V,False,36hk5eeq3x,109,72
pick,M2_a_M1_b,pick_M2,He picked his scab.,http://id.loc.gov/authorities/subjects/sh2010012342,Compulsive skin picking,pick_M1,He picked his dinner.,http://id.loc.gov/authorities/subjects/sh85036199,Decision making,False,8.0,0,0.5209730863571167,,0.291501582,0.093960941,1376,True,7.226936018,7.34236575,Polysemy,V,False,flr5bk7hm2,141,72
pick,M2_b_M1_a,pick_M2,He picked his nose.,http://id.loc.gov/authorities/subjects/sh2010012342,Compulsive skin picking,pick_M1,He picked his coffee.,http://id.loc.gov/authorities/subjects/sh85036199,Decision making,False,8.0,0,0.5209730863571167,,0.211315513,0.101501822,692,True,6.539585956,7.42435348,Polysemy,V,False,y8z6hxvply,201,72
pick,M1_b_M2_b,pick_M1,He picked his dinner.,http://id.loc.gov/authorities/subjects/sh85036199,Decision making,pick_M2,He picked his nose.,http://id.loc.gov/authorities/subjects/sh2010012342,Compulsive skin picking,False,8.0,0,0.5209730863571167,,0.366639793,0.109284937,772,True,6.64898455,7.166819551,Polysemy,V,False,wdgq8cekjp,81,72
pick,M1_a_M2_a,pick_M1,He picked his coffee.,http://id.loc.gov/authorities/subjects/sh85036199,Decision making,pick_M2,He picked his scab.,http://id.loc.gov/authorities/subjects/sh2010012342,Compulsive skin picking,False,8.0,0,0.5209730863571167,,0.15991509,0.086674511,1251,True,7.13169851,7.04456516,Polysemy,V,False,3lr2j29be7,43,72
pick,M1_b_M2_b,pick_M1,He picked his dinner.,http://id.loc.gov/authorities/subjects/sh85036199,Decision making,pick_M2,He picked his nose.,http://id.loc.gov/authorities/subjects/sh2010012342,Compulsive skin picking,False,8.0,0,0.5209730863571167,,0.366639793,0.109284937,792,True,6.674561392,7.166819551,Polysemy,V,False,0jrp4p98ro,235,72
pick,M2_b_M2_a,pick_M2,He picked his nose.,http://id.loc.gov/authorities/subjects/sh2010012342,Compulsive skin picking,pick_M2,He picked his scab.,http://id.loc.gov/authorities/subjects/sh2010012342,Compulsive skin picking,True,0.0,1,0.015171647071838379,,0.156949222,0.058389723,766,True,6.64118217,7.04456516,Polysemy,V,True,koccaak1qr,201,72
pick,M1_b_M1_a,pick_M1,He picked his dinner.,http://id.loc.gov/authorities/subjects/sh85036199,Decision making,pick_M1,He picked his coffee.,http://id.loc.gov/authorities/subjects/sh85036199,Decision making,True,0.0,1,0.02808701992034912,,0.221626163,0.06498313,864,True,6.761572769,7.42435348,Polysemy,V,True,69bk8m4fc2,199,72
pick,M2_a_M1_a,pick_M2,He picked his scab.,http://id.loc.gov/authorities/subjects/sh2010012342,Compulsive skin picking,pick_M1,He picked his coffee.,http://id.loc.gov/authorities/subjects/sh85036199,Decision making,False,8.0,0,0.5209730863571167,,0.15991509,0.086674511,849,True,6.744059186,7.42435348,Polysemy,V,False,j9vhr9vzec,193,72
pick,M1_a_M2_a,pick_M1,He picked his coffee.,http://id.loc.gov/authorities/subjects/sh85036199,Decision making,pick_M2,He picked his scab.,http://id.loc.gov/authorities/subjects/sh2010012342,Compulsive skin picking,False,8.0,0,0.5209730863571167,,0.15991509,0.086674511,1571,True,7.359467638,7.04456516,Polysemy,V,False,m3g5101vta,175,72
pick,M2_a_M2_b,pick_M2,He picked his scab.,http://id.loc.gov/authorities/subjects/sh2010012342,Compulsive skin picking,pick_M2,He picked his nose.,http://id.loc.gov/authorities/subjects/sh2010012342,Compulsive skin picking,True,0.0,1,0.015171647071838379,,0.156949222,0.058389723,799,True,6.683360946,7.166819551,Polysemy,V,True,y4puhchaf9,171,72
pick,M1_a_M1_b,pick_M1,He picked his coffee.,http://id.loc.gov/authorities/subjects/sh85036199,Decision making,pick_M1,He picked his dinner.,http://id.loc.gov/authorities/subjects/sh85036199,Decision making,True,0.0,1,0.02808701992034912,,0.221626163,0.06498313,1000,True,6.907755279,7.34236575,Polysemy,V,True,kd178dnoub,81,72
pick,M1_b_M2_a,pick_M1,He picked his dinner.,http://id.loc.gov/authorities/subjects/sh85036199,Decision making,pick_M2,He picked his scab.,http://id.loc.gov/authorities/subjects/sh2010012342,Compulsive skin picking,False,8.0,0,0.5209730863571167,,0.291501582,0.093960941,994,True,6.901737207,7.04456516,Polysemy,V,False,1lzneddpkq,75,72
pick,M2_a_M1_a,pick_M2,He picked his scab.,http://id.loc.gov/authorities/subjects/sh2010012342,Compulsive skin picking,pick_M1,He picked his coffee.,http://id.loc.gov/authorities/subjects/sh85036199,Decision making,False,8.0,0,0.5209730863571167,,0.15991509,0.086674511,864,False,6.761572769,7.42435348,Polysemy,V,False,92yp2w9v56,203,72
pick,M2_a_M2_b,pick_M2,He picked his scab.,http://id.loc.gov/authorities/subjects/sh2010012342,Compulsive skin picking,pick_M2,He picked his nose.,http://id.loc.gov/authorities/subjects/sh2010012342,Compulsive skin picking,True,0.0,1,0.015171647071838379,,0.156949222,0.058389723,802,True,6.687108608,7.166819551,Polysemy,V,True,gdwec44k4r,231,72
pick,M1_a_M2_a,pick_M1,He picked his coffee.,http://id.loc.gov/authorities/subjects/sh85036199,Decision making,pick_M2,He picked his scab.,http://id.loc.gov/authorities/subjects/sh2010012342,Compulsive skin picking,False,8.0,0,0.5209730863571167,,0.15991509,0.086674511,994,True,6.901737207,7.04456516,Polysemy,V,False,z02r2dprrd,45,72
pick,M1_b_M1_a,pick_M1,He picked his dinner.,http://id.loc.gov/authorities/subjects/sh85036199,Decision making,pick_M1,He picked his coffee.,http://id.loc.gov/authorities/subjects/sh85036199,Decision making,True,0.0,1,0.02808701992034912,,0.221626163,0.06498313,1034,True,6.941190055,7.42435348,Polysemy,V,True,tra6y98mle,55,72
pick,M1_b_M1_a,pick_M1,He picked his dinner.,http://id.loc.gov/authorities/subjects/sh85036199,Decision making,pick_M1,He picked his coffee.,http://id.loc.gov/authorities/subjects/sh85036199,Decision making,True,0.0,1,0.02808701992034912,,0.221626163,0.06498313,621,True,6.431331082,7.42435348,Polysemy,V,True,w7t2pcpr1z,161,72
pick,M1_a_M2_b,pick_M1,He picked his coffee.,http://id.loc.gov/authorities/subjects/sh85036199,Decision making,pick_M2,He picked his nose.,http://id.loc.gov/authorities/subjects/sh2010012342,Compulsive skin picking,False,8.0,0,0.5209730863571167,,0.211315513,0.101501822,774,True,6.651571874,7.166819551,Polysemy,V,False,0l5gfo1s81,187,72
pick,M1_a_M2_a,pick_M1,He picked his coffee.,http://id.loc.gov/authorities/subjects/sh85036199,Decision making,pick_M2,He picked his scab.,http://id.loc.gov/authorities/subjects/sh2010012342,Compulsive skin picking,False,8.0,0,0.5209730863571167,,0.15991509,0.086674511,1351,True,7.208600338,7.04456516,Polysemy,V,False,qtxcwuzoo4,79,72
pick,M1_b_M2_a,pick_M1,He picked his dinner.,http://id.loc.gov/authorities/subjects/sh85036199,Decision making,pick_M2,He picked his scab.,http://id.loc.gov/authorities/subjects/sh2010012342,Compulsive skin picking,False,8.0,0,0.5209730863571167,,0.291501582,0.093960941,998,False,6.905753276,7.04456516,Polysemy,V,False,emcqel00x3,83,72
pick,M2_b_M2_a,pick_M2,He picked his nose.,http://id.loc.gov/authorities/subjects/sh2010012342,Compulsive skin picking,pick_M2,He picked his scab.,http://id.loc.gov/authorities/subjects/sh2010012342,Compulsive skin picking,True,0.0,1,0.015171647071838379,,0.156949222,0.058389723,899,True,6.801283034,7.04456516,Polysemy,V,True,ja9zqgwnkl,159,72
pick,M1_a_M2_b,pick_M1,He picked his coffee.,http://id.loc.gov/authorities/subjects/sh85036199,Decision making,pick_M2,He picked his nose.,http://id.loc.gov/authorities/subjects/sh2010012342,Compulsive skin picking,False,8.0,0,0.5209730863571167,,0.211315513,0.101501822,874,True,6.773080376,7.166819551,Polysemy,V,False,zjgl4twyhs,111,72
pick,M1_b_M2_b,pick_M1,He picked his dinner.,http://id.loc.gov/authorities/subjects/sh85036199,Decision making,pick_M2,He picked his nose.,http://id.loc.gov/authorities/subjects/sh2010012342,Compulsive skin picking,False,8.0,0,0.5209730863571167,,0.366639793,0.109284937,734,True,6.598509029,7.166819551,Polysemy,V,False,7hhbw0w7y1,99,72
pick,M1_a_M1_b,pick_M1,He picked his coffee.,http://id.loc.gov/authorities/subjects/sh85036199,Decision making,pick_M1,He picked his dinner.,http://id.loc.gov/authorities/subjects/sh85036199,Decision making,True,0.0,1,0.02808701992034912,,0.221626163,0.06498313,808,True,6.694562059,7.34236575,Polysemy,V,True,ygz7kz72u2,163,72
pick,M2_a_M2_b,pick_M2,He picked his scab.,http://id.loc.gov/authorities/subjects/sh2010012342,Compulsive skin picking,pick_M2,He picked his nose.,http://id.loc.gov/authorities/subjects/sh2010012342,Compulsive skin picking,True,0.0,1,0.015171647071838379,,0.156949222,0.058389723,634,True,6.452048954,7.166819551,Polysemy,V,True,w18v804q9v,119,72
pick,M1_a_M2_a,pick_M1,He picked his coffee.,http://id.loc.gov/authorities/subjects/sh85036199,Decision making,pick_M2,He picked his scab.,http://id.loc.gov/authorities/subjects/sh2010012342,Compulsive skin picking,False,8.0,0,0.5209730863571167,,0.15991509,0.086674511,1046,True,6.952728645,7.04456516,Polysemy,V,False,bqho6xb6vp,249,72
pick,M1_a_M2_a,pick_M1,He picked his coffee.,http://id.loc.gov/authorities/subjects/sh85036199,Decision making,pick_M2,He picked his scab.,http://id.loc.gov/authorities/subjects/sh2010012342,Compulsive skin picking,False,8.0,0,0.5209730863571167,,0.15991509,0.086674511,1768,True,7.477604243,7.04456516,Polysemy,V,False,frqx6vw2d1,51,72
pick,M1_a_M2_a,pick_M1,He picked his coffee.,http://id.loc.gov/authorities/subjects/sh85036199,Decision making,pick_M2,He picked his scab.,http://id.loc.gov/authorities/subjects/sh2010012342,Compulsive skin picking,False,8.0,0,0.5209730863571167,,0.15991509,0.086674511,1390,True,7.237059026,7.04456516,Polysemy,V,False,dthp9ekqaq,109,72
pick,M2_a_M2_b,pick_M2,He picked his scab.,http://id.loc.gov/authorities/subjects/sh2010012342,Compulsive skin picking,pick_M2,He picked his nose.,http://id.loc.gov/authorities/subjects/sh2010012342,Compulsive skin picking,True,0.0,1,0.015171647071838379,,0.156949222,0.058389723,565,True,6.336825731,7.166819551,Polysemy,V,True,3focjo2q2y,175,72
pick,M1_a_M2_b,pick_M1,He picked his coffee.,http://id.loc.gov/authorities/subjects/sh85036199,Decision making,pick_M2,He picked his nose.,http://id.loc.gov/authorities/subjects/sh2010012342,Compulsive skin picking,False,8.0,0,0.5209730863571167,,0.211315513,0.101501822,887,True,6.787844982,7.166819551,Polysemy,V,False,dol693zfl0,69,72
pick,M1_a_M2_b,pick_M1,He picked his coffee.,http://id.loc.gov/authorities/subjects/sh85036199,Decision making,pick_M2,He picked his nose.,http://id.loc.gov/authorities/subjects/sh2010012342,Compulsive skin picking,False,8.0,0,0.5209730863571167,,0.211315513,0.101501822,2145,True,7.670894831,7.166819551,Polysemy,V,False,1qywoodmd2,249,72
pick,M2_b_M2_a,pick_M2,He picked his nose.,http://id.loc.gov/authorities/subjects/sh2010012342,Compulsive skin picking,pick_M2,He picked his scab.,http://id.loc.gov/authorities/subjects/sh2010012342,Compulsive skin picking,True,0.0,1,0.015171647071838379,,0.156949222,0.058389723,1048,True,6.954638865,7.04456516,Polysemy,V,True,rrf38z917v,113,72
pick,M2_a_M1_b,pick_M2,He picked his scab.,http://id.loc.gov/authorities/subjects/sh2010012342,Compulsive skin picking,pick_M1,He picked his dinner.,http://id.loc.gov/authorities/subjects/sh85036199,Decision making,False,8.0,0,0.5209730863571167,,0.291501582,0.093960941,819,True,6.708084084,7.34236575,Polysemy,V,False,dcy113hjjm,65,72
pick,M2_b_M1_a,pick_M2,He picked his nose.,http://id.loc.gov/authorities/subjects/sh2010012342,Compulsive skin picking,pick_M1,He picked his coffee.,http://id.loc.gov/authorities/subjects/sh85036199,Decision making,False,8.0,0,0.5209730863571167,,0.211315513,0.101501822,1041,False,6.947937069,7.42435348,Polysemy,V,False,ea54kkhdyv,131,72
pick,M1_b_M2_b,pick_M1,He picked his dinner.,http://id.loc.gov/authorities/subjects/sh85036199,Decision making,pick_M2,He picked his nose.,http://id.loc.gov/authorities/subjects/sh2010012342,Compulsive skin picking,False,8.0,0,0.5209730863571167,,0.366639793,0.109284937,575,True,6.354370041,7.166819551,Polysemy,V,False,p7h7xsjj50,231,72
pick,M2_b_M1_a,pick_M2,He picked his nose.,http://id.loc.gov/authorities/subjects/sh2010012342,Compulsive skin picking,pick_M1,He picked his coffee.,http://id.loc.gov/authorities/subjects/sh85036199,Decision making,False,8.0,0,0.5209730863571167,,0.211315513,0.101501822,1017,False,6.924612396,7.42435348,Polysemy,V,False,g3flm4j14z,215,72
pick,M1_a_M2_b,pick_M1,He picked his coffee.,http://id.loc.gov/authorities/subjects/sh85036199,Decision making,pick_M2,He picked his nose.,http://id.loc.gov/authorities/subjects/sh2010012342,Compulsive skin picking,False,8.0,0,0.5209730863571167,,0.211315513,0.101501822,632,True,6.448889394,7.166819551,Polysemy,V,False,864zg5t8jb,91,72
pick,M1_b_M2_b,pick_M1,He picked his dinner.,http://id.loc.gov/authorities/subjects/sh85036199,Decision making,pick_M2,He picked his nose.,http://id.loc.gov/authorities/subjects/sh2010012342,Compulsive skin picking,False,8.0,0,0.5209730863571167,,0.366639793,0.109284937,843,True,6.736966958,7.166819551,Polysemy,V,False,7poq0nl7yt,65,72
pick,M1_b_M1_a,pick_M1,He picked his dinner.,http://id.loc.gov/authorities/subjects/sh85036199,Decision making,pick_M1,He picked his coffee.,http://id.loc.gov/authorities/subjects/sh85036199,Decision making,True,0.0,1,0.02808701992034912,,0.221626163,0.06498313,1128,False,7.028201432,7.42435348,Polysemy,V,True,kcv5v2zj80,139,72
pick,M2_a_M2_b,pick_M2,He picked his scab.,http://id.loc.gov/authorities/subjects/sh2010012342,Compulsive skin picking,pick_M2,He picked his nose.,http://id.loc.gov/authorities/subjects/sh2010012342,Compulsive skin picking,True,0.0,1,0.015171647071838379,,0.156949222,0.058389723,934,True,6.839476438,7.166819551,Polysemy,V,True,skb4uv2kf9,37,72
pick,M2_b_M1_b,pick_M2,He picked his nose.,http://id.loc.gov/authorities/subjects/sh2010012342,Compulsive skin picking,pick_M1,He picked his dinner.,http://id.loc.gov/authorities/subjects/sh85036199,Decision making,False,8.0,0,0.5209730863571167,,0.366639793,0.109284937,1040,True,6.946975992,7.34236575,Polysemy,V,False,246unkcyak,45,72
pick,M1_b_M2_b,pick_M1,He picked his dinner.,http://id.loc.gov/authorities/subjects/sh85036199,Decision making,pick_M2,He picked his nose.,http://id.loc.gov/authorities/subjects/sh2010012342,Compulsive skin picking,False,8.0,0,0.5209730863571167,,0.366639793,0.109284937,826,True,6.716594774,7.166819551,Polysemy,V,False,34628l2rmq,99,72
pick,M1_a_M1_b,pick_M1,He picked his coffee.,http://id.loc.gov/authorities/subjects/sh85036199,Decision making,pick_M1,He picked his dinner.,http://id.loc.gov/authorities/subjects/sh85036199,Decision making,True,0.0,1,0.02808701992034912,,0.221626163,0.06498313,985,True,6.892641641,7.34236575,Polysemy,V,True,02cpp7rcbk,61,72
pick,M1_b_M2_b,pick_M1,He picked his dinner.,http://id.loc.gov/authorities/subjects/sh85036199,Decision making,pick_M2,He picked his nose.,http://id.loc.gov/authorities/subjects/sh2010012342,Compulsive skin picking,False,8.0,0,0.5209730863571167,,0.366639793,0.109284937,1309,True,7.177018766,7.166819551,Polysemy,V,False,11pz67y2jv,53,72
pick,M2_b_M2_a,pick_M2,He picked his nose.,http://id.loc.gov/authorities/subjects/sh2010012342,Compulsive skin picking,pick_M2,He picked his scab.,http://id.loc.gov/authorities/subjects/sh2010012342,Compulsive skin picking,True,0.0,1,0.015171647071838379,,0.156949222,0.058389723,824,True,6.71417053,7.04456516,Polysemy,V,True,tzstmyxntu,179,72
pick,M1_b_M2_a,pick_M1,He picked his dinner.,http://id.loc.gov/authorities/subjects/sh85036199,Decision making,pick_M2,He picked his scab.,http://id.loc.gov/authorities/subjects/sh2010012342,Compulsive skin picking,False,8.0,0,0.5209730863571167,,0.291501582,0.093960941,2519,True,7.831617276,7.04456516,Polysemy,V,False,3uxmxe02py,37,72
pick,M2_a_M1_a,pick_M2,He picked his scab.,http://id.loc.gov/authorities/subjects/sh2010012342,Compulsive skin picking,pick_M1,He picked his coffee.,http://id.loc.gov/authorities/subjects/sh85036199,Decision making,False,8.0,0,0.5209730863571167,,0.15991509,0.086674511,794,True,6.677083461,7.42435348,Polysemy,V,False,cpjzep1zv0,215,72
pick,M1_b_M2_b,pick_M1,He picked his dinner.,http://id.loc.gov/authorities/subjects/sh85036199,Decision making,pick_M2,He picked his nose.,http://id.loc.gov/authorities/subjects/sh2010012342,Compulsive skin picking,False,8.0,0,0.5209730863571167,,0.366639793,0.109284937,778,True,6.656726524,7.166819551,Polysemy,V,False,du57z90equ,39,72
pick,M1_b_M1_a,pick_M1,He picked his dinner.,http://id.loc.gov/authorities/subjects/sh85036199,Decision making,pick_M1,He picked his coffee.,http://id.loc.gov/authorities/subjects/sh85036199,Decision making,True,0.0,1,0.02808701992034912,,0.221626163,0.06498313,1140,False,7.038783541,7.42435348,Polysemy,V,True,jwcxuk91x6,207,72
pick,M2_b_M2_a,pick_M2,He picked his nose.,http://id.loc.gov/authorities/subjects/sh2010012342,Compulsive skin picking,pick_M2,He picked his scab.,http://id.loc.gov/authorities/subjects/sh2010012342,Compulsive skin picking,True,0.0,1,0.015171647071838379,,0.156949222,0.058389723,1057,True,6.963189986,7.04456516,Polysemy,V,True,y52zt9vjyf,205,72
pick,M2_b_M1_b,pick_M2,He picked his nose.,http://id.loc.gov/authorities/subjects/sh2010012342,Compulsive skin picking,pick_M1,He picked his dinner.,http://id.loc.gov/authorities/subjects/sh85036199,Decision making,False,8.0,0,0.5209730863571167,,0.366639793,0.109284937,762,True,6.635946556,7.34236575,Polysemy,V,False,ctcq5oob70,199,72
pick,M2_b_M1_b,pick_M2,He picked his nose.,http://id.loc.gov/authorities/subjects/sh2010012342,Compulsive skin picking,pick_M1,He picked his dinner.,http://id.loc.gov/authorities/subjects/sh85036199,Decision making,False,8.0,0,0.5209730863571167,,0.366639793,0.109284937,743,True,6.610696045,7.34236575,Polysemy,V,False,xdomj2pout,177,72
pick,M1_b_M2_a,pick_M1,He picked his dinner.,http://id.loc.gov/authorities/subjects/sh85036199,Decision making,pick_M2,He picked his scab.,http://id.loc.gov/authorities/subjects/sh2010012342,Compulsive skin picking,False,8.0,0,0.5209730863571167,,0.291501582,0.093960941,1052,True,6.958448393,7.04456516,Polysemy,V,False,meaaxoxjw2,77,72
pick,M1_b_M2_b,pick_M1,He picked his dinner.,http://id.loc.gov/authorities/subjects/sh85036199,Decision making,pick_M2,He picked his nose.,http://id.loc.gov/authorities/subjects/sh2010012342,Compulsive skin picking,False,8.0,0,0.5209730863571167,,0.366639793,0.109284937,1316,True,7.182352112,7.166819551,Polysemy,V,False,tb47bk2csv,105,72
pick,M1_b_M2_a,pick_M1,He picked his dinner.,http://id.loc.gov/authorities/subjects/sh85036199,Decision making,pick_M2,He picked his scab.,http://id.loc.gov/authorities/subjects/sh2010012342,Compulsive skin picking,False,8.0,0,0.5209730863571167,,0.291501582,0.093960941,904,True,6.80682936,7.04456516,Polysemy,V,False,kzt7mhlhq0,77,72
pick,M2_a_M1_b,pick_M2,He picked his scab.,http://id.loc.gov/authorities/subjects/sh2010012342,Compulsive skin picking,pick_M1,He picked his dinner.,http://id.loc.gov/authorities/subjects/sh85036199,Decision making,False,8.0,0,0.5209730863571167,,0.291501582,0.093960941,1747,True,7.46565531,7.34236575,Polysemy,V,False,3mb5qrf7ny,171,72
pick,M2_b_M1_a,pick_M2,He picked his nose.,http://id.loc.gov/authorities/subjects/sh2010012342,Compulsive skin picking,pick_M1,He picked his coffee.,http://id.loc.gov/authorities/subjects/sh85036199,Decision making,False,8.0,0,0.5209730863571167,,0.211315513,0.101501822,580,True,6.363028104,7.42435348,Polysemy,V,False,phcg9go4je,159,72
pick,M1_a_M1_b,pick_M1,He picked his coffee.,http://id.loc.gov/authorities/subjects/sh85036199,Decision making,pick_M1,He picked his dinner.,http://id.loc.gov/authorities/subjects/sh85036199,Decision making,True,0.0,1,0.02808701992034912,,0.221626163,0.06498313,933,True,6.838405201,7.34236575,Polysemy,V,True,z2n4w2lvuj,185,72
pick,M2_a_M2_b,pick_M2,He picked his scab.,http://id.loc.gov/authorities/subjects/sh2010012342,Compulsive skin picking,pick_M2,He picked his nose.,http://id.loc.gov/authorities/subjects/sh2010012342,Compulsive skin picking,True,0.0,1,0.015171647071838379,,0.156949222,0.058389723,782,True,6.661854741,7.166819551,Polysemy,V,True,rgkj29k85f,89,72
pick,M1_b_M2_a,pick_M1,He picked his dinner.,http://id.loc.gov/authorities/subjects/sh85036199,Decision making,pick_M2,He picked his scab.,http://id.loc.gov/authorities/subjects/sh2010012342,Compulsive skin picking,False,8.0,0,0.5209730863571167,,0.291501582,0.093960941,1134,True,7.033506484,7.04456516,Polysemy,V,False,kzat707d4c,63,72
pick,M1_a_M2_b,pick_M1,He picked his coffee.,http://id.loc.gov/authorities/subjects/sh85036199,Decision making,pick_M2,He picked his nose.,http://id.loc.gov/authorities/subjects/sh2010012342,Compulsive skin picking,False,8.0,0,0.5209730863571167,,0.211315513,0.101501822,810,True,6.697034248,7.166819551,Polysemy,V,False,zc0tcyzalc,183,72
pick,M2_a_M1_a,pick_M2,He picked his scab.,http://id.loc.gov/authorities/subjects/sh2010012342,Compulsive skin picking,pick_M1,He picked his coffee.,http://id.loc.gov/authorities/subjects/sh85036199,Decision making,False,8.0,0,0.5209730863571167,,0.15991509,0.086674511,880,False,6.779921907,7.42435348,Polysemy,V,False,11s3zyvhm4,185,72
pick,M2_b_M1_a,pick_M2,He picked his nose.,http://id.loc.gov/authorities/subjects/sh2010012342,Compulsive skin picking,pick_M1,He picked his coffee.,http://id.loc.gov/authorities/subjects/sh85036199,Decision making,False,8.0,0,0.5209730863571167,,0.211315513,0.101501822,1343,False,7.202661197,7.42435348,Polysemy,V,False,abcwwk8j44,69,72
pick,M1_b_M1_a,pick_M1,He picked his dinner.,http://id.loc.gov/authorities/subjects/sh85036199,Decision making,pick_M1,He picked his coffee.,http://id.loc.gov/authorities/subjects/sh85036199,Decision making,True,0.0,1,0.02808701992034912,,0.221626163,0.06498313,1391,True,7.237778192,7.42435348,Polysemy,V,True,s4hekwenop,239,72
pick,M2_a_M1_b,pick_M2,He picked his scab.,http://id.loc.gov/authorities/subjects/sh2010012342,Compulsive skin picking,pick_M1,He picked his dinner.,http://id.loc.gov/authorities/subjects/sh85036199,Decision making,False,8.0,0,0.5209730863571167,,0.291501582,0.093960941,795,True,6.678342115,7.34236575,Polysemy,V,False,wo6c5zy1c7,137,72
pick,M2_b_M1_b,pick_M2,He picked his nose.,http://id.loc.gov/authorities/subjects/sh2010012342,Compulsive skin picking,pick_M1,He picked his dinner.,http://id.loc.gov/authorities/subjects/sh85036199,Decision making,False,8.0,0,0.5209730863571167,,0.366639793,0.109284937,898,True,6.800170068,7.34236575,Polysemy,V,False,6lbv5uhykm,125,72
pick,M2_a_M1_b,pick_M2,He picked his scab.,http://id.loc.gov/authorities/subjects/sh2010012342,Compulsive skin picking,pick_M1,He picked his dinner.,http://id.loc.gov/authorities/subjects/sh85036199,Decision making,False,8.0,0,0.5209730863571167,,0.291501582,0.093960941,1550,True,7.34601021,7.34236575,Polysemy,V,False,68a6hn4uvz,119,72
pick,M2_a_M1_a,pick_M2,He picked his scab.,http://id.loc.gov/authorities/subjects/sh2010012342,Compulsive skin picking,pick_M1,He picked his coffee.,http://id.loc.gov/authorities/subjects/sh85036199,Decision making,False,8.0,0,0.5209730863571167,,0.15991509,0.086674511,784,True,6.66440902,7.42435348,Polysemy,V,False,r1c2epbxzl,221,72
pick,M2_a_M1_b,pick_M2,He picked his scab.,http://id.loc.gov/authorities/subjects/sh2010012342,Compulsive skin picking,pick_M1,He picked his dinner.,http://id.loc.gov/authorities/subjects/sh85036199,Decision making,False,8.0,0,0.5209730863571167,,0.291501582,0.093960941,1207,True,7.095893221,7.34236575,Polysemy,V,False,vc2ac751cz,241,72
pick,M2_b_M2_a,pick_M2,He picked his nose.,http://id.loc.gov/authorities/subjects/sh2010012342,Compulsive skin picking,pick_M2,He picked his scab.,http://id.loc.gov/authorities/subjects/sh2010012342,Compulsive skin picking,True,0.0,1,0.015171647071838379,,0.156949222,0.058389723,805,False,6.690842277,7.04456516,Polysemy,V,True,4suqxr8zom,189,72
pick,M1_b_M1_a,pick_M1,He picked his dinner.,http://id.loc.gov/authorities/subjects/sh85036199,Decision making,pick_M1,He picked his coffee.,http://id.loc.gov/authorities/subjects/sh85036199,Decision making,True,0.0,1,0.02808701992034912,,0.221626163,0.06498313,828,True,6.719013154,7.42435348,Polysemy,V,True,xxh77u2udt,149,72
pick,M2_a_M1_b,pick_M2,He picked his scab.,http://id.loc.gov/authorities/subjects/sh2010012342,Compulsive skin picking,pick_M1,He picked his dinner.,http://id.loc.gov/authorities/subjects/sh85036199,Decision making,False,8.0,0,0.5209730863571167,,0.291501582,0.093960941,687,True,6.532334292,7.34236575,Polysemy,V,False,jls43v8rj0,159,72
pick,M2_a_M2_b,pick_M2,He picked his scab.,http://id.loc.gov/authorities/subjects/sh2010012342,Compulsive skin picking,pick_M2,He picked his nose.,http://id.loc.gov/authorities/subjects/sh2010012342,Compulsive skin picking,True,0.0,1,0.015171647071838379,,0.156949222,0.058389723,755,True,6.626717749,7.166819551,Polysemy,V,True,ne1wq8w4qw,33,72
pick,M2_a_M2_b,pick_M2,He picked his scab.,http://id.loc.gov/authorities/subjects/sh2010012342,Compulsive skin picking,pick_M2,He picked his nose.,http://id.loc.gov/authorities/subjects/sh2010012342,Compulsive skin picking,True,0.0,1,0.015171647071838379,,0.156949222,0.058389723,538,True,6.28785856,7.166819551,Polysemy,V,True,xdapyucpqa,103,72
pick,M2_a_M2_b,pick_M2,He picked his scab.,http://id.loc.gov/authorities/subjects/sh2010012342,Compulsive skin picking,pick_M2,He picked his nose.,http://id.loc.gov/authorities/subjects/sh2010012342,Compulsive skin picking,True,0.0,1,0.015171647071838379,,0.156949222,0.058389723,749,True,6.618738984,7.166819551,Polysemy,V,True,kdxs9d2gww,195,72
pick,M1_b_M1_a,pick_M1,He picked his dinner.,http://id.loc.gov/authorities/subjects/sh85036199,Decision making,pick_M1,He picked his coffee.,http://id.loc.gov/authorities/subjects/sh85036199,Decision making,True,0.0,1,0.02808701992034912,,0.221626163,0.06498313,1179,True,7.072421901,7.42435348,Polysemy,V,True,jrnkr73qqa,77,72
pick,M1_a_M2_b,pick_M1,He picked his coffee.,http://id.loc.gov/authorities/subjects/sh85036199,Decision making,pick_M2,He picked his nose.,http://id.loc.gov/authorities/subjects/sh2010012342,Compulsive skin picking,False,8.0,0,0.5209730863571167,,0.211315513,0.101501822,913,True,6.816735881,7.166819551,Polysemy,V,False,rxphbopbuk,85,72
pick,M2_a_M2_b,pick_M2,He picked his scab.,http://id.loc.gov/authorities/subjects/sh2010012342,Compulsive skin picking,pick_M2,He picked his nose.,http://id.loc.gov/authorities/subjects/sh2010012342,Compulsive skin picking,True,0.0,1,0.015171647071838379,,0.156949222,0.058389723,676,True,6.516193076,7.166819551,Polysemy,V,True,etthd39jyc,213,72
pick,M2_b_M1_b,pick_M2,He picked his nose.,http://id.loc.gov/authorities/subjects/sh2010012342,Compulsive skin picking,pick_M1,He picked his dinner.,http://id.loc.gov/authorities/subjects/sh85036199,Decision making,False,8.0,0,0.5209730863571167,,0.366639793,0.109284937,738,True,6.603943825,7.34236575,Polysemy,V,False,pm85lle7oc,163,72
pick,M2_a_M2_b,pick_M2,He picked his scab.,http://id.loc.gov/authorities/subjects/sh2010012342,Compulsive skin picking,pick_M2,He picked his nose.,http://id.loc.gov/authorities/subjects/sh2010012342,Compulsive skin picking,True,0.0,1,0.015171647071838379,,0.156949222,0.058389723,522,True,6.257667588,7.166819551,Polysemy,V,True,auc5fln1ss,169,72
pick,M1_a_M2_a,pick_M1,He picked his coffee.,http://id.loc.gov/authorities/subjects/sh85036199,Decision making,pick_M2,He picked his scab.,http://id.loc.gov/authorities/subjects/sh2010012342,Compulsive skin picking,False,8.0,0,0.5209730863571167,,0.15991509,0.086674511,846,True,6.74051936,7.04456516,Polysemy,V,False,nh9sg3fncc,207,72
pick,M2_b_M1_a,pick_M2,He picked his nose.,http://id.loc.gov/authorities/subjects/sh2010012342,Compulsive skin picking,pick_M1,He picked his coffee.,http://id.loc.gov/authorities/subjects/sh85036199,Decision making,False,8.0,0,0.5209730863571167,,0.211315513,0.101501822,1507,True,7.317876199,7.42435348,Polysemy,V,False,sufdrtgf9g,141,72
